Grid spacing:     1.200
Angle step:    15.000
Initial rotation:     0.00000   0.00000   0.00000
6VZX_lys_site.pdb      28.045     9.673     8.401
R5_LOX169_417_active.pdb       1.906    -7.594    -7.609
   2.55841   0.89276   3.98505    26.025    -5.201    15.082   -291.61     34.64      1.00
   0.26211   1.66468   2.10413    36.604     7.932    34.341   -289.70     61.09      1.00
   0.82395   1.39033   1.81085    28.023    23.587    39.326   -277.19     62.16      1.00
   4.16366   1.81273   4.45460    23.375    27.149    -5.654   -270.02     40.77      1.00
   0.30096   1.33632   1.87150    31.378     7.534    30.907   -268.03     56.13      1.00
   2.73904   1.01562   3.97582    24.177    -4.925    11.390   -267.22     32.78      1.00
   0.22936   1.44634   1.95374    32.198     6.955    31.423   -263.49     56.80      1.00
   1.58682   0.54453   4.48720    32.865     0.131    29.233   -260.84     44.09      1.00
  -0.06786   1.85270   2.17714    34.313     0.868    30.567   -260.65     57.52      1.00
   2.10498   0.71079   4.15729    28.528    -4.742    22.428   -257.14     38.51      1.00
   0.49479   1.53277   2.02385    36.972    13.754    36.014   -255.18     62.96      1.00
   0.48897   1.54793   2.02399    38.120    13.336    36.091   -253.14     63.63      1.00
   2.82472   1.05902   3.98114    22.910    -4.606     9.643   -252.98     31.63      1.00
   0.00603   1.47288   2.01677    30.191     3.157    28.163   -251.95     53.67      1.00
   4.72564   2.65189   1.35493    20.052    -1.101     4.073   -251.92     40.74      1.00
   6.17827   1.87183   2.18332    33.706     0.231    29.725   -251.54     56.76      1.00
   3.65242   2.40852   0.99726    26.372    13.024    -8.070   -249.60     46.75      1.00
   2.27190   0.86633   3.91962    42.631     1.434    20.079   -247.38     49.02      1.00
   2.01033   0.60374   4.24283    30.569    -2.599    25.066   -246.09     40.79      1.00
   4.13014   1.78002   4.13473    22.213    20.744    -5.891   -245.99     37.53      1.00
  -0.04771   1.50576   2.04551    30.129     2.444    27.401   -241.99     53.27      1.00
   5.01179   1.72555   5.00546    25.999    40.192     9.875   -241.83     49.50      1.00
   2.14214   1.39956   1.17216    32.231    40.521    14.904   -241.79     62.34      1.00
   2.04213   0.63452   4.23320    29.885    -3.004    24.605   -240.80     40.23      1.00
   1.35240   0.60465   4.75619    22.051     1.543    35.675   -240.77     41.94      1.00
   2.42396   1.37248   1.08453    30.551    40.512     9.917   -240.07     60.13      1.00
   4.41617   1.76827   4.24010    13.535    25.943    -1.806   -239.42     35.34      1.00
   3.37159   1.30595   4.05449     6.187     3.343     4.194   -238.94     22.82      1.00
   5.79191   1.63632   5.30896    29.656    37.707    23.114   -238.77     52.59      1.00
   4.44589   1.77962   4.26617    13.838    26.359    -1.560   -238.60     35.70      1.00
   4.95591   1.73824   4.97452    25.456    39.661     8.709   -238.32     48.79      1.00
   0.43423   1.84190   2.33150    27.949     4.632    35.035   -238.20     56.47      1.00
   0.51508   1.79349   2.32106    28.654     6.341    35.581   -237.90     57.23      1.00
   2.93357   1.41547   3.98120    25.321    -0.881     9.148   -237.33     35.04      1.00
   0.57886   1.28158   1.74172    32.676    12.875    33.085   -236.82     58.86      1.00
   5.12364   2.88704   1.46958    30.938    -7.359     9.857   -236.34     48.69      1.00
   3.35704   3.04892   5.81181    26.301    -4.011     9.599   -235.98     44.78      1.00
   4.22821   2.59390   1.30845    19.552     4.908    -1.466   -235.67     40.94      1.00
   2.97800   0.77750   3.99701    25.057    -5.009    12.664   -235.51     34.09      1.00
   3.52136   3.01891   5.99913    25.689    -3.813     9.029   -235.17     44.29      1.00
   4.71582   2.61411   1.63651    11.809    -1.342     6.824   -234.95     37.66      1.00
   1.50865   0.59893   4.68650    21.673     0.090    34.277   -234.68     40.90      1.00
   3.47486   1.58421   4.25636    23.346    12.360    -7.753   -234.30     34.65      1.00
   4.77922   1.02517   5.59520    26.317     3.574    16.886   -234.18     38.96      1.00
   3.40092   2.33240   0.89604    25.575    16.715    -8.549   -233.52     47.41      1.00
   0.99798   1.32639   1.84904    28.328    24.353    38.284   -233.41     62.13      1.00
   4.55562   1.86031   4.67127    24.073    33.444    -0.827   -233.39     44.20      1.00
   2.62923   1.95570   0.90339    16.780    35.222     5.280   -232.91     50.94      1.00
   5.02498   2.36275   1.96065    24.542    -5.512     8.319   -232.68     44.41      1.00
   2.24005   1.48229   0.99895    20.285    40.242    14.032   -232.55     56.39      1.00
   5.22288   1.86619   4.80859    27.167    39.359     7.449   -232.46     49.95      1.00
   4.04972   0.55181   6.09179    38.562    15.480    44.335   -232.37     66.61      1.00
   3.99250   0.32977   6.23324    38.921     9.309    42.296   -231.75     64.57      1.00
   5.61425   1.41821   5.26975    31.090    38.111    26.049   -231.42     54.33      1.00
   5.25791   1.86148   4.82032    27.161    39.528     8.099   -230.78     50.12      1.00
   3.29233   1.50439   4.12951    24.762     7.293    -6.417   -230.41     33.91      1.00
   6.00113   1.09023   5.34343    34.311    29.064    35.355   -229.76     55.21      1.00
   5.72905   2.03809   2.34507    21.357    -1.677    14.991   -229.45     44.18      1.00
   2.18680   0.90944   3.89661    43.445     3.204    21.549   -228.93     50.42      1.00
   0.23984   0.92159   5.45690    32.837    21.391    36.866   -228.92     51.99      1.00
   4.83615   0.97836   5.62415    26.045     3.173    16.297   -228.63     38.09      1.00
   2.52421   1.39621   1.04468    30.503    39.820     7.890   -228.52     59.36      1.00
   3.00065   3.13664   5.38136    27.771    -4.327    10.595   -227.72     45.89      1.00
   0.38640  -0.05710   3.68383    38.091     1.391    39.179   -227.41     61.59      1.00
   4.16814   2.62829   0.94969    11.864     3.608     2.710   -226.98     36.93      1.00
   2.67466   2.05005   0.88193    15.711    34.259     5.858   -226.81     50.22      1.00
   1.13905   1.31378   1.62473    26.487    29.576    36.631   -226.75     62.21      1.00
   3.20552   0.82401   3.80124    21.484    -3.985    10.224   -225.92     30.60      1.00
   0.21688   2.01752   2.45130     5.639     0.144    39.192   -225.79     51.64      1.00
   5.23551   2.62766   1.60933    24.022    -4.699     8.129   -225.62     43.59      1.00
   0.65220   0.96664   1.29514    31.947     0.614    27.383   -225.08     54.53      1.00
   0.38515   0.81511   5.54060    51.932    15.075    29.553   -224.78     60.57      1.00
   0.10397   0.94371   5.44048    33.821    22.753    36.927   -224.42     52.98      1.00
   3.37617   1.36065   4.08679     6.983     3.639     4.103   -224.23     23.55      1.00
   0.03165   2.22771   2.34499    24.353    -3.343    24.898   -224.00     49.69      1.00
   0.27144   0.90745   5.44466    32.554    21.009    36.839   -223.97     51.69      1.00
   4.85375   2.38965   1.87366    24.034    -4.848     5.642   -223.43     43.59      1.00
   1.06680   0.33829   3.11585    24.491    -8.869    34.481   -223.43     52.85      1.00
   4.83582   1.89728   4.78702    23.632    36.870     3.687   -223.12     46.02      1.00
   0.40097   1.56249   2.01029    30.056    13.638    40.567   -223.07     61.36      1.00
   2.61515   1.80714   0.88590    17.171    35.806     3.527   -222.99     51.01      1.00
   4.74758   1.08244   5.56676    27.380     3.647    17.620   -222.26     40.24      1.00
   0.59316   0.96464   1.34351    31.762     0.037    26.650   -222.20     54.04      1.00
   5.28883   0.79557   2.00457    30.650    27.196    46.732   -222.19     66.80      1.00
   1.13869   1.33005   1.67235    46.799    30.092    28.983   -221.86     70.86      1.00
   3.24981   2.27306   0.90822    16.529    19.521    -5.738   -221.76     42.99      1.00
   3.99191   1.09502   3.39012    10.249     4.293     1.897   -221.76     23.84      1.00
   0.82442   1.00729   1.14756    32.390     2.879    29.637   -221.43     55.98      1.00
   1.23745   0.60639   3.86943    17.874    18.984     4.528   -221.03     30.75      1.00
   6.08130   1.59156   2.11245    29.322     0.440    25.754   -221.01     52.01      1.00
   2.07417   3.11629   4.49565    27.410    -4.687    11.607   -220.99     46.02      1.00
   2.00128   1.38391   1.20574    32.288    40.956    17.306   -220.76     63.21      1.00
   0.49437   0.86966   5.42539    36.949    16.399    35.790   -220.33     52.83      1.00
   3.74102   2.84677   6.40031    23.875    -3.263     5.954   -220.31     42.82      1.00
   5.54907   2.13746   2.30594    20.494    -1.157    11.802   -220.27     42.75      1.00
   2.72137   2.37711   3.99470     1.286     6.261     4.064   -220.02     31.60      1.00
   3.82583   2.97780   0.00368    26.010    -3.829     8.004   -219.58     44.17      1.00
   1.53936   1.63118   1.05227    13.720    16.436    -1.132   -219.48     41.61      1.00
   5.10603   2.26868   2.05687    23.538    -4.329     8.688   -219.39     43.59      1.00
   4.44598   2.61588   1.46004    10.807     0.545     4.398   -219.32     36.85      1.00
   2.08843   1.17634   1.34903    32.010    39.253    20.313   -219.28     62.39      1.00
   4.79045   2.21770   4.15234     8.249    35.614     8.410   -219.01     41.84      1.00
   2.20054   1.60164   1.00164    19.583    39.485    13.600   -218.88     55.66      1.00
   5.81953   1.96451   2.34354    21.890    -1.509    17.135   -218.80     45.11      1.00
   0.31014   1.47321   5.97379    15.236    14.883     3.945   -218.53     29.69      1.00
   3.12579   0.80728   3.94461    22.960    -4.688    10.207   -217.92     32.04      1.00
   5.36570   2.21306   2.21955    20.441    -0.655     9.004   -217.91     41.93      1.00
   4.14258   1.32620   3.44393     8.581     9.179     0.592   -217.88     25.55      1.00
   1.41641   0.67447   3.75109    17.376    20.355     4.694   -217.56     31.55      1.00
   3.90636   1.60683   4.00542    21.978    14.723    -6.616   -217.30     34.85      1.00
   1.07906   0.56280   3.98880    18.868    17.778     4.316   -217.29     30.40      1.00
   4.23124   1.82686   4.28774    12.297    22.889    -1.434   -217.27     33.05      1.00
   6.02729   1.46594   5.39299    39.605    35.229    26.054   -217.20     57.98      1.00
   5.83390   1.97671   2.36320    21.716    -1.867    16.732   -216.96     45.00      1.00
   2.10232   1.16539   4.09734    -2.195    21.044     4.778   -216.88     28.95      1.00
   1.13631   0.54476   3.14060    22.633   -11.765    28.921   -216.33     49.43      1.00
  -0.03986   0.92742   5.31759    35.276    23.604    37.010   -216.19     54.27      1.00
   5.70426   1.42018   5.23614    20.781    37.343    29.108   -215.97     50.44      1.00
   4.87534   1.91116   4.61969    25.846    36.789     2.196   -215.73     47.55      1.00
   1.18973   1.23074   2.50333    42.724    26.929    31.842   -215.72     66.32      1.00
   2.95096   2.36548   1.12822    17.071    -4.118    19.613   -215.61     46.75      1.00
   5.42109   0.72841   1.87608    29.814    30.238    45.861   -215.58     66.75      1.00
   4.34831   1.79245   4.75327    15.818    26.681    -0.578   -215.54     36.29      1.00
   4.40108   1.97939   3.81302    11.686    29.181     0.351   -215.47     37.60      1.00
   0.90931   1.18929   1.52045    31.086    19.574    34.215   -215.45     60.14      1.00
   5.96543   1.54391   5.26430    23.449    36.542    30.591   -215.41     52.04      1.00
   1.01128   0.52660   4.02507    18.816    17.127     4.078   -215.40     29.96      1.00
   1.81758   0.71744   4.21036    42.519     2.808    25.771   -215.06     50.48      1.00
   4.06585   1.82234   3.83238    40.452    22.636   -12.401   -214.93     52.92      1.00
   3.07210   3.13504   5.43344     5.380    -4.866    19.636   -214.88     40.49      1.00
   0.77155   1.25335   1.68331    33.094    16.411    34.073   -214.44     60.46      1.00
   5.59505   1.94732   2.15010    28.059    -4.335    17.986   -214.11     48.44      1.00
  -0.48874   1.22510   5.32048    33.298    33.912    32.535   -214.01     55.78      1.00
   0.39367   1.10431   1.55528    12.416    -3.066    31.216   -213.82     46.63      1.00
   1.63064   0.48557   3.73262    34.626    31.317    30.421   -213.63     55.20      1.00
   1.00837   1.76027   2.80032    42.194    10.403    31.564   -213.47     62.42      1.00
   3.59629   0.76653   3.68390    10.863    -1.276    23.300   -213.26     33.47      1.00
   1.53108   0.34306   4.89373    56.317     0.339    17.066   -213.17     59.50      1.00
   5.45327   2.06059   2.11207    27.633    -5.318    15.095   -213.12     47.42      1.00
   0.86261   1.01887   1.15477    32.073     3.171    30.078   -213.01     56.19      1.00
   0.74281   1.50531   0.54589    17.541    35.267    -4.787   -212.60     48.90      1.00
   5.13535   0.84770   5.52118    25.282     2.601    14.604   -212.57     35.63      1.00
   5.86898   2.51816   2.23924    19.238    -4.897    16.131   -212.47     43.91      1.00
   1.47690   1.19870   4.66153    18.430    -7.253     9.762   -212.42     29.39      1.00
   3.69348   2.26117   0.80945    25.020    15.009    -7.633   -212.17     45.38      1.00
   3.42253   0.60875   3.66408    31.542    -2.063    17.674   -212.15     41.80      1.00
   0.18408   1.69494   5.78408    15.703     9.777     5.925   -211.96     29.43      1.00
   4.72678   1.78256   5.03526    17.757    31.132     3.846   -211.88     39.31      1.00
   0.95599   1.18801   1.48605    30.891    20.235    34.087   -211.79     60.18      1.00
   4.89633   1.28141   5.64443    24.825    28.358    -3.533   -211.78     39.56      1.00
   3.93498   1.00209   3.37548    11.322     2.352     2.644   -211.76     23.67      1.00
   2.12224   2.01519   0.98654    36.389     3.888    -5.281   -211.64     54.68      1.00
   1.33227   0.76370   3.10994    30.180   -13.985    19.545   -211.62     49.33      1.00
   5.35177   2.66657   1.79631    25.175    -4.561     8.738   -211.61     44.80      1.00
   3.35946   2.53457   5.52459    17.484    -8.781    10.852   -211.49     39.67      1.00
   4.67929   1.12195   5.58358    27.757     3.621    17.858   -211.46     40.90      1.00
   5.30614   2.70153   1.88971    14.440    -2.879    10.120   -211.45     39.77      1.00
   1.04189   1.50853   2.41294    40.108    11.935    31.412   -211.39     62.07      1.00
   5.39203   1.47163   5.19278    29.545    40.511    22.032   -211.39     53.83      1.00
   1.28171   1.31462   1.94735    57.377    28.138    24.174   -211.29     75.86      1.00
   4.65569   0.99500   6.13390    15.969    36.886    32.238   -211.05     53.10      1.00
   3.30587   2.59357   0.95170    12.052    22.295     2.244   -210.87     43.04      1.00
   1.38758   0.68678   3.72605    17.358    20.983     5.157   -210.86     32.30      1.00
   0.21075   1.66837   5.81774    15.685    10.669     5.380   -210.31     29.49      1.00
   0.92280   0.78825   0.82627    51.601    30.011    27.364   -210.30     73.42      1.00
   0.63782   1.43713   0.36944    16.923    46.803     6.291   -209.95     55.13      1.00
   3.30562   2.48214   1.33299    18.478    -4.186    23.898   -209.94     49.00      1.00
   1.42432   1.25026   3.30728    11.359   -11.924     7.616   -209.88     36.75      1.00
   2.92236   0.34759   3.99602    34.002     0.454    23.557   -209.80     45.04      1.00
   0.89169   0.65070   4.72184    52.691     8.638    27.952   -209.72     59.33      1.00
   3.94440   1.55261   3.67522    38.822    16.547   -13.263   -209.69     49.66      1.00
   2.44126   1.94568   0.92191    18.006    37.456    10.588   -209.24     53.62      1.00
   5.40270   2.05997   2.11361    26.646    -5.229    13.800   -209.21     46.39      1.00
   1.32306   0.37223   5.10271    55.839     0.831    18.369   -209.18     59.45      1.00
   3.51403   1.58360   4.21813     8.226     7.075     3.226   -209.08     25.87      1.00
   2.11813   0.56396   3.24873    18.816    29.091    37.731   -208.92     52.52      1.00
   5.41552   1.53347   5.15486    19.172    39.669    22.511   -208.89     48.89      1.00
   1.62232   0.42439   3.64835    34.048    32.633    29.098   -208.87     54.84      1.00
   4.90368   2.39278   5.23678    34.975    39.828    24.843   -208.76     59.97      1.00
   0.47869   1.18206   1.26346    26.418    19.194     1.295   -208.57     46.81      1.00
   3.31914   2.14152   4.45339    34.096    -3.042     9.372   -208.53     45.28      1.00
   3.86555   1.88589   4.46278    10.514    14.078     2.494   -208.46     29.59      1.00
   4.55080   1.78892   4.95995    17.409    29.077     2.088   -208.37     38.14      1.00
   4.25119   1.53660   3.50545     8.207    13.718    -0.013   -208.25     27.93      1.00
   1.53860   1.70337   0.99014     5.018    16.315     1.323   -208.11     38.45      1.00
   4.32881   1.84196   3.74256    34.908    24.366   -10.199   -208.04     50.00      1.00
   0.98664   0.83182   0.81422    52.124    30.736    26.428   -207.94     73.95      1.00
   3.36873   1.01164   3.79722    18.459    -2.240     5.458   -207.59     28.00      1.00
   1.03714   2.95756   3.33295    29.249    -4.696    14.587   -207.12     47.83      1.00
   5.03603   1.51590   5.25474    29.064    35.968     6.822   -207.07     47.32      1.00
   3.20453   1.62274   3.38431    24.298    24.404    -9.059   -206.77     39.32      1.00
   4.98508   1.51241   5.22855    28.029    35.771     6.026   -206.76     46.63      1.00
   4.19319   0.45155   2.85432    19.115    31.705    23.917   -206.52     47.58      1.00
   0.09491   0.01258   3.97594    37.292     0.538    39.213   -206.30     61.06      1.00
   3.86007   2.18543   4.83008    13.660    -0.263     8.233   -206.23     32.98      1.00
   1.62358   1.72121   0.96530     5.933    14.648     1.024   -206.02     38.33      1.00
   1.16163   1.69973   0.57828     5.259     4.382    17.415   -205.91     37.30      1.00
   1.66054   0.52062   3.72994    34.834    30.632    31.086   -205.86     55.42      1.00
   1.57443   1.87790   0.94275    10.447    14.060    -1.588   -205.82     39.60      1.00
   0.36167   1.37216   6.04445    15.230    16.753     3.329   -205.63     30.28      1.00
   3.19814   1.64635   3.42667    25.243    24.911    -9.332   -205.50     40.28      1.00
   5.43078   1.86386   2.49926    16.205     9.957    -1.215   -205.49     39.59      1.00
   1.74956   2.16542   0.63187    16.317     3.026    20.355   -205.34     45.27      1.00
   2.28434   2.32754   4.34701    20.217    28.605   -13.312   -205.34     47.95      1.00
   1.35407   0.71392   4.33814    26.113     6.244    -3.570   -205.31     30.01      1.00
   5.98442   2.05931   2.14241    16.693    -4.371    33.032   -205.27     49.99      1.00
   3.73534   1.66456   5.76272    31.786    46.487    25.674   -205.21     67.19      1.00
   2.81981   2.37212   4.04693    -0.269     6.871     4.146   -205.20     31.46      1.00
   0.81042   1.53516   0.55397    18.274    34.261    -5.641   -204.96     49.03      1.00
   1.07439   1.38471  -0.03897    10.978    41.703     0.324   -204.83     49.61      1.00
   3.77879   1.77383   5.28576    26.982    23.076    33.112   -204.79     56.15      1.00
   4.40303   2.34536   2.80430    44.148    -8.241    23.195   -204.71     64.30      1.00
   1.07335   1.32267  -0.01917    11.391    42.931     1.819   -204.64     50.55      1.00
   0.59952   1.21801   1.19424    27.321    17.937     0.842   -204.62     47.26      1.00
   3.34816   2.61638   0.98946    11.976    21.891     2.034   -204.55     42.83      1.00
   1.44432   1.72091   3.65045    21.899     1.790   -11.650   -204.24     40.06      1.00
   2.96185   1.87263   0.77878    18.248    31.820     0.636   -204.18     48.93      1.00
   5.43680   2.21909   2.00055    12.425    -7.623    22.383   -204.13     42.87      1.00
   5.94851   1.82883   2.32866    23.168    -1.595    20.040   -204.07     46.81      1.00
   4.18935   0.27151   2.81046    18.155    32.565    21.105   -204.04     45.83      1.00
   0.59667   0.54295   4.80903    36.914    20.970    32.769   -203.74     52.07      1.00
   0.70245   1.86643   0.11096    11.495    37.889    -4.013   -203.71     47.24      1.00
   4.77502   0.37876   2.47203    25.528    -6.024    10.645   -203.62     36.03      1.00
   3.69172   2.30130   0.14660    25.490     8.311    -5.151   -203.59     42.52      1.00
   2.96277   1.21949   4.05224    17.094    -2.077     3.066   -203.55     26.66      1.00
   0.92160   0.53506   3.78705    23.382     4.920     3.927   -203.44     32.84      1.00
   0.69147   0.54842  -0.29750    43.369     3.120    27.231   -203.27     53.07      1.00
   0.27664   1.08358   1.61907    11.859    -4.211    29.037   -203.26     45.01      1.00
   4.82053   1.27470   5.52153    22.793    27.589    -4.698   -202.87     38.53      1.00
   0.59177   0.99860   1.40015    30.888    -0.406    26.952   -202.81     53.88      1.00
   1.20541   1.74729   0.52715     5.715     3.815    18.016   -202.69     37.74      1.00
  -0.19217   1.93538   2.17704     8.013    -1.871    40.498   -202.68     52.16      1.00
   1.69147   2.17627   0.56807    16.237     3.014    20.447   -202.40     45.02      1.00
   3.74673   2.62613   0.10275    19.130     0.143     2.663   -202.40     39.06      1.00
   1.69683   0.87960   3.55789    16.574    24.388     5.961   -202.37     34.87      1.00
   1.39441   1.32525   1.83157    25.727    30.078    36.936   -202.24     62.15      1.00
   0.10315   0.84203   5.29299    35.962    20.859    37.143   -202.19     53.74      1.00
   1.12862   0.25496   5.69931    42.392    -0.006    22.317   -202.04     50.62      1.00
   4.72605   1.35291   1.65912     5.684    -6.986    26.434   -201.98     36.69      1.00
   1.04264   1.29393   2.51152    40.229    25.148    33.778   -201.92     65.44      1.00
   5.08479   2.62353   1.82512    23.990    -1.736     3.887   -201.90     43.66      1.00
   1.54739   0.97984   2.49900    23.937    33.181    36.237   -201.82     59.96      1.00
   1.24643   0.47904   4.90398    41.118     4.140    29.314   -201.80     50.28      1.00
  -0.01185   2.70671   5.12101     5.818     8.759    -8.966   -201.68     35.00      1.00
   1.39942   1.62306   0.21095    36.218    40.930    12.448   -201.63     64.29      1.00
   2.07226   0.69455   3.85698    37.710     6.119    26.585   -201.53     47.53      1.00
   6.10425   1.05915   3.45558    28.229     2.472     2.250   -201.52     45.71      1.00
   3.68345   1.82603   5.26021    27.454    25.611    32.252   -201.52     57.01      1.00
   4.17518   1.16610   3.16172    12.897    23.779    36.646   -201.51     51.46      1.00
   3.41234   2.47998   1.35944    37.792    -2.335    18.087   -201.43     58.12      1.00
   3.09426   0.71068   4.01228    21.881    -6.343    10.539   -201.40     31.57      1.00
   5.98620   1.68555   2.14979    29.029    -1.245    24.397   -201.34     51.34      1.00
   4.34672   2.83421   3.09829    40.267    -7.991    -7.152   -201.31     57.72      1.00
   6.09380   1.02428   3.41804    28.801     2.036     2.614   -201.29     46.26      1.00
   1.04433   0.62041   3.69115    22.190     6.682     2.622   -201.27     32.50      1.00
   5.91755   0.80770   5.09137    11.183    -4.398    26.789   -201.06     34.97      1.00
   3.93314   1.45362   3.64242    37.902    14.498   -13.140   -200.73     48.29      1.00
   4.29992   1.63159   3.53252     8.437    15.613    -0.171   -200.54     29.18      1.00
   5.05457   2.06554   4.40255     0.466    23.446     8.495   -200.39     32.85      1.00
   0.28802   1.53020  -0.34725    16.038    13.772     4.354   -200.38     29.96      1.00
   1.10289   0.47742   4.56208    37.517    14.777    31.637   -200.06     50.17      1.00
   4.67879   0.90885  -0.13092    16.216    35.477    33.716   -199.94     53.01      1.00
   4.30831   1.88994   4.70879     9.734    21.906     3.264   -199.74     32.16      1.00
   0.14174   0.46890   0.67442     1.945    32.546    18.107   -199.70     40.06      1.00
   3.10593   2.64443   5.20676    20.500    -9.409    14.654   -199.68     42.48      1.00
   3.02271   2.11348   1.04153    17.969    26.640    -6.038   -199.66     46.32      1.00
   4.30209   1.83880   4.80063    17.023    24.527    -0.252   -199.47     35.85      1.00
   0.02580   2.86155   0.67377    37.220     4.556    -4.139   -199.44     49.21      1.00
   3.58942   1.98008   0.25025    23.875    15.047    -7.590   -199.36     42.77      1.00
   1.65306   0.80952   3.56313    16.273    23.324     5.510   -199.34     33.72      1.00
   3.27449   2.08627   2.30285    30.086    20.820   -10.144   -199.27     47.42      1.00
   3.69935   1.81501   5.24559    27.167    24.997    32.432   -199.11     56.67      1.00
   3.16167   3.01665   5.38037    29.145    12.385    -6.983   -198.94     46.85      1.00
   4.96005   1.16027   5.47702    23.597    31.512    -3.048   -198.93     40.71      1.00
   4.40856   1.97064   3.99064    34.512    14.550    27.342   -198.90     54.52      1.00
   1.68736   1.24309   1.62460    45.847    36.703    22.677   -198.88     70.33      1.00
   0.90518   0.52298   5.21414    40.353     7.982    31.629   -198.87     51.14      1.00
   3.72766   2.43222   1.15775    25.311    15.317    -7.474   -198.85     46.70      1.00
   2.11500   0.87155   3.14994    15.788    -1.349    35.060   -198.76     44.90      1.00
   1.37157   1.49907   1.12460    14.486    20.152    -1.195   -198.57     42.93      1.00
   2.95655   2.04313   4.22594    35.531    -3.673    15.529   -198.54     47.89      1.00
   5.16871   2.29028   1.87547    11.512    -8.059    17.495   -198.51     40.39      1.00
   2.15146   2.07810   1.01138    35.496     3.176    -5.159   -198.49     53.98      1.00
   3.92626   1.76151   3.72245    38.710    21.311   -13.634   -198.32     51.00      1.00
   3.30069   2.28655   0.72340     6.824    18.988    -0.825   -198.27     39.00      1.00
   0.21827   0.03596   3.96519    36.005    -1.977    39.221   -198.26     59.92      1.00
   0.48983   1.40841   1.77938    29.087     1.850    29.219   -198.01     54.21      1.00
   0.76846   1.40263   1.42065    34.361    34.943    -2.034   -197.94     59.77      1.00
   1.01996   1.76362   2.79910    42.936    10.422    31.292   -197.71     62.77      1.00
   2.06835   3.09218   4.37669    28.931    -5.417    11.512   -197.70     46.72      1.00
   4.43749   1.88281   4.03357    19.865    16.552    -2.876   -197.61     35.78      1.00
   4.68020   1.31081   2.63173    38.590     3.064    41.585   -197.59     65.33      1.00
   4.24974   2.63771   1.60958    16.940    12.613    -1.297   -197.58     41.42      1.00
  -0.06232   2.80776   0.61154    37.005     5.569    -5.025   -197.56     49.06      1.00
   2.87900   2.43938   1.04005    35.537    -2.876    11.526   -197.52     55.32      1.00
   1.55797   0.38205   4.96547    54.216    -0.895    17.505   -197.33     58.15      1.00
   3.52991   1.92244   0.09390    26.545    20.374    32.537   -197.21     58.16      1.00
   1.49947   1.08792   2.25162    35.220    29.965    32.195   -197.11     63.05      1.00
   6.67507   1.17895   1.29970     8.248    19.464     8.703   -196.91     37.87      1.00
   0.34761   1.34793  -0.32984    14.131    15.329     3.906   -196.89     28.40      1.00
   1.07956   1.47137   2.34201    41.508    13.991    31.794   -196.75     63.51      1.00
   1.29094   1.06989   3.25799    17.146   -13.193    13.969   -196.67     40.94      1.00
  -0.03848   2.04131   5.50559    42.943    36.902    22.731   -196.64     62.87      1.00
   4.17975   1.35759   3.47511     7.279    10.027     0.116   -196.56     25.46      1.00
   0.50380   1.19803   1.23433     8.170    18.318     8.462   -196.55     37.58      1.00
   1.64207   0.53877   4.12731    37.443    10.601    30.050   -196.47     48.97      1.00
   0.27593   0.68254   5.05044    35.957    22.716    34.498   -196.44     52.92      1.00
   5.45601   1.49170   5.27044    40.813    40.063    18.547   -196.35     59.03      1.00
   2.76550   1.42279   4.16126    18.975    34.828     7.902   -196.24     44.92      1.00
   0.58983   2.00867   6.05073    21.545     8.603     0.898   -196.21     37.85      1.00
   2.21620   2.31909   4.17052    19.828    27.620   -13.804   -196.17     47.22      1.00
   3.33835   2.06384   2.32694    29.725    19.670   -10.053   -196.03     46.65      1.00
   5.16655   2.38045   4.42778     8.578    38.114    14.461   -196.02     45.31      1.00
   1.42764   1.40038   1.42270    17.307    22.991    -2.257   -196.02     45.44      1.00
   0.61062   0.44655   4.27033    19.305    15.046     3.909   -195.95     29.46      1.00
   1.88519   1.53466   1.07891    28.448    16.196   -10.232   -195.89     50.72      1.00
   4.28629   0.15482   0.57426    28.348    20.608    39.216   -195.87     53.87      1.00
   4.90804   0.73708   5.80248    22.931     2.537    12.766   -195.77     33.45      1.00
   1.54233   0.77543   2.54161    48.218     4.275    -4.649   -195.74     58.15      1.00
   0.75245   1.39656   1.86920    33.554    13.684    34.622   -195.69     60.53      1.00
   3.52411   1.90987   0.13322    26.836    19.539    32.461   -195.61     58.06      1.00
   5.12895   0.79133   2.44467     3.732    -4.895     3.799   -195.55     25.55      1.00
   5.72167   1.11735   6.04054    36.559     5.429    36.519   -195.53     51.09      1.00
   4.10340   0.34793  -0.02448    29.527     8.199    47.791   -195.48     62.88      1.00
   1.05986   1.24187   1.42027    32.810    22.478    33.407   -195.11     61.61      1.00
   5.39265   1.58097   5.19809    28.934    40.766    19.077   -195.04     52.79      1.00
   3.20822   3.09744   2.03294    38.948    -2.791   -13.591   -194.76     57.34      1.00
   1.06956   0.51220   4.15599    33.438    34.108    30.276   -194.65     55.54      1.00
   3.14881   1.32588   4.06290    15.875     1.511     0.546   -194.63     26.28      1.00
   5.77082   1.52122   2.27870    -7.711    -1.195    16.853   -194.57     35.76      1.00
   3.28143   1.37695   4.27020    38.095     7.985   -14.195   -194.43     46.24      1.00
   5.28390   0.16351   0.50926    21.741    -8.160    20.107   -194.42     30.63      1.00
   5.35615   2.87057   3.36972    33.184    11.725    -9.854   -194.40     53.04      1.00
   5.10633   2.31687   5.42141    34.968    37.777    28.488   -194.34     60.01      1.00
   4.61248   1.35026   1.65392     5.999    -7.067    24.365   -194.34     35.41      1.00
   4.69877   0.87712   6.16436    16.666    35.093    34.861   -194.26     53.51      1.00
   5.40468   1.00414   1.99316    30.799    36.881    37.059   -194.20     66.16      1.00
   5.91401   0.78133   2.12485    24.756     8.119    39.535   -194.19     55.99      1.00
   1.46049   1.53060   0.26777    37.629    40.649    14.219   -194.11     65.56      1.00
   1.21358   1.32581   2.51838    35.420    23.247    35.386   -194.02     62.57      1.00
   4.67612   2.01761   4.19298    19.910    21.053    -2.377   -194.01     37.61      1.00
   3.61917   0.71700   3.65088    11.456    -1.160    24.364   -193.95     34.32      1.00
   0.90402   1.68483   2.47093    29.291     4.322    31.228   -193.83     55.24      1.00
   1.44513   0.88724   2.95968    22.912   -14.454    21.887   -193.83     47.70      1.00
   4.88165   2.60825   2.52679     5.470    28.116     5.006   -193.78     43.76      1.00
   5.92455   0.75534   2.12205    24.471     8.508    39.789   -193.73     56.05      1.00
   0.18275   1.52369   1.71544    16.826    38.226    16.736   -193.68     54.20      1.00
   0.97297   1.06416   1.00665    33.421     5.033    31.353   -193.62     57.64      1.00
   3.95486   1.64790   5.81090    11.968    43.901    37.004   -193.58     64.13      1.00
   1.29718   1.36033   3.52012    25.778    -8.059    -3.644   -193.55     41.16      1.00
   0.79831   1.43823   0.83552    22.033     8.693     6.740   -193.55     41.51      1.00
   5.75319   2.03166   5.10492    22.380    37.735    14.612   -193.43     48.10      1.00
   4.13901   1.60512   3.90544    30.725    22.163   -11.892   -193.36     45.12      1.00
   1.44259   1.51004   1.12816    15.187    18.619    -1.504   -193.32     42.88      1.00
  -0.15062   1.29135   5.46173    41.437    31.990    29.116   -193.30     58.36      1.00
   3.39849   1.52299   4.32669    39.887    11.019   -14.558   -192.93     48.56      1.00
   1.61809   1.81689   3.62670    13.845     2.678    -9.533   -192.92     35.71      1.00
   3.59612   2.54734   5.70497    31.594    -9.184     3.438   -192.84     45.90      1.00
   3.12561   1.96273   4.41162    22.089    28.314    28.401   -192.64     52.71      1.00
   5.00349   0.65789   5.71981    23.336     3.279    11.255   -192.50     33.00      1.00
   1.21781   1.79185   0.51364     5.899     3.808    18.928   -192.43     38.24      1.00
   3.40158   1.98350   1.23942    24.006     1.596    -4.455   -192.39     42.23      1.00
   3.53427   2.10574   5.55833    18.538    48.532    14.006   -192.31     60.50      1.00
   2.75238   1.86874   4.20203    22.342    30.135    24.297   -192.20     51.27      1.00
   0.58217   0.95597   5.93493    36.823    12.263    35.581   -192.14     53.62      1.00
   2.70231   2.23101   3.91861    18.065     4.662    -1.192   -191.82     33.87      1.00
   5.78511   0.28813   3.35651     8.358    -3.025    27.417   -191.82     44.57      1.00
   0.40029   1.14448   0.36369    30.470     6.904     2.219   -191.75     40.69      1.00
   0.64929   2.84243   1.24217    40.008     1.932    -1.923   -191.74     52.01      1.00
   1.30268   1.55298   2.98457    33.566    18.574    -5.252   -191.72     50.06      1.00
   3.71958   2.65997   1.61645    38.723    -1.189    20.899   -191.69     59.66      1.00
   2.81520   0.49979   1.15618    25.371    -0.037    18.584   -191.69     45.33      1.00
   4.92912   1.53751   5.05208    25.492    40.599    10.608   -191.59     49.56      1.00
   0.86779   1.41413   1.45630    35.164    33.994    -3.684   -191.57     60.09      1.00
   0.02061   2.83615   0.62487    38.335     4.216    -4.252   -191.50     50.07      1.00
   3.49763   1.97037   4.76563    33.729    22.787    27.430   -191.49     55.89      1.00
   0.63415   1.37972   0.34726    16.235    47.232     8.212   -191.49     55.21      1.00
  -0.06744   2.43094   2.14588     4.604    -7.501    33.047   -191.46     48.15      1.00
   4.26150   1.71647   4.15820    50.968    25.041   -17.708   -191.43     63.37      1.00
   3.90105   2.21411   4.84226    14.618    -0.339     7.110   -191.42     33.07      1.00
   2.08314   0.69589   3.01070    18.528     1.357    37.969   -191.38     47.84      1.00
   5.36765   2.18217   4.96325    30.008     4.781    20.614   -191.37     45.52      1.00
   3.65284   1.76464   5.72401    30.951    47.204    21.836   -191.28     66.18      1.00
   3.49297   2.08880   0.79461    24.748    20.060    -8.826   -191.16     46.72      1.00
   3.99694   0.60561   3.21288    23.105    -2.970     7.336   -191.11     32.19      1.00
   2.85490   1.87076   4.23625    21.785    30.275    25.223   -190.99     51.57      1.00
   3.75810   0.93741   3.67775     9.223    -1.246    20.613   -190.93     32.29      1.00
   4.45724   1.05283   2.94431    31.237     7.416   -14.277   -190.93     43.46      1.00
   3.24144   0.81870   3.93905    21.122    -4.817     8.223   -190.87     30.62      1.00
   3.07641   2.34578   5.10017    21.576    44.586    -0.985   -190.79     57.15      1.00
   4.71337   2.22151   4.14010    35.969    33.367    -3.863   -190.67     54.12      1.00
   0.15005   1.50349   1.75742    17.278    37.806    17.717   -190.59     54.39      1.00
   4.13716   0.41745   3.96820    47.252     3.155    23.012   -190.59     62.50      1.00
   0.13375   1.96087   2.29860    25.049    -1.084    29.984   -190.57     52.33      1.00
   3.68507   2.43224   0.06013    26.256     5.665    -3.644   -190.54     42.77      1.00
   5.09396   1.02488   5.79854     8.840    32.626     7.666   -190.50     35.67      1.00
   2.40382   1.99702   6.18984    16.334     5.751    -3.674   -190.47     39.51      1.00
   1.44061   1.30142   2.22191    50.267    15.870    25.280   -190.46     67.17      1.00
   0.32069   0.42640   4.48983    19.683    13.408     4.057   -190.46     29.11      1.00
   1.30688   1.59337   3.01811    33.292    19.125    -5.326   -190.43     50.04      1.00
   5.50464   0.80348   5.26603    25.836     3.263     9.053   -190.38     33.64      1.00
   4.28060   2.07952   3.93216    37.408    29.859    -9.659   -190.27     53.40      1.00
   1.31296   1.59525   0.99256    12.222    22.607    -1.242   -190.26     42.52      1.00
   2.92516   1.64311   0.82555    16.525    34.219     2.927   -190.23     49.00      1.00
   0.40164   1.14022   0.38400    30.274     7.002     2.209   -190.20     40.67      1.00
   3.92135   1.66091   4.68752    17.039    32.073    34.942   -190.19     55.72      1.00
   4.50987   1.56021   3.15319    10.126    17.900    41.226   -190.18     53.60      1.00
   5.39715   1.67313   2.27766    22.159    -0.761     8.333   -190.17     41.22      1.00
   3.68693   2.38829   0.12573    24.722     7.203    -3.989   -190.15     42.09      1.00
   3.54939   1.92522   0.27752    23.357    16.324    -7.632   -190.15     42.87      1.00
  -0.22597   0.95546   3.41256    29.640     1.159     3.609   -190.14     46.91      1.00
   4.52238   2.00459   3.73693    14.532    27.913    -1.180   -190.10     38.77      1.00
   3.20405   2.54895   1.06094   -13.200    24.260    13.632   -190.05     43.39      1.00
   1.56842   0.80171   3.77510    18.234    22.434     4.837   -190.05     33.28      1.00
   1.19801   1.65332   0.60690     4.519     4.911    16.019   -190.01     36.83      1.00
   0.23551   1.36716   2.09650    34.439     4.043    26.234   -189.99     56.30      1.00
   1.43491   1.30863   2.23124    50.299    15.701    25.241   -189.98     67.14      1.00
   4.84935   2.13469   2.15838    22.281    11.039    40.741   -189.94     58.66      1.00
   0.13631   2.44900   4.63781    10.970    -3.233    -5.793   -189.84     37.18      1.00
  -0.10869   2.07186   5.44639    42.756    37.630    21.293   -189.84     62.68      1.00
   6.04689   0.93359   3.42273    29.369     1.145     3.843   -189.83     46.67      1.00
   3.86348   1.41146   3.62484    38.691    13.039   -13.532   -189.83     48.40      1.00
   4.91818   1.38006   1.57842     6.776    -6.621    30.389   -189.64     39.69      1.00
   5.13688   2.08600   4.48828     0.633    24.861     8.696   -189.58     33.53      1.00
   4.17420   0.44010   3.91861    47.243     2.859    22.672   -189.58     62.31      1.00
   3.57904   1.99243   0.20503    47.296    20.202    25.146   -189.57     67.16      1.00
   3.44198   2.02219   5.53524    27.631    48.926    13.722   -189.56     64.16      1.00
   0.06850   0.86061   5.29566    35.032    21.451    38.100   -189.55     53.98      1.00
   4.40338   2.33579   1.84399    51.460     7.959    26.004   -189.51     70.04      1.00
   4.37661   1.24996   3.09900    31.791    13.336   -16.088   -189.50     45.77      1.00
   1.20756   1.54089   1.18304    23.703    24.544    -4.877   -189.48     49.32      1.00
   2.25007   0.83671   4.13630    17.254    -6.272    23.559   -189.46     33.49      1.00
   5.35701   0.77733   1.87457    29.752    29.803    45.678   -189.32     66.36      1.00
   4.40049   2.03839   3.58099    20.708     9.602    32.674   -189.28     50.22      1.00
   4.32168   2.69559   2.98205    13.978   -12.065     7.816   -189.27     42.08      1.00
   1.49105   1.65786   0.21883    36.434    40.858    11.262   -189.25     64.56      1.00
   3.40962   2.05294   2.34950    29.138    18.630    -9.812   -189.16     45.82      1.00
   5.92057   0.34415   1.26281    22.655    35.441    15.058   -189.11     48.90      1.00
   0.09551   0.01991   0.56492    21.983    -4.071    24.479   -188.83     36.56      1.00
   0.18194   0.87431   0.81807    33.543    47.985    24.623   -188.81     67.15      1.00
   3.50998   1.73907   0.47464    63.462    12.524    18.870   -188.80     76.38      1.00
   4.56716   2.93008   3.42252    17.493    -6.538    -2.289   -188.75     41.40      1.00
   3.71993   1.87272   4.39291    11.625    11.417     2.744   -188.65     29.35      1.00
   3.65545   2.49502   6.30499    26.026     5.085    -2.608   -188.57     42.73      1.00
   3.87363   1.25520   3.62547    37.576     9.601   -12.529   -188.42     46.62      1.00
   3.81029   2.64583   1.22874    13.564    17.514     0.436   -188.38     41.55      1.00
   4.53680   1.56689   4.99056    28.301    20.393    36.951   -188.28     55.84      1.00
   2.40155   2.07429  -0.12816    16.846     4.070    -2.753   -188.22     39.67      1.00
   0.15033   1.57323   5.73314    19.523    25.887    41.608   -188.21     52.26      1.00
   0.39144   1.14231   1.34330    26.561    20.550     1.029   -188.09     47.33      1.00
   4.79993   2.24887   2.13243    52.493    11.681    27.853   -188.03     71.76      1.00
   2.91611   2.09911   4.35776    22.533    27.503    28.602   -188.02     53.07      1.00
   5.35022   1.77721   5.12262    37.778     6.184    28.018   -188.00     52.24      1.00
   5.42235   0.85055   5.28868    26.262     2.685     9.965   -187.98     34.54      1.00
   0.48750   2.86420   1.06389    39.647     2.603    -2.589   -187.97     51.52      1.00
   2.03854   1.29856   1.37350    44.000    39.627    15.370   -187.92     68.78      1.00
   4.16104   1.88355   4.77750    26.317    22.149    -4.620   -187.91     40.26      1.00
   2.87083   2.40334   4.82783    21.471    40.237    -7.430   -187.91     54.26      1.00
   4.45099   1.78125   5.83710     1.050    37.642    17.014   -187.82     46.46      1.00
   1.13983   0.26705   3.93662    32.193    36.599    25.138   -187.77     53.81      1.00
   5.43033   0.01289   1.50980    21.583    -4.249    24.153   -187.77     36.09      1.00
   5.66912   1.87596   2.18185    27.682    -3.412    19.170   -187.76     48.56      1.00
   3.13252   1.58344   4.17126    31.137     1.599     0.999   -187.75     38.96      1.00
   0.11953   2.79168   0.76296    38.314     4.835    -4.832   -187.65     50.32      1.00
   5.79091   2.19101   5.12744    23.455    40.197    22.547   -187.60     53.23      1.00
   5.89415   1.11907   1.84502    -0.141    26.266    16.240   -187.41     40.42      1.00
   4.91173   2.56850   2.05126     6.944     6.976     6.113   -187.33     36.56      1.00
   1.87664   1.87147   0.94700    35.021     8.490    -7.752   -187.32     54.10      1.00
   3.09781   1.43585   4.36627    41.265     3.349   -11.367   -187.30     48.16      1.00
   5.48181   2.24860   2.28326    12.441    -0.768    11.714   -187.29     38.92      1.00
   1.55510   1.56931   3.38091    23.702     5.401   -13.012   -187.28     41.15      1.00
   3.61078   2.21000   6.00905    50.733    29.406    21.530   -187.28     70.26      1.00
   0.38710   1.09411   0.44249    29.608     7.827     1.833   -187.25     40.37      1.00
   1.01986   1.34670   1.99561    31.578    21.160    37.555   -187.24     62.46      1.00
   4.02256   2.40980   5.50004    13.804    27.919    -2.436   -187.23     40.69      1.00
   1.88026   2.20996   0.74151    35.813     7.129    28.502   -187.20     60.48      1.00
   4.72727   2.41441   4.94612    31.557    42.147    22.323   -187.18     58.74      1.00
   5.74649   2.05997   2.07398    13.946    -6.051    28.314   -187.13     46.16      1.00
   5.70784   0.35472   3.44848     7.764    -3.324    26.302   -187.12     43.66      1.00
   4.68517   2.61162   2.07830     4.058    10.788     5.831   -187.10     36.39      1.00
   4.51256   2.40135   2.11061    21.937     2.999    36.532   -186.99     56.00      1.00
   0.79734   1.39639   4.06633    20.417     2.849    38.228   -186.99     48.84      1.00
   3.41409   1.99505   4.72601    33.462    23.204    27.280   -186.97     55.87      1.00
   0.86441   1.39906   4.06911    20.545     1.816    37.264   -186.96     48.14      1.00
   1.52449   1.85191   3.70477    21.331     5.756   -13.197   -186.89     40.66      1.00
   1.61287   0.95206   1.79176    13.263    -0.320    30.064   -186.86     49.72      1.00
   2.23926   2.47620   0.85151    35.797     4.114    17.916   -186.80     56.69      1.00
   3.19895   2.95615   1.83719    28.827    -9.666     6.762   -186.79     50.58      1.00
   0.16695   1.82495   5.66352    25.922    32.031    33.978   -186.76     54.27      1.00
   6.45090   1.58750  -0.44904    14.693    10.983     6.173   -186.74     28.12      1.00
   3.39053   1.83617   0.49461    21.093    28.635     0.183   -186.73     47.51      1.00
   2.43016   2.71669   4.39325     7.587    28.135    -9.397   -186.62     44.59      1.00
   1.78517   2.12000   0.30151    15.273    31.924    36.300   -186.62     59.49      1.00
   3.24990   1.64666   3.42740    23.693    25.776    -8.478   -186.56     39.66      1.00
   4.63958   2.30918   1.97802    52.263    10.764    27.188   -186.49     71.28      1.00
   3.22309   2.18627   4.39046    33.970    -3.384    10.822   -186.47     45.69      1.00
   5.09073   1.10842   5.22814     9.711     5.264    43.615   -186.45     50.40      1.00
   4.13201   1.88017   4.76461    26.156    21.605    -4.747   -186.42     39.98      1.00
   0.46682   0.74460   4.99078    33.824    12.712    38.891   -186.37     51.71      1.00
   3.28051   0.40897   1.20440    30.140    -3.252    40.459   -186.27     57.85      1.00
   0.61319   1.26196   1.22450    26.423    17.492     1.202   -186.24     46.76      1.00
   2.02153   0.66842   3.48528    18.689    25.557    39.605   -186.24     52.17      1.00
   4.74850   0.77575  -0.10279    16.543    33.532    36.634   -186.23     53.44      1.00
   1.41186   2.10560   0.43436    -2.175     1.791    27.474   -186.22     42.46      1.00
   5.43862   0.94726   5.17014    36.332     0.579    27.262   -186.13     49.59      1.00
   0.72186   2.87412   1.36107    38.523     1.867    -1.773   -186.12     50.81      1.00
   2.29499   2.15284   0.73727    31.856    -0.095     3.653   -185.99     51.59      1.00
   4.18733   1.63967   3.62942    16.378    19.487    -5.109   -185.86     34.07      1.00
   1.80410   1.60551   3.02658    29.310    -3.177   -10.298   -185.85     44.50      1.00
   1.34596   2.09249   0.45384    -3.009     2.414    27.472   -185.77     42.18      1.00
   3.55223   1.04990   0.39581    13.604    32.880     0.302   -185.75     42.62      1.00
   3.89058   1.50247   3.93529     7.531    10.654     1.028   -185.75     25.58      1.00
   3.93463   2.20980   4.86128    14.323    -0.215     6.592   -185.72     32.76      1.00
   3.55476   1.69646   4.61717     5.066    36.462    31.947   -185.71     54.34      1.00
   0.72575   1.86069   0.05087    10.609    38.071    -3.922   -185.71     47.04      1.00
   4.78078   2.35035   2.52547    12.634    10.286     2.801   -185.62     37.60      1.00
   4.51491   2.14035   2.67469    48.849    -2.757    28.123   -185.62     68.66      1.00
   1.79211   1.02168   3.54479    17.295    26.327     6.631   -185.60     37.13      1.00
   1.58173   1.53843   3.60649    19.742    10.371   -12.144   -185.58     38.17      1.00
   2.35833   1.17066   1.37568    32.356    43.098    13.333   -185.47     62.05      1.00
   5.95971   1.07299   1.77857    -0.304    25.118    15.178   -185.45     39.16      1.00
   5.36662   2.85439   1.15935    34.870    17.341    -9.556   -185.45     52.35      1.00
   3.62385   1.92552   4.41592    13.121     9.887     3.044   -185.40     30.02      1.00
   1.51603   2.40298  -0.08196    40.701    33.932    -7.744   -185.39     64.66      1.00
   3.78126   0.77854   3.33744    13.995    -1.637     5.942   -185.39     24.19      1.00
   1.17963   1.54332   0.94807    11.172    24.969    -0.077   -185.25     42.66      1.00
   3.58088   2.14680   0.03869    45.799    24.750    24.269   -185.18     67.03      1.00
   1.30232   1.49594   2.94608    15.041    16.694     1.977   -185.16     39.54      1.00
   3.76206   2.00407   5.99161    31.638    25.421    31.308   -185.15     60.03      1.00
   5.52965   2.36514   4.76050    26.900    40.291    11.959   -185.13     53.31      1.00
   1.77858   0.61693   2.29915    47.922     3.182    -1.629   -185.07     57.40      1.00
   3.61616   2.39468   5.91582    13.610    -7.428     6.034   -185.05     36.54      1.00
   4.30386   2.51044   3.01091    24.336   -13.229     9.808   -185.04     47.88      1.00
   4.59294   1.31540   2.92158    11.217    11.684    -6.635   -185.01     30.29      1.00
   0.35855   1.15608   5.85394    12.392    15.387     5.386   -184.98     25.66      1.00
   4.75869   0.76674  -0.09932    16.584    33.281    36.743   -184.97     53.33      1.00
  -0.03154   3.01778   2.33263    24.985    -5.776    13.626   -184.85     45.41      1.00
   4.56551   1.67588   2.79388    33.478    -7.474    34.083   -184.80     59.62      1.00
   4.92332   2.13463   3.81538    10.406     8.029     1.982   -184.75     32.62      1.00
   0.50447   2.03495   6.00641    20.733     8.102     2.747   -184.74     36.83      1.00
   3.45319   0.87240   0.42902     6.008    33.712    -0.041   -184.66     41.01      1.00
   1.61902   1.18114   4.68699    16.496    -5.432     6.636   -184.52     26.89      1.00
   5.04054   2.48887   2.69792     5.755    25.972     3.844   -184.50     42.19      1.00
   2.36582   2.31130  -0.12941    27.129    -1.266    -1.933   -184.46     46.59      1.00
   4.42066   1.46897   3.33704    20.523    -2.731    11.603   -184.35     38.20      1.00
   5.68734   2.08344   5.02674    23.245    41.149    21.949   -184.34     53.15      1.00
   1.89883   1.02887   4.48116    58.559    -8.016    11.040   -184.29     62.46      1.00
   1.73389   0.91243   3.58670    53.493    26.366    -8.411   -184.27     61.17      1.00
   3.67579   1.80984   5.64540    28.788    48.237    21.916   -184.22     65.71      1.00
   0.49500   0.43342   4.22275    18.336    16.417     4.369   -184.21     30.54      1.00
   2.68702   2.36984   3.97588    37.697     7.409    -9.246   -184.08     47.78      1.00
   3.21658   1.67648   0.82842    16.507    30.926    -2.731   -184.02     46.10      1.00
   1.58803   0.95145   1.81746    12.987    -0.455    29.800   -183.99     49.47      1.00
   3.24557   1.38787   3.99666    23.924    -0.029     6.346   -183.92     33.77      1.00
   3.11526   2.13730   2.28168    31.098    23.867   -10.125   -183.89     49.33      1.00
   1.40575   2.18805   0.53405    26.849     4.438     2.885   -183.83     46.42      1.00
   2.39252   1.31301   5.78732    15.938    25.433    39.349   -183.81     58.76      1.00
   2.55641   1.89800   4.12130    21.535    29.886    24.273   -183.78     50.96      1.00
   1.76411   2.10186   0.31117    15.636    31.495    36.943   -183.71     59.72      1.00
   0.85289   0.24619   6.28063    19.617    16.665    41.119   -183.67     51.35      1.00
   1.44365   1.59437   2.98810    47.355     9.748    24.263   -183.66     61.27      1.00
   3.32053   0.66088   0.64066    46.290     2.345    16.358   -183.61     58.40      1.00
   3.48716   2.48495   4.75038     7.073    18.213    -0.947   -183.60     34.03      1.00
   3.43448   1.58758   1.80595    50.430    -6.124    19.708   -183.59     64.61      1.00
   4.91292   2.38906   1.80191     9.057    -6.463    13.084   -183.58     37.97      1.00
   1.79721   0.94533   4.10349    -0.719    13.372     4.327   -183.56     22.44      1.00
   1.57121   0.79020   4.62101    33.812    -7.350    26.309   -183.54     44.74      1.00
   2.74517   2.05265   4.26839    22.982    28.453    26.998   -183.50     52.77      1.00
   4.12746   1.82978   4.76323    17.105    19.968    -1.392   -183.49     34.03      1.00
   4.42512   0.82947   5.80483    31.368     9.034    42.525   -183.44     59.55      1.00
   0.26292   1.00298   5.95138    27.521    17.954     1.143   -183.28     35.82      1.00
   2.37661   1.58655   0.25491    29.645    17.980   -12.609   -183.22     51.48      1.00
   1.32772   1.38878   0.28288    37.165    40.606    17.677   -183.21     65.42      1.00
   4.44768   1.57560   5.27886    13.870    15.408    -4.897   -183.19     30.50      1.00
   2.14576   2.96707   0.22111    36.729    39.487     8.547   -183.16     65.43      1.00
  -0.44210   0.32202   3.36535     7.119    -3.131    26.435   -182.98     43.71      1.00
   1.92455   2.33903   3.51163    33.157    22.154   -20.050   -182.98     53.69      1.00
   0.06867   0.22248   0.53629    31.956    -2.002    23.532   -182.97     42.86      1.00
   0.62073   0.88191   1.26049    13.198    -1.628    33.506   -182.92     47.62      1.00
   1.41305   1.56341   3.33293    49.973    19.619    35.494   -182.90     68.46      1.00
  -0.10992   0.38036   1.07841    24.083    36.847    13.108   -182.87     50.53      1.00
   5.49661   2.40860   4.75323    10.312    38.881    18.801   -182.82     47.43      1.00
   3.57678   1.44578   1.65349    53.199    -2.695    25.040   -182.80     67.46      1.00
   3.08044   3.38084   3.65298    37.674     3.413    -3.381   -182.79     49.39      1.00
   4.83992   2.46495   3.45302    40.565    42.890    -4.882   -182.73     66.34      1.00
   2.46005   1.28757   5.77565    15.116    24.301    39.934   -182.70     58.53      1.00
   3.75666   2.31208   4.75499    15.120    -2.036    10.018   -182.70     34.85      1.00
   0.73112   0.71709   1.99354    37.202    42.958    18.210   -182.62     66.90      1.00
  -0.26165   1.08624   1.81102    -0.051    26.623    15.683   -182.58     40.68      1.00
   4.53286   2.55738   3.24242    21.763   -12.719     6.528   -182.49     45.64      1.00
   1.65557   1.26188   1.68975    25.538    34.150    33.383   -182.46     61.96      1.00
   5.30603   1.80966   5.08010    26.131    40.062    12.091   -182.42     49.76      1.00
   1.04595   1.65166   2.74049    42.332    12.835    32.562   -182.40     63.25      1.00
   4.14878   2.56811   5.38714    29.957    26.449    -8.345   -182.29     47.39      1.00
   5.08195   1.52215   5.26838    19.280    36.054    11.435   -182.28     43.18      1.00
   4.99832   0.52117   5.83784    21.128     3.478     9.565   -182.28     30.48      1.00
   4.43918   1.83850   5.85845    38.813    39.597     1.582   -182.26     57.59      1.00
   2.43297   1.17986  -0.53769    16.126    22.789    40.317   -182.24     58.19      1.00
   4.52816   1.99154   4.11608    26.870    34.758    -4.063   -182.14     48.08      1.00
   3.05825   2.11602   0.73218     6.060    24.785     0.796   -181.99     41.39      1.00
   3.65149   2.37881   5.81002     9.740    -7.425     7.579   -181.88     35.39      1.00
   2.50783   2.57899   1.00294    37.184     4.823    19.900   -181.86     58.35      1.00
   3.57529   1.75396   1.88026    22.953     6.477    -6.132   -181.83     38.22      1.00
   2.63112   2.28952   3.91668    37.326     5.671    -8.232   -181.77     47.00      1.00
   5.29554   1.99385   2.26284    20.294    -0.378     8.115   -181.76     40.93      1.00
   2.97943   2.36207   0.86640    13.821    28.003     2.469   -181.70     46.17      1.00
   4.03481   1.56932  -0.10668    58.840    40.024    26.299   -181.67     79.48      1.00
   5.04354   0.52397   5.79832    21.471     3.565     9.602   -181.58     30.61      1.00
   2.72603   1.92715   3.95211    31.064    -2.056    23.820   -181.53     47.93      1.00
   2.69608   1.55533   0.81645     9.320    36.527    10.854   -181.46     49.63      1.00
   4.25601   0.25750   2.62981    23.345    26.013    -0.770   -181.45     37.99      1.00
   6.03805   1.42270   1.90412    19.647    37.381    27.653   -181.44     58.21      1.00
   0.70543   2.44941   2.83054    23.644    31.797     9.117   -181.41     53.29      1.00
   4.42612   1.08934   3.18194    24.131    10.837   -13.681   -181.28     38.62      1.00
   4.38231   1.67226   4.28730    50.100    25.671   -18.064   -181.24     62.96      1.00
   2.27282   1.08957   1.12386     2.795    37.909    25.591   -181.22     53.84      1.00
   1.05290   1.81859   1.52458    33.884    43.767    16.696   -181.21     64.65      1.00
   2.69799   2.42520   4.71201     3.874    35.971    -2.290   -181.20     47.25      1.00
   0.33043   0.69581   4.82612    15.574    -2.417    11.944   -181.20     25.43      1.00
   1.51128   1.11618   2.06241    40.672    20.443    31.410   -181.18     64.07      1.00
   1.09581   1.95007   3.25572    54.278    23.060    -8.837   -181.16     68.13      1.00
   5.07040   1.09226   2.49337    31.606    -0.511    12.845   -181.16     46.03      1.00
   4.48239   1.81166   5.84591    19.544    38.543     9.325   -181.14     47.81      1.00
   3.20672   2.17793   1.07538    45.049    21.783   -15.135   -181.10     63.54      1.00
   4.78867   1.22475   5.44473    13.533    12.112    45.465   -181.08     53.97      1.00
   1.37916   1.27803   2.88253    33.716    13.388    -5.272   -181.04     48.25      1.00
   1.06607   0.72276   4.71599    26.153     8.630    -2.815   -181.03     30.17      1.00
   1.94262   2.06177   5.40107    38.846    37.709    15.256   -181.00     65.95      1.00
   3.02179   1.48683   0.68899    19.474    31.543    -4.924   -180.95     47.76      1.00
   1.43125   1.28444   0.55099    42.736    14.443    31.836   -180.88     65.84      1.00
   0.47628   0.53800   4.64157    23.815     9.866     1.602   -180.80     29.09      1.00
   3.80779   0.94006   3.65524     9.473    -1.222    19.953   -180.75     32.09      1.00
   0.28097   1.04057   5.94782    27.646    17.961     0.461   -180.70     36.28      1.00
   1.70217   1.43301   5.10193    19.959    30.189    -7.489   -180.70     45.13      1.00
   4.34683   1.69289   4.12477    49.178    26.585   -17.562   -180.58     62.66      1.00
   3.70421   2.45765   6.02743    25.336    -5.562     0.543   -180.57     41.36      1.00
   3.74904   1.43618   5.95925    19.434     2.652    23.031   -180.54     43.95      1.00
   0.10721   2.79696   0.73209    39.091     4.082    -4.275   -180.50     50.81      1.00
   4.43567   1.05749   5.77527    28.248     3.786    15.925   -180.48     41.29      1.00
   2.26128   2.25939   0.92143    25.809     0.377     1.238   -180.48     47.18      1.00
   3.26065   2.36599   4.94677    39.224   -12.972    10.533   -180.31     52.36      1.00
   4.56382   2.18029   3.16576    24.343   -14.791    17.528   -180.30     49.79      1.00
   0.49580   0.76091   6.06152    45.204     6.721    29.550   -180.30     55.65      1.00
   1.42741   0.75760   4.25591     0.879     7.635     5.921   -180.30     18.62      1.00
   4.45743   1.71433   3.43439    18.040    -0.730     6.854   -180.28     35.90      1.00
   4.79932   2.20848   4.07732    33.788    34.115    -3.239   -180.28     53.46      1.00
   1.05120   2.51970   3.32168    57.144    30.990    -4.466   -180.27     73.62      1.00
   0.06183   1.76960   5.61448    16.711     6.306     8.355   -180.23     30.08      1.00
   0.55717   1.78455   2.63047    11.891     8.407    45.075   -180.22     57.06      1.00
   4.24505   1.68704   5.33575    41.596    11.173    23.523   -180.18     55.34      1.00
   2.36917   1.56327   0.24766    29.438    18.838   -12.505   -180.03     51.51      1.00
   2.67000   1.99364   4.20512    22.804    29.060    26.063   -180.01     52.30      1.00
   4.18261   1.63569   4.99381    36.203    29.575    32.187   -179.99     61.16      1.00
   4.68689   1.65301   4.91007    43.950    19.377    31.505   -179.95     61.58      1.00
   5.12175   0.55831   2.39424    38.197    -7.026    -5.453   -179.93     48.93      1.00
   1.26014   1.75002   2.77449    18.851    19.947    49.919   -179.82     63.80      1.00
   5.66512   2.65086   4.14323    -1.064   -11.576    11.059   -179.78     37.67      1.00
   6.02246   2.27451   2.27502    18.555    -4.601    20.252   -179.74     45.02      1.00
   0.27705   0.22641   0.35193    30.513    -2.588    24.490   -179.73     42.40      1.00
   3.03937   1.68794   4.07526    26.082     2.217     5.050   -179.70     35.90      1.00
   2.43144   1.09894   5.73618    16.933    21.412    40.577   -179.69     57.99      1.00
   4.23694   1.53642   3.59053    27.636    13.585    -7.274   -179.69     40.44      1.00
   4.21852   2.82556   1.11564    -4.492    -3.234    14.241   -179.68     37.48      1.00
   3.06468   1.00749   3.04008    17.841     5.950    -4.505   -179.64     24.50      1.00
   5.58340   0.40921   4.97456    11.138    -0.423    18.297   -179.60     33.04      1.00
   4.97127   1.33637   5.09529    27.322     9.834    36.919   -179.59     52.08      1.00
   5.58840   1.61928   2.72059    32.443     7.676    -7.188   -179.59     50.83      1.00
   0.61482   1.59896   0.00628    26.170    13.415    45.563   -179.52     57.34      1.00
   1.78765   1.11731   2.99059    14.263   -12.176     6.498   -179.51     37.27      1.00
   5.07744   2.06251   3.38588    19.883   -13.394    28.725   -179.51     51.96      1.00
   1.13162   2.15147   0.42452    26.779     6.384     1.393   -179.48     45.29      1.00
   5.66895   0.73339   1.67284    48.988    35.235    34.967   -179.45     74.65      1.00
   0.09024   1.44993   4.44153    29.082    -7.921     8.432   -179.44     42.96      1.00
   5.18887   2.35461   2.36235     5.297     2.715    10.866   -179.42     36.21      1.00
   0.98879   1.51857   4.73620    -7.292     6.347     3.184   -179.39     26.07      1.00
   0.61234   0.51132   0.13736    52.174    -2.096    20.696   -179.32     60.55      1.00
   0.09235   1.03858   1.72351    11.128    -5.224    25.585   -179.30     42.47      1.00
   2.94476   2.84473   1.36697    -4.298     9.919    41.509   -179.24     53.80      1.00
   4.04243   0.69821  -0.13529    30.447    19.928    48.166   -179.22     65.98      1.00
   1.44841   2.09387   0.47827    16.404     3.285    19.651   -179.21     43.79      1.00
   0.57094   0.79063   2.16915    38.621    42.070    21.150   -179.18     68.04      1.00
   2.69332   0.60456   1.08371    38.335     2.648    13.803   -179.16     53.28      1.00
   1.68736   0.93424   1.70908    13.875     0.399    31.030   -179.15     50.44      1.00
   1.06398   1.84069   1.52362    34.099    44.038    15.884   -179.15     64.71      1.00
   2.28883   2.56736   0.54518     2.454    37.466    29.026   -179.13     56.25      1.00
   1.54961   0.76054   4.47522    37.855    -3.474    25.882   -179.09     46.81      1.00
   5.39142   1.37359   2.72506     9.350    -4.961    31.109   -179.06     45.28      1.00
   4.56308   1.67334   3.15164    10.981    15.099    42.098   -178.98     54.21      1.00
   4.34194   1.67137   4.48172    52.310    22.294   -18.336   -178.97     63.41      1.00
   3.70766   2.58018   0.03811    26.769     3.670    -1.755   -178.97     43.19      1.00
   5.13836   2.35690   2.61177     4.900    22.735     2.460   -178.97     40.36      1.00
   5.58330   2.14838   0.42700     5.616    18.989     2.580   -178.82     33.43      1.00
   3.54515   2.16820   0.25509    29.634    19.678    30.537   -178.77     59.00      1.00
   4.98193   0.48750   5.83777    21.360     3.932     8.775   -178.76     30.59      1.00
   5.61656   1.72353   5.10069    20.977    40.554    23.314   -178.70     50.89      1.00
   4.37795   2.52758   2.39745    41.515    21.349    24.520   -178.69     64.78      1.00
   2.20881   2.57376   3.76765    12.969    29.752   -10.510   -178.67     45.68      1.00
   1.09292   2.16595   3.31430    55.341    25.890    -7.966   -178.61     70.14      1.00
   3.18750   1.55266   0.63907    21.997    33.956     4.144   -178.58     50.72      1.00
   2.02180   0.39367   4.48568    55.444    -1.430    15.050   -178.56     58.61      1.00
   5.11220   0.61664   2.92715    47.965    -0.877    15.519   -178.51     61.45      1.00
   2.66733   0.83293   0.74700    27.816    40.168     7.276   -178.49     56.56      1.00
   0.27153   0.34773   4.74651    30.304    37.677    24.183   -178.47     52.47      1.00
   2.89356   1.83780   4.03120    29.026     1.792     3.344   -178.43     38.32      1.00
   0.74748   0.42469   0.03905    20.147    19.730    40.796   -178.40     51.93      1.00
   4.78347   2.38564   4.94904    30.860    41.986    23.655   -178.40     58.70      1.00
   3.63980   1.81372   4.41651    28.616    10.099    -4.479   -178.37     38.60      1.00
   6.03241   1.26396   1.90930    28.817    -2.223    20.639   -178.36     48.67      1.00
   0.27368   0.97674   5.28403    15.907    -1.170    10.345   -178.30     23.54      1.00
   1.01643   1.19054   0.81492    -7.751    11.459    12.889   -178.30     34.51      1.00
   4.15729   1.73009   5.34077    21.782    10.039    30.759   -178.27     47.94      1.00
   4.10145   2.62200   1.83298    41.826     0.412    23.839   -178.27     62.63      1.00
   5.90922   1.41846   5.52719    61.289    33.676    17.463   -178.19     70.98      1.00
   3.53789   1.49416   1.65268    53.462    -3.250    23.596   -178.18     67.56      1.00
   2.11322   2.86706   0.82345    27.628    -6.602     1.012   -178.18     48.80      1.00
   0.88574   1.49570   4.73180    -7.092     4.228     3.921   -178.17     25.59      1.00
   5.51750   1.94342   2.08584    44.451    28.702    28.822   -178.08     69.45      1.00
   2.56368   2.24919   0.99723    39.609    -2.528     1.181   -178.07     57.25      1.00
   2.19763   0.22198   4.82803    17.640     4.502    34.729   -177.97     42.43      1.00
   5.68561   0.39425   1.88161     5.691    34.898    49.342   -177.91     63.42      1.00
   0.59389   1.44743   2.02189    55.502    16.586    28.985   -177.89     73.69      1.00
   5.87334   1.45766   5.52749    61.046    33.969    16.845   -177.84     70.84      1.00
   2.95221   0.52721   1.06274    25.714    -1.022    19.843   -177.82     45.97      1.00
   5.15791   2.00508   2.22856    20.057     0.361     5.300   -177.79     40.05      1.00
   2.06285   1.27191   3.92796    50.700    -0.615    14.772   -177.75     55.81      1.00
   0.26068   1.04806  -0.35195    27.432    17.573     0.688   -177.71     35.80      1.00
   0.81724   2.60924  -0.13082    21.839    14.204   -16.555   -177.66     46.27      1.00
   1.61388   1.10056   3.72440    45.590    29.466    -0.974   -177.65     56.50      1.00
   0.92248   2.94985   3.30227    40.962    -4.157     9.219   -177.64     54.82      1.00
   3.72945   2.37230   0.51742    34.143     4.130    -9.479   -177.64     49.62      1.00
   2.59842   1.79286   4.09600    21.776    31.120    21.752   -177.61     50.03      1.00
  -0.06446   2.61110   5.28192    -1.147    -1.651    22.298   -177.55     37.44      1.00
   4.62127   0.46569   2.85312    18.642     0.550    33.079   -177.47     45.04      1.00
  -0.36489   0.29661   4.96122    28.388    11.108     1.931   -177.44     35.06      1.00
   5.39710   1.23605   0.55102    37.006    35.465     0.163   -177.42     52.92      1.00
   3.57476   1.47800   1.60761    54.387    -2.132    24.501   -177.35     68.43      1.00
   5.53609   1.22638   5.45303    45.588     0.607    23.773   -177.34     53.39      1.00
   5.39686   1.24376   0.53945    36.625    35.446     0.108   -177.31     52.63      1.00
   0.51470   2.62620   5.39000    12.490    -0.735    -6.941   -177.27     37.95      1.00
   3.32393   1.85376   0.18547     3.790    16.370    -0.116   -177.24     35.51      1.00
   3.17313   2.09751   2.15340    11.959    20.772    -3.549   -177.22     37.25      1.00
   1.60007   1.50587   0.56364    42.960    20.929    32.139   -177.18     68.05      1.00
   0.79119   0.54969   4.95299    20.945     0.659     2.182   -177.17     22.80      1.00
   3.35628   3.10397   5.76944    26.672    -5.439    10.603   -177.16     45.37      1.00
   1.42864   1.25001   4.72975    17.137    -7.066    10.103   -177.13     29.17      1.00
   5.59114   0.77580   2.14120     3.305    -0.134    29.655   -177.08     38.90      1.00
   0.02078   0.62668   0.94754    40.180    -8.664    17.084   -177.07     51.36      1.00
   5.13240   2.08604   4.47290     0.870    24.492     9.044   -177.06     33.48      1.00
   2.36935   1.27426   5.76873    16.342    25.244    39.148   -177.02     58.47      1.00
   0.10115   2.10565   5.65725    10.403     3.986    11.451   -177.00     30.86      1.00
   1.52686   1.44515   3.11440    49.389    25.264    36.192   -176.92     69.84      1.00
   0.89913   0.86056   2.02198    20.047    -2.222    15.452   -176.91     46.00      1.00
   5.57554   2.87839   1.31156    35.112    15.744    -9.554   -176.90     52.07      1.00
   0.83876   0.73812   4.81422    27.239     6.010    -1.369   -176.88     30.53      1.00
   2.63508   0.92647   2.19321    38.336   -12.158    24.111   -176.87     55.90      1.00
   1.10849   2.25345   3.34077    55.401    27.215    -7.414   -176.79     70.67      1.00
   5.02806   1.65425   2.54886    18.936     8.997    -3.770   -176.75     38.37      1.00
   4.29615   2.06726   3.89342    38.420    28.286    -9.658   -176.74     53.69      1.00
   3.26404   1.44061   0.50940    17.368    29.175    -2.829   -176.74     44.57      1.00
   0.57612   1.42255   4.18798    18.691     3.989    40.807   -176.69     49.88      1.00
   0.24501   0.81138   1.41605    18.703    23.096     2.316   -176.67     42.53      1.00
   4.19315   1.55570   3.23328    -4.828    15.487    43.437   -176.67     52.76      1.00
   1.38774   1.42085   0.24578    36.757    41.277    17.056   -176.64     65.58      1.00
   4.05891   0.49971   4.02261    46.255     2.946    23.022   -176.62     61.44      1.00
   3.80371   2.16900   0.76513    34.091    -3.370    24.744   -176.62     55.73      1.00
   0.77440   1.12611   1.55944    28.540    15.591    34.865   -176.62     58.06      1.00
   2.45658   0.54534   4.08858    56.176    -1.480    11.217   -176.60     58.82      1.00
   2.44547   1.04856   2.39059    35.122   -14.374    18.550   -176.56     52.58      1.00
   3.53304   1.88296   5.05135    25.525    25.009    31.770   -176.52     55.57      1.00
   0.06840  -0.00554   0.33558    12.124    -7.266    26.262   -176.45     31.19      1.00
   1.39497   1.85652   0.70389    13.885     3.136    16.651   -176.39     41.85      1.00
   2.58235   2.16897   3.83517    18.523     2.305     0.090   -176.38     34.06      1.00
   0.89381   2.53833   3.09841    39.932    32.155     2.862   -176.37     61.77      1.00
   0.84321   1.52912   0.86763    27.845    12.348     1.139   -176.36     46.22      1.00
   4.56494   1.94817   3.68783    27.053    29.404    -7.501   -176.36     47.39      1.00
   4.71239   2.63361   2.39419     6.396    29.414     4.997   -176.34     44.71      1.00
   4.81115   0.72470   2.66980    41.066    11.191    43.926   -176.29     67.77      1.00
   3.65903   2.36749   0.06862    23.183     7.531    -3.823   -176.28     41.07      1.00
   6.27288   0.61911   0.97590    40.505    -9.053    16.386   -176.26     51.48      1.00
   5.48603   2.04169   1.64958    40.878     5.921    34.541   -176.26     62.44      1.00
   3.41721   1.64716   0.47365    11.565    30.953     5.707   -176.12     44.84      1.00
   1.63070   1.45423   3.61379    -0.168     8.150    -3.122   -176.12     30.04      1.00
   2.00165   2.22683   0.41410    13.010    34.532    33.661   -176.07     59.17      1.00
   4.59930   1.60931   5.90158     1.699    38.865    21.493   -176.07     48.18      1.00
   5.28028   2.28601   2.38343     6.470     1.579    12.117   -176.06     36.78      1.00
   4.47522   2.51958   2.43834    41.778    21.176    24.594   -176.03     64.98      1.00
   5.01766   0.48730   5.34709    13.761    -0.752    23.286   -175.98     37.96      1.00
   2.58514   1.49454   2.16316    10.164    -9.244    -0.119   -175.97     36.90      1.00
   0.04406   1.03059   1.93188    15.853    -5.074    20.950   -175.96     43.11      1.00
   0.82307   0.64463   4.62464    20.042     3.328     2.821   -175.95     24.46      1.00
   0.89436   0.78775   0.37641    27.260    49.564    16.007   -175.94     63.59      1.00
   4.48181   2.06414   2.90725    30.510   -12.522    24.104   -175.91     55.12      1.00
   4.36740   0.58074   3.07792    25.762     1.206    30.334   -175.90     47.33      1.00
   0.16536   0.82796   4.94843    33.832    22.534    38.585   -175.88     54.58      1.00
   0.53112   1.15375   1.32317    26.740    21.023     0.515   -175.88     48.10      1.00
   2.24157   1.16181   4.79873    19.352     8.426    -7.111   -175.85     30.83      1.00
   0.79771   2.43956   0.94766    18.826    39.187    27.023   -175.82     56.34      1.00
   4.96774   2.13959   3.85152     9.643     8.380     2.139   -175.81     32.36      1.00
   4.65326   1.26429   6.06805    14.153    39.229    26.923   -175.78     51.61      1.00
   0.48544   1.13053   1.11983    -9.099    14.950    15.361   -175.75     35.29      1.00
   1.87339   2.38255   3.22050    32.386    -1.480     8.568   -175.75     46.56      1.00
   6.07876   2.04393   1.72159    34.550    19.007    40.237   -175.73     63.78      1.00
   5.95462   1.28157   4.63802    32.583    13.885    40.643   -175.71     56.36      1.00
   1.31682   1.27627   1.30205    32.454    26.787    32.119   -175.71     62.42      1.00
   0.67884   1.33458   1.02667    28.206    14.035     1.473   -175.69     46.55      1.00
   1.71569   2.36025   0.53506     0.819     2.938    30.875   -175.69     45.93      1.00
   0.70613   1.31279   1.01855    28.334    14.222     1.213   -175.64     46.76      1.00
   0.72575   1.80832   0.22566     2.507    38.415     1.251   -175.62     45.31      1.00
   3.93512   2.31079   5.25079     6.125    26.223     1.782   -175.62     37.29      1.00
   1.31790   0.91413   5.64429    -6.512    13.154     5.251   -175.61     22.87      1.00
   1.70357   1.98984   0.29145    15.654    29.393    38.750   -175.48     59.67      1.00
   5.35319   0.29083   2.26496     2.868    34.225    48.351   -175.43     62.07      1.00
   3.01363   0.79805   3.12033    21.271     1.411    -3.599   -175.42     24.87      1.00
   0.17638   2.47986   3.53555    41.350    -2.617    25.489   -175.41     61.12      1.00
   4.71037   2.07687   4.59309    53.813    35.088    -8.473   -175.40     67.12      1.00
   2.93926   1.37740   0.81659    23.874    37.283     8.851   -175.40     54.16      1.00
   1.65126   1.19665   4.69418    16.217    -4.659     5.679   -175.36     26.60      1.00
   2.38986   0.44183   2.21078    24.805   -11.509    33.028   -175.30     51.82      1.00
   1.92134   0.33582   4.86800    13.493     8.099    37.899   -175.30     42.75      1.00
   5.13596   0.39383   2.86747    48.412     0.939    19.384   -175.28     62.51      1.00
   4.54011   1.71671   5.92829    39.769    40.125     4.749   -175.20     58.19      1.00
   5.09502   2.57773   2.19994    22.392     9.201     0.509   -175.19     44.03      1.00
   3.40579   1.52568   1.86892    48.878    -7.117    20.082   -175.18     63.19      1.00
   5.95265   1.73776   5.46045    14.968     4.505    15.989   -175.17     30.53      1.00
  -0.01902   1.55533   2.88363    45.943    22.352    34.848   -175.14     70.35      1.00
   4.72569   1.50553   3.03743    28.257    18.382   -15.166   -175.10     47.16      1.00
   5.35711   0.87212   2.33121     2.545    -1.048    26.701   -175.10     36.75      1.00
   4.65295   1.90180   2.67108    50.822     3.309    32.881   -175.08     71.44      1.00
   2.62682   1.07720   1.45118    55.285    22.507    26.895   -175.04     72.89      1.00
   0.23756   1.81997   3.75715    32.657    18.981    -8.033   -175.04     52.30      1.00
   5.17902   2.39570   4.49810    10.577    38.075    14.347   -175.03     45.64      1.00
   2.11216   1.93974   1.40021    16.249     7.679    36.424   -174.98     55.02      1.00
   3.20946   1.25719   4.45905   -15.047    18.219    41.376   -174.96     53.68      1.00
   0.24401   1.87287   3.77035    -3.683    17.802     6.624   -174.96     36.68      1.00
   2.81158   2.47931   4.09861    37.871     9.802   -10.023   -174.94     48.52      1.00
   2.97005   3.04740   0.96085    35.454    38.939     5.684   -174.93     64.21      1.00
   0.20859   1.82752   3.75842    33.176    18.810    -8.154   -174.92     52.67      1.00
   4.68512   1.66412   3.11122    29.160    23.182   -14.798   -174.89     49.48      1.00
   1.01203   1.44183   2.52327    35.592    19.461    -2.990   -174.85     53.92      1.00
   4.83727   2.98582  -0.05333     9.547    40.420    -1.686   -174.82     50.69      1.00
   5.17526   2.68792   4.17010     6.273     1.101    30.102   -174.74     44.00      1.00
   5.19757   2.77363   3.24106    33.298    10.267    -9.171   -174.67     52.59      1.00
   3.54358   2.11019   2.33320     3.911   -16.189    11.624   -174.67     40.18      1.00
   3.77301   2.54250   1.86349    23.183    -6.063    24.496   -174.66     51.45      1.00
   3.74359   1.50016   5.99751    19.312     2.004    23.748   -174.61     44.44      1.00
   1.14641   1.30977   1.03777    29.161    14.634    -2.061   -174.54     49.30      1.00
   4.99756   2.05811   4.69102    37.451    17.429    34.020   -174.52     58.51      1.00
   5.83534   1.31833   4.60797    31.729    16.858    41.615   -174.50     57.48      1.00
   2.60100   1.63639   5.04077     2.463     5.941     2.800   -174.45     27.62      1.00
   1.14735   2.33226   3.18818    16.678    29.593     8.175   -174.42     48.37      1.00
   4.86908   0.80658   2.86047    38.170    -0.162   -13.235   -174.42     50.92      1.00
   0.49164   0.47452   0.83554    30.035    47.239    26.901   -174.41     66.61      1.00
   3.54773   0.50323   0.92201    31.279     0.368    43.011   -174.35     60.02      1.00
   0.26865   1.23701   0.41363    -6.825     5.255    18.754   -174.29     28.33      1.00
   3.28726   1.27578   4.39238   -14.991    16.525    41.667   -174.21     53.44      1.00
   0.08022   0.28359   4.28972    10.077    -0.638    16.978   -174.17     32.48      1.00
   2.50891   0.80084   2.36632    45.268    19.616    30.640   -174.15     61.68      1.00
   5.29435   1.79877   2.88071    33.163    -5.215    10.164   -174.14     51.22      1.00
   1.17897   1.52494   2.78736    44.513    25.494    37.277   -174.13     68.99      1.00
   5.38672   1.16985   0.59448    37.902    35.979     1.029   -174.11     53.77      1.00
   3.26406   2.28598   5.26683    14.393    46.393     6.891   -174.07     56.74      1.00
   4.03388   1.30181  -0.06790    26.156    20.450   -15.088   -174.07     42.14      1.00
   1.02297   1.41436   2.51280    35.813    19.136    -3.041   -174.00     53.96      1.00
   0.75244   1.84145   2.25503     1.579     8.504    51.228   -174.00     60.78      1.00
   2.53939   2.61166   4.62656    22.529    -8.925    20.455   -173.96     45.52      1.00
   2.99229   2.21369   4.46091    59.431    27.936    15.695   -173.83     71.70      1.00
   3.55904   0.64053   0.95385    68.592     2.149    26.207   -173.83     77.57      1.00
   2.72088   1.98283   1.82692    29.526    15.211   -13.027   -173.79     48.16      1.00
   3.07764   1.03643   0.71560    24.598    36.959     5.931   -173.76     52.07      1.00
   4.03674   0.92469   3.14816    11.007     0.522     4.671   -173.71     23.38      1.00
   5.09587   2.10776   4.94593    43.199    13.597    29.426   -173.69     58.78      1.00
   4.19710   0.24987  -0.06728    28.305     4.458    47.371   -173.65     61.65      1.00
   1.81819   0.99148   1.63125    14.537     0.966    31.861   -173.63     51.23      1.00
   5.16688   1.11424   0.79532    39.313    37.422     4.600   -173.62     56.13      1.00
   2.21958   0.23740   2.56919    14.938    -7.716    17.225   -173.59     34.30      1.00
   2.89021   2.35336   1.99156    29.423    -3.195   -16.237   -173.57     49.83      1.00
   5.54383   0.24539   2.05360     2.192    35.332    47.225   -173.48     61.60      1.00
   3.14518   1.58488   4.38219     4.528    37.399    22.589   -173.48     49.39      1.00
   0.89836   1.37402   1.55337    44.925    20.957    30.736   -173.46     67.54      1.00
   1.30913   1.84322   4.45882    21.036    -5.927    22.067   -173.38     41.47      1.00
   0.34804   1.18053   2.62640    23.189     1.755     3.921   -173.35     45.01      1.00
   3.07357   1.90931   2.72647    16.581     4.514    36.805   -173.27     51.91      1.00
   0.07405   2.58219   5.32982    21.349    13.934   -15.711   -173.27     44.36      1.00
   4.54524   2.10643   3.93308    26.071    33.829    -3.440   -173.19     47.86      1.00
   0.78202   1.34236   0.98486    28.841    13.454     1.290   -173.19     47.17      1.00
   3.32670   1.97736   2.22919    30.569    17.588   -11.299   -173.17     46.73      1.00
   4.99617   2.62150   2.16396    21.208    10.149     0.139   -173.17     43.56      1.00
   3.22187   2.73230   0.34028    12.764    36.680    24.651   -173.16     58.23      1.00
   0.97956   1.51081   1.40390    23.713    28.742    -2.450   -173.13     50.83      1.00
   2.47966   1.91223   1.88376    14.775    -5.538     5.467   -173.09     40.99      1.00
   0.77905   1.65702   2.85834    51.908    14.088    30.965   -173.04     69.77      1.00
   3.37647   1.21625   2.19196    25.854    22.136    36.934   -173.04     56.45      1.00
   0.69712   0.64937   4.55045    15.132    -1.327     8.674   -173.02     23.88      1.00
   5.40068   1.45215   2.74360     9.327    -5.689    29.669   -172.99     44.74      1.00
   5.18219   2.13010   4.62441    22.738    42.699    12.257   -172.94     51.75      1.00
   1.79860   1.46218   0.96543    38.190    34.671    21.271   -172.93     65.44      1.00
   1.12197   1.49864   4.24144    18.409    -3.863    32.546   -172.91     44.01      1.00
   2.03937   2.30904   0.76224    36.630     9.699    29.469   -172.85     61.83      1.00
   0.11691   1.77943   1.90231    23.903     6.864    42.959   -172.84     58.55      1.00
   0.69409   1.51974   4.07846    18.770     2.294    38.811   -172.81     49.26      1.00
   5.94922   2.32827   5.20063    12.785    37.951    25.143   -172.77     49.56      1.00
   3.25759   1.91655   0.71928    15.135    26.643    -1.885   -172.77     44.27      1.00
   3.12432   0.32889   5.53956     6.142     3.353    40.806   -172.74     52.19      1.00
  -0.17585   0.64642   5.26840    18.571    17.713     2.323   -172.64     27.34      1.00
   2.14277   1.76258   3.98729    19.924    32.039     8.794   -172.62     45.87      1.00
  -0.11112   0.53360   1.10921    38.510    -9.390    14.436   -172.61     49.44      1.00
   0.15329   1.81841   5.64456    25.054    31.998    35.146   -172.58     54.40      1.00
   5.24478   2.76763   3.16415    33.712    10.067    -8.626   -172.57     52.98      1.00
   5.21458   2.78650   4.11472    15.872    44.477    18.501   -172.56     55.46      1.00
   5.45885   1.19778   0.49067    36.523    35.482     0.189   -172.56     52.29      1.00
   4.73899   0.90251   4.30993    43.138    16.139    38.352   -172.55     67.25      1.00
   4.42110   2.51301   1.81406    25.285     7.641    35.901   -172.55     57.82      1.00
  -0.13516   2.76772   0.41591     1.604     3.926     9.277   -172.50     33.87      1.00
   2.68920   1.91690   0.84245    34.911    34.187    -5.506   -172.48     59.98      1.00
   5.23053   0.61068   4.66541    19.856    37.164    30.938   -172.46     54.63      1.00
   3.44809   2.11907   2.21592    24.822   -14.565     2.168   -172.45     46.33      1.00
   1.75108   0.61744   2.17666    24.478     1.850     9.642   -172.43     42.68      1.00
   2.36241   1.99576   0.65021     4.646    34.034    18.080   -172.42     50.06      1.00
   3.29912   1.93124   4.60291     7.040    39.897    22.963   -172.39     52.59      1.00
   5.02564   2.33459   4.34997    26.518    39.035     5.016   -172.35     51.46      1.00
   4.31186   2.45476   1.96993    25.087    30.104    -5.696   -172.34     52.49      1.00
   2.34838   1.06883   1.07526    15.364     3.475    16.698   -172.33     43.60      1.00
   5.10009   0.61098   5.85417    21.330     1.331    11.741   -172.33     30.39      1.00
   0.91096   2.07081   0.16754    22.579    31.282   -13.878   -172.30     51.43      1.00
   1.81981   1.24366   2.97898    12.867   -10.196     3.195   -172.29     36.17      1.00
   1.95564   1.63883   2.88579    12.859    -0.372    34.285   -172.29     48.76      1.00
   1.71327   0.54855   2.33009    22.278     1.361    10.527   -172.28     40.62      1.00
   1.53167   0.69325   2.47984    22.160     2.862     7.667   -172.27     40.48      1.00
   5.19312   2.06403   3.04449    23.697    -2.373     4.657   -172.24     43.71      1.00
   0.09160   0.73707   0.43520    31.717    12.499    -2.883   -172.23     39.76      1.00
   5.72192   2.25571   0.65616    44.035    17.499   -12.452   -172.21     56.37      1.00
   3.56526   1.83884   4.53790    43.149    15.395    24.921   -172.18     58.60      1.00
   2.88059   0.99099   0.74497    31.589    38.165     2.208   -172.17     56.68      1.00
   0.82629   1.87513   1.32015    17.795    -1.783    16.955   -172.16     43.83      1.00
   0.11036  -0.29855   2.32106     5.434     2.213    40.145   -172.15     51.65      1.00
   2.05090   2.63074   3.97231     7.680    22.162   -11.484   -172.14     42.15      1.00
   5.83084   2.86760   1.60059    34.839    15.045    -9.554   -172.12     52.11      1.00
   5.29715   1.41383   2.07009    28.520    32.224    15.515   -172.11     54.82      1.00
   4.28830   2.91193   3.24459   -12.581    -5.424     9.589   -172.09     36.76      1.00
   1.72546   1.18771   3.81787    10.562    28.357    14.667   -172.09     39.12      1.00
   3.96207   1.86716   4.92685    17.811    12.004    -1.294   -172.04     32.50      1.00
   4.45831   1.45749   5.34699    23.097    -0.633    15.274   -172.00     38.94      1.00
   0.42677   1.42780   4.12188    54.450     8.445    28.044   -171.98     66.62      1.00
   1.80423   2.35668   1.97751    13.829    12.034    -8.579   -171.96     40.22      1.00
   1.66116   1.66785   0.95471    -3.656    31.803    41.768   -171.91     59.43      1.00
   5.51185   2.14514   0.42251     4.646    19.835     3.149   -171.88     33.76      1.00
  -0.24400   2.66645   5.04798     0.831    -1.715    24.428   -171.85     39.16      1.00
   3.44880   2.05599   5.73945    50.077     9.959    19.724   -171.85     63.66      1.00
   1.04850   1.50902   4.24198    17.768    -3.308    33.651   -171.84     44.55      1.00
   0.97048   0.67182   3.40741    27.874   -13.837    24.902   -171.82     49.75      1.00
   0.04043   0.24428   1.23702     1.338    38.815    43.899   -171.78     60.86      1.00
   6.14452   1.24774   2.08606    15.350     2.655    34.752   -171.74     49.33      1.00
   0.75008   2.89600  -0.31842    14.097     3.681   -10.252   -171.73     39.62      1.00
   5.42021   1.28920   2.71474     9.151    -4.142    32.792   -171.72     46.07      1.00
   2.17601   1.19985   4.79638    20.495     6.588    -6.734   -171.72     31.28      1.00
   5.12799   0.62068   4.74515    19.374    37.646    29.933   -171.67     54.21      1.00
   2.27888   1.04665   1.13923    15.047     3.891    15.877   -171.66     43.14      1.00
   2.11051   1.67282   1.21168    -3.614    42.201    22.839   -171.60     55.20      1.00
   5.20309   1.68742   2.43255    31.531    31.889    18.128   -171.56     58.54      1.00
   6.22335   1.40277   4.40093    31.423    -8.775    11.824   -171.55     45.79      1.00
   0.88711   1.65990   4.94516    29.916     8.990   -12.791   -171.54     44.63      1.00
   1.84483   2.30622   3.19472    32.707    -1.552     9.718   -171.51     46.96      1.00
   1.46713   1.56144   2.89238    28.201    11.195    33.156   -171.50     53.90      1.00
   0.40728   0.77527   0.58042    40.142    -5.959    25.211   -171.44     54.15      1.00
   0.42215   1.07023   2.52208    23.863    -0.063     5.673   -171.43     45.70      1.00
   4.13574   2.42583   1.98119    26.916    -2.607    29.687   -171.40     55.13      1.00
   0.82807   1.78173   0.22533    22.237    38.791    -8.148   -171.39     53.54      1.00
   4.28656   2.55976   2.31579    41.192    20.383    24.707   -171.35     64.45      1.00
   0.46889   1.48742   4.10951    53.977     7.052    27.489   -171.34     66.20      1.00
   6.15436   1.03823   3.52538    26.938     3.874     1.842   -171.33     44.31      1.00
   0.33611   1.20452   1.28925    25.884    18.503     1.758   -171.30     45.76      1.00
   0.15666   0.19191   0.51225    38.955    -3.141    19.852   -171.29     47.57      1.00
  -0.04342   2.08389   5.21722     2.754    -2.870    29.785   -171.29     38.88      1.00
   5.14599   0.63745   2.92137    11.319    -2.557    30.062   -171.29     43.28      1.00
   5.28527   1.52143   2.84252    40.667    -5.415    13.157   -171.28     57.09      1.00
   1.98431   1.06353   3.81457    62.449    16.320    25.840   -171.28     70.40      1.00
   2.36481   1.64956   3.71080    33.868     4.858    31.958   -171.23     52.92      1.00
   1.81376   2.13051   3.39716    34.149    15.500   -20.210   -171.21     52.24      1.00
   5.75707   1.28467   4.62512    33.157    19.224    41.087   -171.21     58.46      1.00
   5.80274   2.27558   0.65038    44.819    16.343   -12.545   -171.20     56.83      1.00
   4.99323   0.99742   2.33384    30.620    17.042    48.227   -171.19     65.62      1.00
   1.79368   2.34610   1.95581    13.983    12.007    -8.584   -171.15     40.35      1.00
   4.24479   1.85742   3.25539    -4.071    10.581    41.715   -171.14     51.24      1.00
   3.61185   2.02726   6.19775    35.736    23.938    29.761   -171.13     62.14      1.00
   1.92400   2.28165   2.05386    14.761     8.866    -7.977   -171.13     39.99      1.00
  -0.07890   2.09301   3.07928    43.647     8.718    34.441   -171.10     66.59      1.00
   2.33320   1.95703   0.68104     5.337    34.647    18.857   -171.09     50.75      1.00
   1.04421   1.84408   6.08877    18.118    27.834   -13.055   -171.08     46.89      1.00
   3.45477   1.18383   2.13888    25.856    23.597    36.390   -171.04     56.43      1.00
   3.75019   1.28333   0.30618    24.582    32.690     6.282   -171.04     48.21      1.00
   4.49760   1.75934   5.83043    18.453    38.508    10.624   -171.03     47.43      1.00
   3.85724   0.58138   0.08430    41.221    17.233    44.707   -171.02     68.87      1.00
   3.37775   1.87343   0.18359     4.574    15.787    -0.161   -171.01     35.32      1.00
   4.63574   1.37840   5.17662    31.063    18.010    38.145   -170.97     57.07      1.00
  -0.13848   2.21234   3.01820    41.832     5.764    34.286   -170.95     65.25      1.00
   1.04162   1.71381   4.41218    22.619    -4.914    27.979   -170.94     44.37      1.00
   1.96254   0.89156   0.97426    17.181     1.954    33.057   -170.92     53.03      1.00
   2.42551   2.15224   3.73565    11.109     0.426     4.216   -170.91     32.27      1.00
   3.52701   1.76894   0.19944    26.640    17.048    33.718   -170.90     57.89      1.00
   4.89680   0.71709   3.50078    38.682    15.203    44.668   -170.83     69.09      1.00
   4.31331   1.93030   3.51249    20.590    11.367    33.703   -170.82     50.88      1.00
   2.66967   0.01171   4.04601     0.608    28.651    20.005   -170.76     35.88      1.00
   3.90144   1.16112   3.58911    24.341     0.930     3.487   -170.65     34.64      1.00
   5.72140   1.20086   5.61066    57.023    16.845    30.547   -170.64     65.60      1.00
   6.09573   2.22327   5.33680    13.831    37.671    27.914   -170.62     50.59      1.00
   1.49611   2.38558   0.82644    28.353    10.881   -15.469   -170.62     50.60      1.00
   5.00862   1.29864   2.56662    -1.088     5.419    -1.673   -170.60     26.53      1.00
  -0.05156   2.08120   5.20028     2.984    -2.815    30.059   -170.59     39.09      1.00
   3.21821   2.21804   5.42014    52.088    14.303    20.216   -170.57     65.88      1.00
   3.39137   0.93448   0.22256    18.992     1.500    12.218   -170.56     39.90      1.00
   1.02405   1.45032   0.99090    11.119    28.285     1.476   -170.53     43.90      1.00
   2.51502   1.21404   1.16762    35.913     5.933    -6.479   -170.52     51.82      1.00
   4.94160   2.31709   2.33440    14.955     5.126     4.435   -170.46     38.44      1.00
   1.25687   1.85753   0.42228     6.866     2.585    19.556   -170.40     38.77      1.00
   1.80322   2.36340   1.98582    13.525    11.933    -8.641   -170.39     40.10      1.00
   5.06937   0.68772   2.97223    11.463    -2.579    29.484   -170.39     42.85      1.00
   1.27369   2.35959   3.33343    45.009    32.044    -4.309   -170.37     64.23      1.00
   5.33346   1.57182   2.76225     8.663    -6.172    26.721   -170.33     42.99      1.00
   3.06052   2.54960   1.17185     4.907    18.808    40.634   -170.29     56.82      1.00
   5.15113   1.48109   2.78611    24.235     8.907    -3.569   -170.28     42.14      1.00
   4.46919   1.80968   2.81868    31.101   -10.058    29.677   -170.26     56.57      1.00
   3.36892   0.17140   0.63688    41.115     3.944    40.231   -170.25     64.61      1.00
   0.49406   1.47015   4.10176    54.635     6.963    27.126   -170.19     66.49      1.00
   5.22815   1.85128   1.29204    63.591    11.215    27.220   -170.17     75.72      1.00
   2.71038   2.78503   4.74500    33.923    37.027    13.295   -170.17     60.56      1.00
   1.20238   2.30918   3.22097    15.746    29.407     8.042   -170.13     47.78      1.00
   1.82892   1.79021   2.46624    14.092    -2.421    30.382   -170.09     49.03      1.00
   4.10308   1.16393   3.41326    13.506     5.994    -1.105   -170.08     26.78      1.00
   2.80408   1.89875   1.78673    32.015    12.774   -13.557   -170.07     49.29      1.00
   4.62186   2.30803   2.57928    42.574    25.418    22.258   -170.06     65.51      1.00
   1.21927   1.15773   4.72192    20.174    -8.863    15.678   -170.01     32.48      1.00
   2.02708   1.86969   2.43709    17.145    -1.484    30.686   -170.00     49.95      1.00
   1.40596   1.87170   4.49114    21.012    -5.922    20.216   -170.00     40.78      1.00
   5.08346   1.00787   3.53439    38.043     5.720    42.204   -170.00     66.44      1.00
   1.77095   2.48581   0.98022    30.778     5.205   -13.414   -169.95     51.40      1.00
   2.39425   1.16324   4.15963     6.839    28.695     5.224   -169.93     34.82      1.00
   1.69977   0.54465   0.93158    16.466    40.760    11.273   -169.91     53.31      1.00
   4.58077   2.21108   3.49929    14.838     6.040    35.490   -169.84     50.16      1.00
   1.27621   2.86538   1.86056    39.367     0.798     0.346   -169.83     51.68      1.00
   5.77822   1.68667   5.24017    40.646    39.488    19.612   -169.82     59.58      1.00
   2.63023   1.63726   5.04284     2.738     6.319     2.620   -169.82     27.74      1.00
   3.15948   0.52357   2.81056    11.718    -3.935     7.030   -169.80     18.65      1.00
   2.68317   1.96474   1.81122    30.290    16.206   -13.548   -169.80     49.04      1.00
   5.24336   2.82718   4.14454    15.528    44.341    19.466   -169.76     55.65      1.00
   2.42016   0.79215   2.40451    44.293    18.886    30.678   -169.73     60.89      1.00
   4.34746   2.10201   4.61924    18.909    11.214    32.394   -169.73     47.54      1.00
   3.44298   1.34887   4.42223   -15.383    14.804    41.474   -169.73     53.36      1.00
   4.75680   0.98371   2.88830    41.255     1.257    40.596   -169.69     66.32      1.00
   2.49611   1.12274   1.25778    36.895     5.525    -5.278   -169.68     51.98      1.00
   1.99932   2.11556   5.45969    39.073    37.884    15.194   -169.64     66.50      1.00
   3.60784   2.03183   5.08566    32.506    16.377    28.225   -169.64     54.19      1.00
   1.65910   1.56558   0.83623    30.936     8.861    -2.653   -169.64     50.56      1.00
   5.28809   2.35926   4.84536    37.793     4.845    16.353   -169.62     50.70      1.00
   5.65164   0.57472   3.52444     6.835    -3.550    21.934   -169.61     40.68      1.00
   3.91403   2.00254  -0.34392     2.583    -1.250     1.091   -169.60     30.22      1.00
   5.93027   0.74818   5.28298    19.059    11.626     3.859   -169.55     26.20      1.00
   2.59207   1.58480   4.11193    35.016    26.536    27.158   -169.53     56.55      1.00
   2.71009   0.54579  -0.25524     6.152     7.081    43.385   -169.51     55.06      1.00
   1.78186   0.73625   3.21572    46.415    31.026    27.114   -169.49     62.74      1.00
   5.39247   0.15190   1.60252    38.107    -3.496    16.456   -169.43     45.99      1.00
   1.54323   1.10367   5.63861    11.665    31.464    37.637   -169.43     54.45      1.00
   3.62496   0.78235   0.87853    70.591     5.501    26.220   -169.38     79.74      1.00
   5.80197   1.17091   2.16167     6.423    -3.791    14.897   -169.37     35.11      1.00
   1.95970   1.21299   3.91099    51.358     0.323    16.855   -169.36     56.69      1.00
   6.01235   2.49687   4.91093    30.680    45.722    23.725   -169.34     63.32      1.00
   5.58720   2.20353   1.03881    55.235    45.079     7.528   -169.31     76.63      1.00
   0.52099   0.84739   2.23292    39.872    41.492    21.644   -169.29     68.67      1.00
   1.16400   1.88590   5.64432    14.265    28.975   -11.765   -169.22     45.46      1.00
   1.97535   1.93561   5.47817    40.534    37.054    17.528   -169.21     67.04      1.00
   3.88461   1.50756   5.90635    35.258    43.768    32.187   -169.20     69.57      1.00
   5.12443   1.28223   1.57983    42.381    -3.304    19.886   -169.18     53.55      1.00
   3.62346   2.02268   5.09533    32.386    16.238    28.250   -169.17     54.08      1.00
   5.32556   0.47058   5.36086    29.873     8.264     3.709   -169.11     36.64      1.00
   4.50770   1.44602   3.06814    28.360    17.536   -14.354   -169.11     45.16      1.00
   4.74978   0.89480   0.84677    36.178    -1.870    30.578   -169.09     49.47      1.00
   4.11767   2.83791   2.03020    32.457     2.021    27.588   -169.09     57.83      1.00
   1.56153   2.50469   0.53581    30.327     0.949     6.961   -169.09     49.50      1.00
   2.48215   1.22863   1.17217    35.484     6.451    -7.128   -169.08     51.75      1.00
   0.59085   1.65044   6.20864    -4.561    13.033    10.923   -169.07     28.51      1.00
   3.38836   2.03169   5.67537    50.423    10.402    19.048   -169.05     63.80      1.00
   2.21322   0.43857   5.51342    23.124    15.309    39.711   -169.04     55.21      1.00
   6.20894   2.07353   3.08256    43.630     9.013    34.534   -169.03     66.62      1.00
   5.61730   2.38032   5.14780    35.095     4.774    13.847   -169.00     47.67      1.00
   2.31325   2.22376   0.62581     2.604    32.785    16.180   -169.00     48.18      1.00
   3.47460   1.18935   2.11179    26.165    24.177    36.166   -169.00     56.69      1.00
   2.84222   1.77317   2.43555    15.912     7.095    39.271   -168.89     54.09      1.00
   1.38084   1.28073   1.25464     3.129    15.711    45.052   -168.84     57.28      1.00
   3.34317   2.83074  -0.70469     8.467   -12.520    21.443   -168.82     42.99      1.00
   3.80947   2.22443   2.13898    54.841    -7.331    14.385   -168.82     69.82      1.00
   3.12291   2.09176   2.15178    12.327    21.549    -3.654   -168.81     37.73      1.00
   1.09313   0.79890   1.85457    20.508    -2.592    18.080   -168.79     47.23      1.00
   3.56578   2.40424   4.84564     5.474    19.479    -0.399   -168.78     33.98      1.00
   0.73036   1.97897  -0.11749     3.968     8.786     7.510   -168.75     30.49      1.00
   5.82702   2.18956   0.95262    19.885    45.091    16.385   -168.75     58.01      1.00
   1.17057   1.41573   3.12924    54.131    13.997   -11.272   -168.71     65.11      1.00
   1.47552   2.02889   3.13993    36.968     7.059    37.826   -168.62     61.03      1.00
   0.49018   1.85253   5.73468    12.047    37.454    17.278   -168.62     46.30      1.00
   1.64685   2.41833   6.27256    42.219    33.652    -8.158   -168.61     65.94      1.00
   0.47016   0.95298   0.33430     0.305    28.413    11.041   -168.58     35.42      1.00
   3.92388  -0.06806   3.04142    27.500     7.757    34.140   -168.54     47.47      1.00
   3.63540   1.02793   3.80157    44.473     2.570   -10.994   -168.50     51.28      1.00
   0.92150   2.86707   1.54110     2.463    -0.443    13.510   -168.49     37.39      1.00
   0.22070   1.91453   0.78059    28.865    52.883    10.423   -168.48     65.13      1.00
   3.92356   0.96392   3.20242    11.492     1.003     3.329   -168.40     22.92      1.00
   2.73634   1.75837   5.21562    40.627     8.652   -13.160   -168.39     52.56      1.00
   2.76474   1.10466   1.36751    55.869    24.438    26.087   -168.36     73.49      1.00
   0.45743   1.61750   0.88146    29.816    43.183    -0.989   -168.30     59.76      1.00
   0.27790   1.34874   4.15200    19.358    10.102    43.798   -168.24     53.03      1.00
   2.00993   1.70314   3.90259    19.319    30.409     5.701   -168.19     43.95      1.00
   5.65531   1.11302   5.41778    15.953    33.963    28.038   -168.12     45.47      1.00
   3.06111   1.27414   3.14125    16.288    11.802    -6.287   -168.07     27.05      1.00
   2.84422   0.38723   5.90987     5.998     4.046    41.546   -168.05     53.25      1.00
   3.69842   2.01650   5.11001    69.810    18.582    13.761   -168.01     77.57      1.00
  -0.00259   0.36365   1.40755    24.853    42.116    38.903   -167.96     66.70      1.00
   4.12764   1.01665   3.69794     0.159    -3.097    33.894   -167.93     42.97      1.00
   1.81142   1.19406   2.97145    13.951   -11.091     4.383   -167.93     36.83      1.00
   1.82593   1.88942   2.50183    13.183    -2.907    27.845   -167.90     47.36      1.00
   1.07045   1.75797   6.12843     9.168    33.195    -7.381   -167.88     44.70      1.00
   4.36245   2.10377   4.63180    19.050    11.063    32.227   -167.87     47.43      1.00
   0.24700   1.85291   3.70925    -3.905    16.809     6.436   -167.85     36.58      1.00
   2.91999   2.40570   1.17517    42.490    -4.653     6.253   -167.83     59.86      1.00
   5.26920   2.14405   3.05509     9.452    -3.002    11.104   -167.80     37.41      1.00
   3.15870   0.73763   2.94908    16.950    -0.178    -0.665   -167.80     21.15      1.00
   4.41316   2.01368   5.59039    35.856     9.926    -9.160   -167.79     44.49      1.00
   2.20768   1.89227   4.04492    20.670    33.445    10.141   -167.76     48.01      1.00
   1.43210   1.02303   5.66764    13.068    31.543    37.010   -167.74     53.78      1.00
   2.73068   2.22399   1.06790    32.358    -2.670     9.272   -167.71     52.58      1.00
   5.66500   2.22833   0.61178    43.733    18.674   -12.240   -167.70     56.11      1.00
   4.96497   0.92511  -0.19405    10.539    33.590     7.976   -167.67     36.97      1.00
   4.62220   0.95154   2.58828    28.133    31.818     6.550   -167.67     49.15      1.00
   5.69798   2.26003   1.99706    -3.137    -6.626    22.447   -167.65     40.66      1.00
   0.21746   1.87835   3.82922    33.601    20.342    -8.204   -167.65     53.37      1.00
   4.52306   1.68657   4.76874    20.163    39.197     2.785   -167.64     45.95      1.00
   0.03724   2.90785   5.56992     4.606     9.947    38.858   -167.64     49.54      1.00
   0.46428   1.15055  -0.18497    54.103    14.975    28.842   -167.63     65.18      1.00
   4.38334   0.82166   3.17383    25.374     3.618   -11.842   -167.60     37.35      1.00
   2.86375   0.99253   1.27187    46.261     0.295    -1.936   -167.55     56.93      1.00
   5.94238   1.20029   3.62420    28.598     4.168    -0.163   -167.49     45.53      1.00
   1.49895   1.09146   2.87419    26.285   -14.845    18.248   -167.48     49.00      1.00
   0.15041   0.33952   4.26225     9.395    -0.350    15.393   -167.47     31.11      1.00
   4.12192   1.58210   1.48013    30.584     7.479    41.346   -167.47     60.75      1.00
   1.50052   2.48392   6.16052    40.294    32.582    -8.345   -167.46     63.91      1.00
   2.02433   1.82507   0.77016    31.568     3.590    -0.782   -167.44     51.08      1.00
   4.71284   0.92726   4.28498    25.184    15.895    44.736   -167.43     60.96      1.00
  -0.00336   2.39589   2.89847     9.618    26.103     3.882   -167.41     45.79      1.00
   4.45294   2.06556  -0.00698    24.958    27.634    -3.184   -167.39     44.59      1.00
   0.21980   2.01069   0.74706     9.435    51.238    15.945   -167.36     58.37      1.00
   3.42545   1.28727   4.38823   -14.564    14.648    42.421   -167.34     53.65      1.00
   1.75887   1.50042   0.81607    17.734    32.849    29.608   -167.29     57.16      1.00
   2.18398   1.92244   4.02634    20.813    33.202     9.617   -167.29     47.97      1.00
   5.31692   1.08214   5.47572    49.068     1.851    20.690   -167.27     55.48      1.00
   2.44955   1.72418   5.34589    36.946     6.462   -10.368   -167.27     49.98      1.00
   1.14492   2.95790   3.31500    32.351     7.151    -6.200   -167.26     48.46      1.00
   3.61908   1.79757   4.29592    20.729     8.465    -0.716   -167.23     32.83      1.00
   3.25701   2.26884   5.40005    51.919    14.783    21.039   -167.20     65.92      1.00
   3.46679   1.54550   0.47828    33.482    28.243    -7.571   -167.17     52.87      1.00
   1.77020   2.39998   1.98028    13.258    13.122    -8.549   -167.17     40.10      1.00
   1.15913   0.63732   5.52277     4.087    27.599    42.221   -167.14     50.90      1.00
   0.65983   2.11535   2.61298    44.540    -0.067    18.036   -167.13     59.89      1.00
   5.35996   1.50583   2.63170    28.632     7.032    -5.957   -167.12     46.38      1.00
   0.18327   1.34823   6.01601    19.353    18.505    43.325   -167.12     50.42      1.00
   4.49991   1.42842   5.71937    19.042     3.567    27.214   -167.08     42.37      1.00
   3.06653   1.98450   2.84499    51.761     4.074    21.268   -167.07     64.24      1.00
   4.57305   1.65731  -0.35955    39.445    40.493     5.893   -166.99     58.04      1.00
   5.99883   1.16661   4.76463    34.292    13.944    40.833   -166.97     56.53      1.00
   4.47096   2.03775   0.01926    25.414    28.292    -3.295   -166.95     45.08      1.00
   4.36838   1.09471   3.34373    31.119    -2.886    17.750   -166.93     46.89      1.00
   1.46438   1.42337   0.32489    39.311    40.365    16.362   -166.92     66.96      1.00
   5.88173   0.27324   4.92347    27.815    12.277     1.758   -166.88     35.43      1.00
   2.25571   1.51777   0.77163    21.489     3.031    18.286   -166.86     48.10      1.00
   0.55648   0.91823   1.24128    42.895    -0.075    22.546   -166.86     60.03      1.00
   4.74978   1.97885   3.18448     0.307    32.064    -0.679   -166.86     39.80      1.00
   1.30845   0.56818   5.46020     4.401    26.113    43.452   -166.82     51.53      1.00
   0.09220   2.16832   3.39403    42.101     1.677    30.006   -166.82     62.88      1.00
   3.71853   1.78661   4.87765    37.002    38.734    22.570   -166.80     62.33      1.00
   4.26170   1.61689   5.30851    24.074    -1.632    19.121   -166.79     42.09      1.00
   2.16825   1.83389   2.15714     8.587     4.505    -8.240   -166.79     37.20      1.00
   2.71484   1.40434   3.86053    32.502    -0.776    13.651   -166.79     41.48      1.00
   2.18878   1.30782   1.37808    -4.695    39.737    33.329   -166.75     58.86      1.00
   3.81503   2.25655   0.57176    33.585     5.311    30.876   -166.74     58.42      1.00
   1.13074   0.68469   4.20191    28.790    30.238     4.451   -166.74     42.87      1.00
   0.20737   0.43360   0.28413     5.956    29.481    14.993   -166.71     35.41      1.00
   5.52167   1.09687   4.49304    48.229    23.491    34.202   -166.71     66.72      1.00
   1.45577   1.74633   2.45250    11.517    -3.633    28.113   -166.69     47.65      1.00
   1.78819   1.87617   4.44778    41.337    -4.885     6.903   -166.68     50.79      1.00
   1.92292   1.67997   3.59982    17.118     1.229    30.255   -166.68     44.28      1.00
   3.95776   0.14615   0.93184    47.875    20.450    32.030   -166.67     61.38      1.00
   0.24161   1.83184   3.80467    -4.181    17.415     6.687   -166.66     36.23      1.00
   2.64773   0.71609   2.22426    45.254    22.105    30.523   -166.66     62.05      1.00
   0.79482   1.95159   2.59226    38.134     9.033    37.183   -166.65     63.06      1.00
   5.18692   1.54656   5.43797    48.049     9.322    29.737   -166.64     59.47      1.00
   3.13893   1.05426   0.49921    16.585     0.281    11.710   -166.59     39.97      1.00
   2.96828   1.85760   2.60450    16.535     5.489    38.006   -166.59     52.99      1.00
   1.33709   0.52996   1.33551    17.856    41.988    15.009   -166.57     55.48      1.00
   1.46590   2.11451   3.15464    36.469     4.800    36.819   -166.53     60.20      1.00
   1.34286   1.82754   2.85549    35.376    -2.476    17.386   -166.52     52.15      1.00
   5.21955   2.38379   4.78324    37.840     5.154    16.818   -166.48     51.05      1.00
   1.42759   2.07825   0.24628    28.462     1.880    15.694   -166.47     49.09      1.00
   2.30921   0.74669   1.48933    39.426    38.910    16.456   -166.47     63.33      1.00
   2.08398   0.26473   2.04244    41.858    -2.160    36.470   -166.47     63.23      1.00
   1.17698   1.08578   4.73940    19.828    -8.861    18.409   -166.43     32.80      1.00
   0.41647   1.24126   0.19471    31.743     4.828     3.239   -166.43     40.98      1.00
   4.80089   2.28922   4.03977     7.776    33.279     7.449   -166.41     40.57      1.00
   4.15034   2.13959   6.04985    43.825    48.365    18.842   -166.41     72.12      1.00
   0.90008   1.23405   0.05895    24.371    51.026    12.991   -166.40     62.14      1.00
   1.80525   1.87560   2.50830    12.774    -2.905    27.818   -166.40     47.24      1.00
   1.83508   1.24442   3.77744    10.725    28.085    14.367   -166.39     39.14      1.00
   4.75386   1.54608   4.76931    18.907    42.604     8.091   -166.38     48.26      1.00
   4.86716   0.47642   2.89006     3.831    29.226    51.693   -166.33     63.05      1.00
   2.14127   2.55791   1.64946    27.021     5.624   -14.182   -166.28     47.94      1.00
   6.20802   1.36294   4.42720    31.290    -8.315    12.791   -166.27     45.44      1.00
   4.38998   0.87448   1.42173    14.156    35.275    29.128   -166.26     50.78      1.00
   1.50661   1.92685   0.23362    27.913     0.526    11.832   -166.25     47.96      1.00
   1.04487   1.62863   3.11390    24.326    33.258    11.223   -166.23     52.02      1.00
   2.26842   1.24291   3.98944    22.531    31.929    10.270   -166.22     44.18      1.00
   5.58249   1.75986   0.42314     8.084    25.680     4.010   -166.20     34.98      1.00
   1.61143   2.57126  -0.08197    41.087    30.911    -9.736   -166.17     64.25      1.00
   0.82724   2.14271   2.88530    39.542     2.833    29.017   -166.16     59.46      1.00
   3.89172   1.54217   4.41981    44.126    26.850   -18.753   -166.14     57.84      1.00
   0.25359   2.42980   5.49178    23.995    40.086    29.636   -166.09     58.84      1.00
   5.11235   2.69690   1.75677    35.516    -2.516     0.479   -166.07     51.32      1.00
   1.12504   1.76681   0.07252     6.644    27.163    37.132   -166.06     51.82      1.00
   3.95029   1.45995   5.91597    15.643    41.082    40.879   -166.03     65.51      1.00
   3.28101   1.40777   0.48949    -4.506    29.020     9.408   -166.03     41.97      1.00
   5.77823   0.60760   5.32308    22.099     0.337    11.699   -166.02     29.87      1.00
   3.37990   0.23385   0.66613    41.510     5.356    41.360   -165.98     65.49      1.00
   0.11560   0.23427   4.79937    29.446    38.805    21.678   -165.91     51.99      1.00
   3.60549   2.24575   5.01965    35.381    -1.536     0.509   -165.90     45.08      1.00
   0.92225   0.40815   6.23845    19.037    18.327    41.318   -165.89     51.86      1.00
   3.50591   1.31440   0.27445    51.933    10.748    22.798   -165.89     66.82      1.00
   1.75243   2.08754   2.33547    34.774    22.475   -20.721   -165.88     56.38      1.00
   4.96104   1.18344   1.61727    41.999    -4.233    16.835   -165.86     51.54      1.00
   5.88648   2.23078   1.76322    36.466    14.182    40.021   -165.85     64.09      1.00
   0.00882   0.62845   0.53171    31.604    14.387    -3.594   -165.78     40.05      1.00
   3.14164   0.37200   4.00008    11.772    -0.294    28.887   -165.77     36.01      1.00
   5.09751   1.67860   2.80704     4.697    12.469     1.933   -165.75     32.65      1.00
   6.04474   1.29202   4.64340    31.790    11.511    40.511   -165.74     55.32      1.00
   0.03132   0.54595   1.61334    56.146    15.528    29.574   -165.73     73.59      1.00
   1.78291   1.86352   2.49241    12.848    -2.980    27.901   -165.66     47.38      1.00
   2.00665   1.78735   5.49118     4.260    33.985    34.641   -165.65     56.56      1.00
   4.98526   2.64693   3.87416    15.079    44.864    14.759   -165.65     54.23      1.00
   5.55038   1.29328   6.19323    27.303    10.279    41.703   -165.63     50.72      1.00
   3.90652   1.36719   5.96402    36.058    40.773    36.132   -165.62     70.16      1.00
   3.03784   1.92229   2.79112    51.770     5.064    22.104   -165.59     64.45      1.00
   4.53901   1.72056   5.83800    37.472    40.270     4.561   -165.56     56.64      1.00
   2.36837   1.13128   2.48780    33.363   -15.292    15.330   -165.53     50.85      1.00
   5.40947   0.60357   4.55604    20.693    36.096    32.787   -165.53     55.25      1.00
   2.02542   1.86656   5.50796    40.880    36.409    19.219   -165.52     67.30      1.00
   0.94259   2.57225   1.97412    45.130    44.876   -12.400   -165.41     70.81      1.00
   0.31363   2.22936   5.70977    43.812    37.395    25.101   -165.38     66.40      1.00
   4.12255   2.22296   0.54859     8.392    33.641     9.324   -165.35     47.76      1.00
   0.67331   0.60250   5.36769    41.597    11.734    32.921   -165.34     53.25      1.00
   3.67171   2.23860   6.06445    32.578    27.766    29.503   -165.34     61.44      1.00
   5.91800   0.88815   3.54321    28.717     1.024     4.436   -165.31     45.84      1.00
   1.62743   1.52310   5.03327    20.588    27.189    -9.337   -165.30     44.32      1.00
   1.70491   1.01498   3.94192     3.678     8.180     1.929   -165.30     22.19      1.00
   4.04703   2.23694   2.43610    43.228   -10.849    19.685   -165.30     62.55      1.00
   6.22818   1.14278   1.57088     8.220    22.478     9.014   -165.29     38.58      1.00
   4.66290   0.84073   4.29870    26.539    17.862    44.959   -165.28     62.29      1.00
   1.95723   0.63292   3.93117    19.326     5.635    34.849   -165.26     41.72      1.00
   4.92225   2.12201   3.57727    10.510    21.778     3.415   -165.25     36.80      1.00
   1.95539   1.76076   5.46290     4.155    34.107    34.085   -165.22     55.98      1.00
   3.61360   1.99331   1.24206    27.241    -2.712    -1.545   -165.22     44.01      1.00
   4.58156   1.62337   2.94684    25.609    20.407   -12.950   -165.21     44.97      1.00
   2.52413   0.99085   3.78629    28.076     0.925    24.929   -165.21     41.49      1.00
   3.11139   1.73855   0.97019    16.800    34.973     0.867   -165.21     49.09      1.00
   1.40043   0.33894   5.56115    18.225     7.169    36.874   -165.18     44.20      1.00
   2.68328   2.84049   2.85613    17.164    -2.798    16.385   -165.15     41.89      1.00
   0.43711   0.92236  -0.12928    14.527    23.617     4.509   -165.14     32.18      1.00
   5.59464   1.80746   5.95136    19.440    17.351    -2.700   -165.13     32.60      1.00
   2.92236   1.96117   1.45542    28.496    12.246   -12.178   -165.13     47.61      1.00
   5.93780   1.89074   0.16763    52.226     2.170    -7.027   -165.12     58.38      1.00
   5.68184   2.26504   1.04404    53.787    45.407     5.283   -165.11     75.63      1.00
   0.08436   0.31672   4.85412    29.231    38.618    22.384   -165.09     51.85      1.00
   0.83491   1.91577   0.21186    23.709    11.374    -0.685   -165.05     41.64      1.00
   0.37253   0.81587   4.89731    31.992    -1.396     3.767   -165.05     35.61      1.00
   0.10949   2.16113   3.39704    42.383     1.821    29.802   -165.05     62.95      1.00
   4.76819   1.19731   2.61582    57.431     7.046    35.517   -165.04     75.99      1.00
   1.86960   1.62554   0.98271    14.965    13.909    -4.907   -165.00     41.98      1.00
   1.25102   0.99706   3.35224    33.417   -13.524     8.538   -164.99     47.65      1.00
   2.13179   1.23568   1.11769     2.905    36.592    30.107   -164.98     55.73      1.00
   0.03627   2.14182   4.65702    40.545    27.075    -9.686   -164.98     59.00      1.00
   3.81480   0.87610   4.72237    -0.604    41.467    21.186   -164.95     50.06      1.00
   1.16542   1.84124   2.51874    41.667    34.785    -3.204   -164.92     63.02      1.00
   4.38205   1.94648   5.73723     0.056    35.886    13.578   -164.89     44.57      1.00
   1.69414   1.47106   0.82023    17.675    31.971    30.693   -164.89     57.12      1.00
   1.44418   2.08624   3.14955    35.339     5.205    36.958   -164.87     59.65      1.00
   1.64684   0.69072   2.43163    11.822     1.423    11.781   -164.82     36.93      1.00
   4.61091   1.37226   5.17118    31.271    18.767    38.487   -164.81     57.69      1.00
   5.40456   1.21128   2.03777    18.657    33.915    26.187   -164.80     53.94      1.00
   4.02148   1.23070   0.04257    39.690    25.245    43.132   -164.79     69.30      1.00
   4.78090   0.55186   5.66911    19.715    -0.794    42.531   -164.77     53.61      1.00
   3.58226   1.94733   2.13876    -6.849    10.028     4.188   -164.76     30.36      1.00
   1.43309   0.99504   3.54543    20.856    -2.369    -3.391   -164.74     33.59      1.00
   2.74577   2.65837   0.92100    35.700    -2.865    14.034   -164.73     56.09      1.00
   2.34627   2.35800   4.37879     2.951    29.206    -5.830   -164.65     42.91      1.00
   1.10493   1.11196   0.47362    31.189    36.083    29.152   -164.64     62.44      1.00
   4.12121   2.34943   5.66932    15.191    31.605    -2.110   -164.63     43.39      1.00
   0.22536   2.61660   5.49809    30.313     1.060     9.034   -164.62     46.73      1.00
   0.37271   2.41275   5.74644    28.280     2.365     6.814   -164.60     43.88      1.00
   2.11587   1.36805   1.22927    16.377     7.999    -0.855   -164.59     41.18      1.00
   3.05447   1.81640   1.18433    22.718     7.414    -8.987   -164.58     42.49      1.00
   4.66442   0.89502   2.53640    27.942    31.058     5.825   -164.57     48.33      1.00
   1.52704   2.43872   6.10145     2.452    30.675     7.040   -164.56     43.39      1.00
   6.00200   1.21105   4.39707    36.262    -8.461    18.390   -164.56     50.83      1.00
   5.17926   0.94746   5.25211    39.299     4.030    31.154   -164.54     54.39      1.00
   4.17109   0.86882   1.59833    14.672    33.058    33.011   -164.53     52.25      1.00
   2.33492   1.52847   6.19393    19.266    19.284    -8.022   -164.49     43.72      1.00
   3.07834   1.89071   1.60620    31.184     7.785   -11.462   -164.49     47.76      1.00
   3.08568   2.27944   0.63210    26.261    -6.173     1.762   -164.48     46.71      1.00
  -0.43469   2.74971   1.18593    39.035    12.765   -10.290   -164.47     53.27      1.00
   3.47033   1.15624   2.47007    45.853    22.090    29.683   -164.46     63.34      1.00
   1.99891   1.58147   3.90781    19.386    31.012    19.661   -164.44     47.49      1.00
   2.99457   1.08824   1.27398    54.666    28.234    24.967   -164.40     72.69      1.00
   1.48040   2.55981   6.13344    40.236    30.883   -10.048   -164.36     63.45      1.00
   2.20293   2.00359   2.63716    23.412    -1.941    -9.104   -164.34     42.14      1.00
   5.52449   1.82172   3.95019    -3.492     7.243     7.910   -164.31     30.79      1.00
   0.51234   0.29008   0.45146    17.784     3.950    32.824   -164.29     42.07      1.00
   1.96147   2.77901   0.26222    24.358     4.169    28.565   -164.25     53.14      1.00
   5.38889   2.72315   0.68510     0.393    13.182     3.891   -164.24     35.51      1.00
   3.89399   2.43843   1.03977    24.939    14.108    -6.359   -164.24     45.69      1.00
   3.27684   2.89163   4.90899    26.082    42.777    -5.509   -164.23     57.78      1.00
   2.15123   1.34717   3.59765    53.569    12.775    27.722   -164.22     64.24      1.00
   4.50127   1.57545   0.40101    25.603    39.242    41.268   -164.20     66.59      1.00
   0.87047   2.75587   3.13589    21.841    32.736    14.069   -164.20     54.04      1.00
   4.31670   1.29242   0.09830    18.525    28.696    49.029   -164.20     64.53      1.00
   1.11686   1.77352   4.50104    20.375    -6.043    26.290   -164.18     42.72      1.00
   0.84825   0.76029   0.78012    13.357    27.840    42.484   -164.18     57.67      1.00
   3.95492   1.88183   5.20418    43.213    15.519    24.315   -164.17     58.26      1.00
   0.65069   0.79975   4.00778    37.062   -11.225     7.294   -164.11     47.11      1.00
   5.13831   2.72589   0.99693    35.941    20.620    -9.902   -164.09     54.01      1.00
   2.36560   1.19391   0.47317    38.033    13.340    32.025   -164.06     64.45      1.00
   1.97606   1.31740   3.74902    27.057    30.436     8.363   -164.06     45.68      1.00
  -0.06662   0.92368   4.06336    48.933    25.881    30.887   -164.06     66.35      1.00
   5.58982   1.29058   1.90752    27.450    32.220    11.390   -163.98     53.09      1.00
   4.82866   2.32090   1.64564    11.465    -8.296    11.365   -163.96     38.02      1.00
   5.13295   1.28866   1.44216    24.896    18.611    54.525   -163.95     66.64      1.00
   3.98815   1.56465   2.10336    42.950   -14.425    23.754   -163.90     60.80      1.00
   1.81862   2.68172   0.63611    32.075    -0.237    10.758   -163.89     51.69      1.00
   3.29398   1.35316   5.25293    10.735    24.509    -1.610   -163.88     36.31      1.00
   0.54455   1.79749  -0.05204    31.607    13.220    -3.316   -163.87     45.21      1.00
   2.88848   1.54796   3.98880    27.323    -0.558     6.229   -163.86     36.25      1.00
   1.97430   1.76692   5.44619     3.994    33.967    34.556   -163.85     56.23      1.00
   2.90748   1.08840   0.75502    13.155    36.679     7.610   -163.83     48.22      1.00
   1.92525   0.74878   0.74240    34.563    39.322    -2.015   -163.82     61.32      1.00
   5.59058   1.74025   0.40586     8.198    25.763     4.100   -163.79     34.84      1.00
   1.80883   0.80195   2.20769    38.899    15.303    33.786   -163.77     61.46      1.00
   3.88585   2.52285   5.07982    27.412    23.270    -8.145   -163.76     44.22      1.00
   0.28040   1.36866   4.15669    18.677     9.710    44.171   -163.75     53.05      1.00
   5.34597   1.76564   5.48844    10.675     3.179    22.136   -163.74     33.28      1.00
   2.75935   1.33560   4.36518    42.985    -3.054    -5.882   -163.72     48.60      1.00
   4.43038   1.05060   1.23920    12.301    36.345    26.835   -163.72     50.57      1.00
   1.51845   1.51112   2.88470    29.117    12.433    33.238   -163.70     54.36      1.00
   0.08341   1.11940  -0.10073    35.691    14.589    -1.632   -163.69     42.12      1.00
   2.49722   0.97352   5.75961    17.234    18.460    41.252   -163.68     57.72      1.00
  -0.08417   0.64958   5.22990    18.318    14.710     3.418   -163.65     25.73      1.00
   5.62579   1.29049   2.01274    18.510    29.035    11.101   -163.63     46.81      1.00
   1.61919   1.37989   3.36017    25.422     5.072    31.752   -163.61     48.47      1.00
   4.27749   1.58981   0.05158     4.925    16.613    42.719   -163.60     54.29      1.00
   5.73671   1.63185   2.10597    16.100    33.143    20.853   -163.57     52.51      1.00
   4.18568   1.61481   3.18085    -4.680    14.095    43.065   -163.54     52.34      1.00
   4.84326   1.25525   1.60776    23.322     8.960    54.118   -163.54     64.32      1.00
   5.51731   1.90645   0.44183     6.447    23.727     3.412   -163.52     34.56      1.00
   4.49146   1.98497   0.02161    25.410    28.777    -3.008   -163.49     45.00      1.00
   0.70295   1.64795   0.19340    12.602    43.717     0.856   -163.49     51.23      1.00
   5.72647   1.28522   2.36577    32.465    35.526    12.382   -163.48     59.51      1.00
   6.08023   1.83305   0.81412    16.510    20.262    44.645   -163.43     55.45      1.00
  -0.00523   1.31381  -0.15970    35.662    13.062    -1.135   -163.42     42.00      1.00
   0.39851   1.41477   0.39651    30.318     6.550     5.416   -163.41     41.85      1.00
   3.38560   2.64624   3.22023    29.739     9.394    35.002   -163.39     56.66      1.00
   0.36609   1.93712   3.93216    -4.339    21.463     7.524   -163.37     37.99      1.00
   2.39095   2.83970   2.58204    17.477    -2.589    15.865   -163.36     42.06      1.00
   2.72006   2.77689   2.83082    18.457    -2.999    18.148   -163.36     43.32      1.00
   2.84083   1.63901   5.33322    39.127    12.923   -13.916   -163.36     52.40      1.00
   1.05866   2.14537   3.33225    48.056     6.873    36.533   -163.34     67.98      1.00
   2.89505   1.70059   2.54364    51.569     9.235    25.427   -163.32     65.53      1.00
   3.78610   0.87973   1.05006    38.009     9.453    44.870   -163.30     65.09      1.00
   4.86980   1.78323   4.74329    39.313    13.809    30.635   -163.28     57.17      1.00
   3.11064   1.91129   1.56007    30.967     7.268   -11.285   -163.27     47.70      1.00
   3.56146   1.09996   2.35577    45.946    25.308    28.460   -163.19     63.71      1.00
   5.41258   2.06055   2.43519    27.303     0.327     7.168   -163.13     46.12      1.00
   1.51380   1.07860   5.97786    10.200    48.224    12.573   -163.12     55.80      1.00
   1.79250   1.87426   4.48364    41.030    -4.986     6.830   -163.09     50.60      1.00
   0.08514   1.10190   5.73956    19.018    11.611     5.005   -163.09     26.15      1.00
   5.42629   1.20445   2.03980    18.908    34.111    25.828   -163.06     54.03      1.00
   3.10863   1.43205   3.38077    26.658    19.219   -11.903   -163.04     38.15      1.00
   0.28455   1.18749   5.42992    53.306    24.523    30.777   -163.04     65.67      1.00
   1.53388   1.23758   3.16911    52.018    -9.584    -7.947   -163.03     61.15      1.00
   6.18384   0.44319   0.07868    30.352   -12.114    20.019   -163.03     38.11      1.00
   5.34824   1.39666   1.34428    47.125     0.146    24.517   -163.00     58.74      1.00
   0.57086   2.78738  -0.15006     2.738     7.817    38.027   -162.99     48.53      1.00
   5.01603   1.30569   5.17397    28.470     9.013    36.664   -162.97     52.01      1.00
   1.99096   2.00870   5.44774     2.500    35.454    31.186   -162.96     55.94      1.00
   2.61464   0.75127   2.58927    42.276   -15.948    -3.027   -162.95     50.26      1.00
   4.25438   1.20561   0.30245     0.163    36.424    23.329   -162.94     48.46      1.00
   0.10041   0.18493   0.89334    17.137     2.196    31.142   -162.94     40.64      1.00
   3.33275   0.54967   0.63056    63.595     2.769    10.294   -162.93     71.26      1.00
   1.42649   1.49631   5.51850    18.639    21.338   -16.038   -162.86     43.24      1.00
   2.15673   3.06971   0.96712    40.099    -1.096   -14.485   -162.84     58.36      1.00
   4.78200   0.95156   4.34951    42.641    14.994    38.147   -162.84     66.37      1.00
   3.79430   1.85276   4.98872    15.656     7.136    -0.780   -162.83     31.14      1.00
   6.00366   1.16211   5.47302    26.895    34.887    22.919   -162.82     47.88      1.00
   5.00215   0.45040   2.12294    23.100    34.139    21.464   -162.80     50.57      1.00
   1.22195   2.26042   3.00559    38.395    -2.310     3.603   -162.79     52.06      1.00
   5.12981   1.01643   3.53173    39.012     5.226    42.021   -162.78     66.97      1.00
   3.85619   3.03162   5.61763    50.688    44.179    -6.637   -162.77     73.19      1.00
   1.84369   2.13845   1.97311    18.237     8.787    -8.235   -162.75     42.05      1.00
   4.18207   2.25678   0.54418     8.129    32.952     8.469   -162.73     47.07      1.00
   3.42362   1.95534   1.41847    21.877     0.259    -2.680   -162.73     40.50      1.00
   0.82136   1.12373   1.34140    27.868    20.033    35.732   -162.72     58.78      1.00
   4.44110   1.59209   5.85715    10.527    17.675    -0.227   -162.70     30.30      1.00
   0.66738   1.08696   3.73250    24.040   -16.662    24.397   -162.69     48.62      1.00
   5.00703   0.32786   5.86196    19.901     5.869     6.674   -162.67     29.14      1.00
   3.31483   2.35413   4.85763    34.720    -3.745     5.249   -162.67     45.76      1.00
   0.97963   1.48018   4.88573    27.548    10.820   -11.927   -162.65     41.42      1.00
   2.69547   0.79071   1.03193    10.292    39.196    17.784   -162.63     51.06      1.00
   5.31091   1.34275   1.40715    45.363    -0.730    23.694   -162.58     57.04      1.00
   4.79241   0.91371   1.46631    37.564    -5.267    15.662   -162.57     44.71      1.00
   5.46793   1.29441   5.45308    46.330     2.045    25.386   -162.49     54.89      1.00
   4.24248   1.25209   0.29242    -0.057    36.274    22.915   -162.45     48.41      1.00
   1.58936   1.75606   2.43154    12.751    -3.253    29.194   -162.45     48.45      1.00
   4.76766   1.51627   2.63253    22.296    11.430    -9.462   -162.44     39.80      1.00
   0.34225   1.47951   4.42815    28.613    -6.523     0.929   -162.43     41.75      1.00
   0.71099   1.52418   4.04209    37.889     3.416    31.094   -162.35     55.22      1.00
   5.31662   1.15676   0.11480    50.898    -7.723    14.397   -162.34     54.15      1.00
   1.33069   1.08726   2.32197    40.883    30.407    30.159   -162.30     65.74      1.00
   5.30255   2.12561   3.61962    35.396    12.801    -8.759   -162.30     52.58      1.00
   2.45623   1.49065  -0.39786    51.598    28.042    24.638   -162.29     73.64      1.00
   3.18540   1.29547   0.55967    32.125    33.285    -4.982   -162.27     54.44      1.00
   3.25026   1.04991   4.89089    -0.734    35.686     8.518   -162.26     41.74      1.00
   2.97608   2.58960   5.86978    44.193     2.134    -9.290   -162.25     57.67      1.00
   2.09353   2.25741   2.72072    20.765     3.678   -12.308   -162.19     41.47      1.00
   5.21300   0.80889   1.38887    -6.179    25.530    36.207   -162.19     46.84      1.00
   2.01304   1.65092   5.47635     4.863    32.862    36.734   -162.19     56.82      1.00
   5.58667   1.10251  -0.05616    25.814     5.515    40.484   -162.15     47.93      1.00
   0.63192   1.49666   3.96642    38.186     5.557    32.428   -162.13     56.45      1.00
   4.49359   2.33332   2.56910    22.063     9.565    36.025   -162.13     55.75      1.00
   5.36706   1.74444   5.48934    10.689     3.185    21.768   -162.13     32.89      1.00
   2.08024   0.30657   4.55736    36.055     0.276    25.408   -162.13     45.82      1.00
   2.41942   2.69439   1.18011    35.303     2.710    19.181   -162.06     56.27      1.00
   2.45345   1.80191   0.22341    30.328    12.074   -12.722   -162.05     50.89      1.00
   5.33629   1.29552   0.67326    38.233    35.222    -0.462   -162.04     54.34      1.00
   0.72463   1.19571   6.28740     9.682    48.037    20.532   -162.01     55.40      1.00
   1.58169   1.04745   5.63678    12.274    30.401    38.905   -162.01     54.92      1.00
   5.10204   1.66276   2.40180    30.547    31.525    16.602   -161.96     57.01      1.00
   4.77684   1.78822   3.04552    13.478    -9.533    40.487   -161.96     54.98      1.00
  -0.26607   0.75774   5.27602    34.956    30.887    28.897   -161.91     52.81      1.00
   0.83781   1.83556   2.43559    24.300     5.222    36.403   -161.90     55.55      1.00
   1.23614   2.83080   2.42544    31.086    30.828   -16.603   -161.89     55.83      1.00
   1.80088   2.15015   5.23722    37.213    38.143    12.782   -161.88     64.55      1.00
   5.30851   2.03385   3.59651    34.787    11.528    -8.418   -161.87     51.82      1.00
   4.23924   1.10878   5.81198    33.088    18.154    43.907   -161.86     63.55      1.00
   4.05014   2.25556   2.91835    43.364    49.498    18.871   -161.86     73.64      1.00
   3.63128   1.72260   4.66418    23.479    37.323    26.108   -161.85     56.18      1.00
   2.12057   1.27955   3.57808    53.510    14.428    28.185   -161.83     64.44      1.00
   4.98764   1.72969   1.28626    61.813     5.131    26.201   -161.82     73.00      1.00
   4.14176   0.17467   0.73673    47.903    21.260    32.080   -161.81     61.64      1.00
   5.07792   1.49675   0.70531    30.706    10.445    41.668   -161.80     56.12      1.00
  -0.25471  -0.33987   4.39798    59.494    -1.322     6.986   -161.80     66.54      1.00
   4.16916   1.09470   1.34661    49.223    37.600    15.186   -161.78     66.50      1.00
  -0.10765   1.91783   5.80661    31.116     5.804     7.560   -161.75     40.46      1.00
   3.69276   1.53175   0.72239    40.756    38.824    14.791   -161.69     64.83      1.00
   1.43929   0.97995   5.67347    13.382    31.011    37.402   -161.67     53.78      1.00
   4.08049   0.94186   2.94701    -0.820    -8.940    29.001   -161.62     37.24      1.00
   4.32858   1.57122   1.31311    31.404    14.585    43.281   -161.62     62.88      1.00
   5.49434   2.41009   4.32113    26.187    48.278    14.783   -161.62     60.52      1.00
   1.49375   0.83936   3.93792    72.089    30.139    23.511   -161.61     80.91      1.00
   5.92665   0.57823   3.35000     5.695    -3.625    20.852   -161.58     40.35      1.00
   1.88281   2.73077   0.65646    32.441    -0.670    11.534   -161.57     52.18      1.00
   3.97057   0.99856   5.92240    37.485    35.381    41.185   -161.56     70.54      1.00
   2.53171   1.16336   2.12836    46.428    14.769    30.404   -161.54     64.17      1.00
   5.50230   1.60030   2.62743    17.606     7.242    -0.711   -161.53     39.48      1.00
   2.31213   1.58912   0.72552    21.688     3.278    19.616   -161.51     48.75      1.00
   4.77873   1.40628   2.83274    24.739     4.812     1.750   -161.49     39.59      1.00
   5.05191   1.80331   2.92505     5.027    16.177     1.847   -161.48     34.13      1.00
   0.42272   1.96862   4.19085    33.737    27.139    -6.054   -161.48     54.75      1.00
   2.72372   0.80968   1.07634    18.051    39.036    18.687   -161.47     53.49      1.00
   4.81026   1.98601   3.93039    10.174     5.258     3.129   -161.46     31.50      1.00
   3.06805   1.95875   1.48871    27.416     7.500   -10.079   -161.46     45.59      1.00
   1.03534   1.63044   0.12350     8.238    25.734    38.041   -161.36     51.57      1.00
   4.48997   0.99705   5.50562    10.864    13.966    51.707   -161.34     60.67      1.00
   5.47214   1.81978   5.74535    28.661    26.133    41.545   -161.31     57.00      1.00
   4.82218   1.76095   1.47397    41.154    -1.783    29.064   -161.31     58.66      1.00
   0.61898   2.05250   5.75206    17.118    32.834    28.892   -161.30     51.03      1.00
   0.45041   2.69821   5.91432     4.219     6.440    38.098   -161.30     48.20      1.00
   3.13099   1.81565   4.49612    43.856    16.479    26.476   -161.29     60.18      1.00
   3.07453   1.82865   1.73561    32.139     7.349   -11.731   -161.25     47.73      1.00
   3.13044   1.46270   3.24419    13.721    17.501    -6.256   -161.11     29.04      1.00
   0.76685   2.61242  -0.11724     1.625    13.575    -7.918   -161.10     35.17      1.00
   5.23578   2.60926   3.07910    35.099     7.179    -7.365   -161.10     53.42      1.00
   4.31441   1.28658   5.78904     9.741    34.368    12.840   -160.99     42.43      1.00
   1.87301   2.38529   0.52190    20.249     2.557    22.548   -160.96     48.24      1.00
   2.66413   2.76275   4.59701    30.784    38.043    13.025   -160.94     59.10      1.00
   5.57620   1.05010   0.00189    25.920     4.810    39.702   -160.93     47.22      1.00
   1.52657   0.36658   2.57144     7.696    17.444     6.489   -160.88     33.59      1.00
   5.22514   0.80311   1.36162    -6.446    25.434    36.216   -160.86     46.75      1.00
   2.34427   0.99625   6.02051     2.873    32.752     2.948   -160.83     42.19      1.00
   2.09917   0.66467   1.98455    57.065    18.287    27.261   -160.82     71.52      1.00
   4.10228   2.52937   1.87824    57.465     0.098    17.762   -160.79     73.14      1.00
   1.86607   3.02440   3.76820    29.402     0.455     7.467   -160.78     45.00      1.00
   2.76665   1.08436   4.98121   -14.242    26.153     6.184   -160.73     36.02      1.00
  -0.02211   2.05729   2.00346    45.380     1.753    34.778   -160.72     66.22      1.00
   2.04083   1.65707   5.47760     4.411    32.628    36.995   -160.71     56.92      1.00
   4.72926   1.12213   5.63189    50.325    12.137    31.213   -160.70     63.37      1.00
   2.90012   2.18282   2.75221    14.050    -0.228    32.792   -160.70     49.35      1.00
   4.19556   2.27594   0.54509     8.041    32.663     8.118   -160.64     46.85      1.00
   2.40449   1.73931   5.09082     2.321     2.484     5.539   -160.64     28.58      1.00
   1.24102   2.09703   0.95952    38.688    19.449   -18.584   -160.64     59.98      1.00
   1.32161   2.70497   3.14024    32.054    -0.390    12.581   -160.63     48.13      1.00
   0.97274   1.92455   1.25119    19.501    -1.059    19.490   -160.59     45.62      1.00
   4.53443   1.60940   2.45002    11.868   -15.442    25.861   -160.58     44.37      1.00
  -0.09076   1.69897   5.46101    35.592    36.881    22.214   -160.58     56.10      1.00
   5.08825   0.40457   2.00573    22.228    34.307    20.652   -160.55     49.65      1.00
   1.60154   1.10720   5.56676    10.334    31.108    38.304   -160.55     54.44      1.00
   0.37272   0.70939   5.39634    21.546    -9.252    24.031   -160.54     33.61      1.00
   1.09411   2.01765   5.59436    14.901    24.569   -13.896   -160.52     44.54      1.00
   4.18886   2.31201   1.79149    29.556     3.005    33.254   -160.51     58.05      1.00
   0.11282   1.92790   0.84922    13.636    26.246    44.154   -160.51     57.02      1.00
   0.49123   2.33379   2.60114    20.827    -2.756    17.493   -160.49     45.24      1.00
   1.23961   1.78592   2.58221    41.665    32.642    -5.240   -160.47     61.93      1.00
   2.56315   1.54667   4.03930    17.791    -3.096    15.434   -160.42     33.88      1.00
   0.81826   2.48783   2.50862    11.593     0.793     7.237   -160.41     39.00      1.00
   5.45048   1.50469   2.08071    26.914    31.107    10.998   -160.37     53.02      1.00
   3.48887   1.39806   1.84440    49.894   -17.119    10.923   -160.36     62.68      1.00
   1.48908   0.97942   5.65435    13.064    30.492    38.067   -160.35     54.03      1.00
   2.11646   0.41228   4.44686    27.386    19.538    -7.658   -160.34     36.03      1.00
   2.99423   0.74896   3.46397    41.890    15.382   -19.020   -160.32     48.88      1.00
   0.78284   0.72235   5.68584    35.222     8.700    35.147   -160.31     51.01      1.00
   5.49377   1.41310   1.10191    22.204     3.082    37.685   -160.30     48.51      1.00
   0.82294   2.46825   2.51651    11.640     0.509     7.511   -160.30     39.12      1.00
   3.30997   1.41520   0.40519    34.106    29.445    -8.298   -160.23     54.09      1.00
   2.66927   1.01299   3.93273     0.442    26.026     2.826   -160.21     29.91      1.00
   3.65651   2.11050   6.46607    23.756    11.806    -6.265   -160.19     41.77      1.00
   0.78253   0.91604   5.74591     9.511     9.897     2.972   -160.18     21.30      1.00
   3.27010   1.06668   4.85836    -0.476    35.031     7.463   -160.18     40.88      1.00
  -0.10213   0.16593   2.92429     9.909    -2.358    29.478   -160.15     46.47      1.00
   2.71251   1.73958   2.32509    47.078    -9.760    -2.469   -160.13     58.91      1.00
   0.64126   1.53423   4.68403    -5.003    -1.215     6.338   -160.07     26.38      1.00
   0.32170   1.86666   1.53667     4.029     3.884    11.399   -160.07     36.79      1.00
   1.57960   0.72885   1.31865    42.880    -0.008    18.378   -160.06     61.59      1.00
   3.92711   1.61575   5.67746    22.229     6.397    26.913   -160.05     46.58      1.00
   6.02487   1.05356   2.00804    25.924    -4.356    12.250   -160.03     44.83      1.00
   4.96682   1.51839   5.41348    48.575     9.109    26.101   -160.03     58.94      1.00
   2.66283   1.80274   2.39932    45.098    -9.080    -4.579   -160.00     57.22      1.00
   5.86339   0.45525   3.47464     4.100    -3.493    23.463   -160.00     41.29      1.00
   1.38371   1.41005   5.47042    16.468    21.096   -13.763   -159.98     40.27      1.00
   3.68812   2.16562   1.10113    13.555     6.993    -8.426   -159.95     37.03      1.00
   1.95710   0.65789   3.80538    21.011     6.147    34.264   -159.95     42.41      1.00
   1.44070   2.37013   3.18351    25.786     0.110    20.460   -159.94     46.78      1.00
   2.10505   0.63248   3.03437    36.344     4.103    32.104   -159.94     51.89      1.00
   1.55065   2.59596   0.21592    13.094    35.213    16.970   -159.93     50.65      1.00
   0.32847   1.53324   0.87767    29.130    45.362     3.699   -159.91     60.34      1.00
   4.40368   2.21874  -0.01909    24.646    25.695    -4.025   -159.91     44.37      1.00
   4.50037   1.79408   5.78238    36.086    40.187     2.706   -159.91     55.80      1.00
   1.70132   1.55923   5.07100    21.981    28.988    -9.975   -159.90     46.68      1.00
   3.70337   1.17668   0.36798    25.355    34.036     8.257   -159.89     49.55      1.00
   0.96699   1.86827   5.36743    15.886    37.443    15.233   -159.86     49.65      1.00
   1.94452   1.65522   3.64691    16.794     0.437    29.713   -159.84     43.54      1.00
   4.49658   1.48550   5.28628    12.841    17.304    -6.128   -159.83     30.65      1.00
   4.50706   2.33135   2.65544    31.030    35.131    -8.707   -159.81     57.62      1.00
   5.47353   1.36547   0.48470    36.056    33.734    -2.640   -159.80     51.69      1.00
   2.35446   2.52880   2.54653    18.636    -3.014    21.904   -159.79     45.70      1.00
   0.34742   1.86078   1.53335     4.176     3.595    11.692   -159.79     36.94      1.00
   0.79204   1.46842   1.00333    16.307    35.272     2.020   -159.78     49.29      1.00
   3.81975   2.58572   2.11754    31.877    13.546    28.709   -159.77     58.37      1.00
   3.91401   2.14930   2.17182    55.261    -6.635    17.333   -159.77     70.46      1.00
   4.93009   1.33873   2.46994    23.474     3.889    -6.204   -159.77     38.60      1.00
   0.69980   0.60862   6.04621    39.056     0.980    30.007   -159.77     51.34      1.00
   3.46711   1.33094   4.51019   -14.713    15.913    41.807   -159.75     53.84      1.00
   3.46052   1.22285   2.43883    46.007    21.722    29.156   -159.74     63.46      1.00
   4.49759   0.77271   4.37024    26.826    21.593    44.488   -159.73     63.12      1.00
   3.85376   0.62419   0.60763    58.609     8.448    35.724   -159.72     73.02      1.00
   1.53443   2.39599   5.13185    12.507    -5.837     8.275   -159.69     37.32      1.00
   1.30670   0.94467   2.20857    41.425    35.175    28.218   -159.62     67.41      1.00
   2.03363   2.96288   2.27911    16.189    -2.039    13.493   -159.61     40.39      1.00
   4.68846   0.66472   5.30481    33.534     9.372    43.514   -159.59     61.80      1.00
   3.67876   1.50534   0.72182    40.886    38.654    15.339   -159.58     64.88      1.00
   4.72005   2.44268   2.43592    12.179     9.875     2.487   -159.56     37.66      1.00
   3.08853   2.02877   4.31970    16.152    -5.053    20.083   -159.55     39.51      1.00
   1.12463   0.38090   2.97723     9.580    18.057     7.628   -159.55     34.13      1.00
   5.59484   1.95131   1.46331    42.170    13.081    37.373   -159.54     64.73      1.00
   0.22368   1.06033   0.60096    -8.557     8.248    16.685   -159.51     28.00      1.00
   5.38678   1.42216   1.36191    46.830     0.381    25.004   -159.50     58.95      1.00
   1.13451   0.32626   4.75175    14.466    21.770     5.586   -159.49     26.48      1.00
   2.58146   2.36587   0.67799     2.072    29.869    11.934   -159.48     45.50      1.00
   2.20351   2.75159   3.89648    46.446    36.756   -17.656   -159.48     68.03      1.00
   6.03897   2.09233   1.80366    54.181    17.543    32.816   -159.45     73.10      1.00
   3.07177   1.31459   2.59248    19.407     2.694    -3.955   -159.45     30.39      1.00
  -0.02879   2.76210   1.54836    39.440     9.995    -9.437   -159.44     53.42      1.00
   2.82380   2.55609   2.86961    20.031    -2.707    23.165   -159.42     46.24      1.00
   5.56552   1.54695   0.94914    53.163     7.425    28.174   -159.42     64.26      1.00
   1.55753   0.57470   2.73825    45.232     3.107    -1.501   -159.38     53.43      1.00
   0.22066   1.52525   5.52863     6.184    32.229    32.526   -159.38     45.83      1.00
   3.92720   1.59515   5.68660    22.249     6.275    26.607   -159.34     46.40      1.00
   1.54304   2.15058  -0.03801    41.193    38.445    -3.809   -159.30     66.61      1.00
  -0.28960   0.93941   2.36410    47.888     3.206    24.923   -159.25     65.51      1.00
   5.04754   1.61972   5.01396    13.824     9.296    40.736   -159.24     49.53      1.00
   3.86607   2.32051   0.63698    32.628     5.265    31.693   -159.23     58.37      1.00
   2.95240   2.19884   3.96624    13.329    -3.917    27.305   -159.20     43.61      1.00
   1.25876   0.38993   4.65255    21.660    25.332     4.019   -159.20     33.30      1.00
   1.91065   1.43711   5.16398    22.530    35.588    -6.601   -159.20     50.36      1.00
   0.61321   2.19704   2.85620    40.810     1.661    28.997   -159.19     60.68      1.00
   2.89148   0.97895   0.56679    13.319    36.709     7.412   -159.16     48.20      1.00
   1.24537   1.03717  -0.08972    16.727    27.506    38.369   -159.15     54.71      1.00
   0.71756   2.02660   4.68515    17.427     3.784    -8.986   -159.13     38.36      1.00
   3.29131   1.26483   3.84031    15.031    29.067    -5.302   -159.11     36.03      1.00
   5.91329   2.35983   0.72100    45.395    13.441   -12.336   -159.10     57.13      1.00
   2.04374   1.04111   3.43155    14.219    26.856     5.428   -159.07     35.73      1.00
   2.54772   0.94527   5.70148    16.630    17.281    41.414   -159.04     57.20      1.00
   1.91066   1.88440   4.55374    39.919    -4.754     4.230   -159.03     49.47      1.00
   4.90056   0.83434   2.04190    13.599    20.140   -13.735   -159.01     34.24      1.00
   5.40566   2.37596   3.07601    39.889     1.681    -5.919   -159.01     56.79      1.00
   1.95220   1.62200   1.09355    22.455    40.999    20.131   -158.99     59.43      1.00
   3.69183   2.25884   0.48746    30.706    18.295    -8.280   -158.98     49.61      1.00
   2.73900   1.99744   0.49066    54.818    11.292    16.013   -158.96     71.44      1.00
   1.99526   1.20536   4.82558    20.358     3.393    -4.918   -158.96     30.31      1.00
   2.57932   1.57751   0.37236    29.690    18.958    35.800   -158.92     63.00      1.00
   2.71912   1.49383   4.38718    45.960    -2.796    -4.993   -158.92     51.58      1.00
   0.08467   2.55275   4.76819    44.146    31.043    -8.835   -158.91     64.60      1.00
   0.75521   1.61772   0.65974    21.901    17.619    -1.811   -158.90     42.78      1.00
   2.87538   2.83901   4.61452    47.292    41.673   -13.446   -158.89     70.06      1.00
   1.10752   0.69342   5.75402    -9.065    16.234     8.285   -158.83     23.83      1.00
   1.00277   1.17421   2.53864    37.943    26.031    34.801   -158.81     64.73      1.00
   4.88849   0.79194   3.52703    38.120    13.666    44.387   -158.80     68.33      1.00
   5.41863   1.57726   3.91019    29.832    -7.289    31.373   -158.74     55.67      1.00
   2.53531   1.16027   2.13605    46.324    14.764    30.620   -158.73     64.15      1.00
   1.20112   1.54380   3.63336    23.997    -3.929    -6.648   -158.71     40.65      1.00
   1.27453   1.07922  -0.07109    16.646    27.597    38.220   -158.67     54.93      1.00
  -0.18060   0.16567   4.73849    18.436    30.676    33.179   -158.65     49.97      1.00
   1.82262   1.55279   5.20227    23.774    33.184    -9.049   -158.61     50.47      1.00
   5.25903   0.61822   2.32066     8.066    27.081    54.209   -158.61     64.64      1.00
   4.25217   2.09041   5.49005    35.292     7.144    -7.381   -158.59     44.02      1.00
   3.40639   1.27875   4.30952   -14.169    13.628    42.570   -158.59     53.29      1.00
   0.03980   1.16620   3.33933    26.871     4.602     0.045   -158.56     45.24      1.00
   5.17364   1.11351   0.73324     1.675    35.259    18.923   -158.55     42.84      1.00
   4.00885   1.84350   4.80877    18.201     7.604    -1.512   -158.54     31.96      1.00
   4.19648   1.17843   3.74135    -1.417    -4.380    31.047   -158.52     41.49      1.00
   4.65299   1.37005   6.03979    13.055    39.798    24.687   -158.52     50.83      1.00
   0.01817   1.71449   5.53919    35.522    36.609    21.946   -158.51     56.17      1.00
   1.61875   1.08948   3.81449    10.085    28.002    13.345   -158.45     37.85      1.00
   2.11992   2.28908   2.09484    25.553    13.288   -19.416   -158.43     48.31      1.00
   1.99150   0.76797   4.11502    50.741     1.911    20.757   -158.43     55.71      1.00
   1.15576   1.81589   2.46627    41.645    35.728    -2.911   -158.42     63.50      1.00
   5.52002   1.47164   1.14369    49.868     4.053    27.338   -158.42     61.67      1.00
   4.19509   2.83924   5.82391    35.288    10.899    -8.457   -158.37     48.09      1.00
   5.92052   2.30182   0.74394    46.067    14.286   -12.321   -158.36     57.82      1.00
   0.48327   1.84143   5.76726    12.826    37.946    17.406   -158.34     46.87      1.00
   4.32085   0.54749   3.88209    44.933     0.254    20.712   -158.33     60.04      1.00
   5.46150   0.25423   5.31075    17.543    32.202    31.655   -158.32     49.45      1.00
   2.95382   1.30547   5.32308     7.318    20.046    -1.296   -158.32     33.43      1.00
   0.43536   1.17693   1.83646    46.282    10.822    26.055   -158.30     65.11      1.00
   5.33796   1.98822   3.60786    33.951    11.095    -8.255   -158.26     51.09      1.00
   5.75284   1.74634   1.88189    29.728    35.521    28.636   -158.21     62.68      1.00
   4.60295   2.31970   0.80764    11.530    -4.443    41.371   -158.21     53.88      1.00
   4.96985   1.36850   2.02284    42.789    21.419    41.324   -158.19     70.00      1.00
   2.66500   2.29913   4.00091     8.968     5.194     1.702   -158.19     31.50      1.00
  -0.29160   2.94384   2.04163    31.768    13.173    -9.128   -158.17     50.44      1.00
   1.82565   2.09485   1.97278    18.982     8.355    -8.367   -158.17     42.52      1.00
   4.37059   1.86928   5.21392    31.659    27.912    -3.409   -158.15     45.87      1.00
  -0.06582   1.85293   2.02203    22.657     1.777    40.560   -158.15     56.42      1.00
   1.65920   1.84512   4.38750    41.863    -5.141     9.398   -158.10     51.50      1.00
   4.97690   2.90607   1.24769    33.140    -9.404     9.693   -158.06     50.17      1.00
   0.35680   2.02080   4.21906    35.130    27.194    -7.245   -158.06     56.11      1.00
   2.26489   0.55794   0.16232    29.446    41.033     2.958   -158.06     58.51      1.00
   5.52324   1.88757   5.82393    24.869    26.203    42.407   -158.04     56.11      1.00
   2.74600   0.92090   5.10259    -0.457    43.675    28.513   -158.02     56.64      1.00
   0.10170   1.00316   4.04011    49.737    22.214    31.749   -158.02     66.10      1.00
   2.71661   1.35118   4.36385    43.884    -3.569    -5.018   -158.00     49.36      1.00
   4.10606   1.46385   3.52277    -2.060    13.977     1.114   -158.00     24.44      1.00
   3.62632   1.10115   2.03027    25.831    26.844    35.072   -158.00     56.33      1.00
   4.53209   1.58462   6.03762    41.565    41.170     7.347   -157.98     60.20      1.00
   4.40916   0.62397   3.68371    10.645    -1.685    33.893   -157.96     45.57      1.00
   1.46358   1.88026   3.56104    12.642    31.339    24.448   -157.94     50.36      1.00
   4.50741   2.52108   2.52532     5.286    19.761    39.158   -157.92     54.53      1.00
   2.48776   1.18475   2.17796    46.051    13.380    29.988   -157.92     63.48      1.00
   2.24106   2.45645   1.79452     4.390    36.204    10.072   -157.91     46.35      1.00
   0.53126   1.57203   5.28311     0.106    -7.599    23.216   -157.84     31.61      1.00
   5.56363   1.71343   0.44104     7.322    26.323     4.449   -157.82     35.08      1.00
   5.18424   1.30795   3.36310    31.208    -4.698    39.964   -157.80     61.78      1.00
   2.67629   0.56764   3.96339    44.786     4.039    21.002   -157.80     51.97      1.00
   2.26270   2.34896   6.01742    15.916    -2.251     3.287   -157.78     39.69      1.00
   1.77198   0.85474   2.27805    39.247    13.649    33.094   -157.76     61.01      1.00
   0.05066   2.54074   3.36712    32.741    -2.276    29.945   -157.75     57.34      1.00
   0.91943   1.89967   5.40563    35.439    38.628     6.489   -157.71     59.67      1.00
   5.29212   1.25592   5.09079    25.004     3.066    33.005   -157.68     46.95      1.00
   4.65475   2.20398   4.53069    42.717    21.386    30.423   -157.68     61.56      1.00
   3.54889   2.32051   5.47039    37.508    49.140     2.370   -157.67     67.18      1.00
   3.89305   2.72430   6.23940    30.024    21.039    -8.383   -157.57     49.86      1.00
   1.21522   0.76644   3.61039    20.107     8.547     1.358   -157.57     31.84      1.00
   3.71747   1.67014   5.83662    21.267     4.116    25.971   -157.56     46.60      1.00
   3.61037   1.66971   2.15656    -3.615     5.968     5.187   -157.54     27.68      1.00
   0.95950   2.90295   3.09480    33.446     6.209    -5.860   -157.53     49.17      1.00
   3.86739   2.57074   2.16644    31.766    13.301    28.934   -157.51     58.31      1.00
   5.62699   1.78552   3.94153    -4.989     7.890     8.194   -157.50     31.16      1.00
   2.31961   2.50594  -0.24978    29.807    -3.989     1.521   -157.49     48.70      1.00
   5.51877   1.51743   5.47983    22.356     2.791    16.021   -157.48     33.80      1.00
   4.10155   2.24184   1.21266    17.510    -1.718    -4.989   -157.47     37.85      1.00
   1.40162   2.63216   3.19997    14.663    -0.995    20.236   -157.46     42.42      1.00
   5.80903   1.82662   4.25887    15.524   -10.667    23.488   -157.43     43.93      1.00
   2.37760   1.67472   3.87373    50.958     2.328    25.179   -157.39     61.46      1.00
   5.33377   2.14905   4.34933    -0.147     6.753    45.497   -157.38     52.53      1.00
   4.25213   1.61135   4.53531     7.520    33.044     0.004   -157.37     37.43      1.00
   4.32691   1.99265   4.10824    42.429    15.207    24.276   -157.32     58.38      1.00
   2.52099   1.24158   3.76599     6.122    -2.086    27.324   -157.31     35.98      1.00
   0.10105   1.42397   4.31025    -4.212   -11.146    23.472   -157.30     38.24      1.00
   4.19001   0.93497   0.22595    20.990    18.186    51.643   -157.29     63.86      1.00
   3.05337   1.04451   3.72067     9.343    33.078    10.758   -157.25     38.91      1.00
   1.84604   1.53371   0.77637    16.396    33.744    28.222   -157.25     56.59      1.00
   4.34915   2.33397   4.94879     9.354    17.080    40.785   -157.23     52.34      1.00
   6.05106   1.09562   4.74831    36.358    12.720    40.755   -157.20     57.39      1.00
   3.95939   1.67084   5.64363    22.565     6.843    27.913   -157.20     47.22      1.00
   5.16065   1.89924   1.07448    56.041    39.760    22.991   -157.20     77.21      1.00
   2.44817   0.42944   0.48963     4.459     6.011    42.306   -157.19     54.81      1.00
   0.32193   1.48754   0.40580    -6.804     4.945    21.084   -157.18     31.58      1.00
   0.27786   1.98345   0.89299    12.958    29.419    43.084   -157.14     57.84      1.00
   2.50680   0.64346   1.42757    10.133    40.422    24.208   -157.13     53.54      1.00
   0.35836   2.04382   5.58739    10.187    36.032    13.303   -157.10     44.08      1.00
   4.03578   2.14227   0.54686     8.770    34.948    11.452   -157.06     49.08      1.00
   1.80398   2.69944   3.68710    11.254    18.267   -12.653   -157.05     42.12      1.00
   5.82917   2.14135   5.59776    30.433     4.039     8.310   -157.04     40.95      1.00
   5.52444   2.18896   4.44113     0.498     3.045    43.426   -157.01     50.71      1.00
   5.79889   2.29426   5.36762     6.581    39.135    31.778   -157.00     51.71      1.00
  -0.09420   0.67214   1.90649    60.451    13.064    26.589   -156.97     76.42      1.00
   2.46170   1.83738   0.22294    30.627    10.967   -12.606   -156.97     50.94      1.00
   3.56863   1.06696   2.41293    45.351    25.296    28.591   -156.97     63.14      1.00
   1.95029   1.46678   1.35280    31.308    13.279   -10.114   -156.93     51.56      1.00
   3.31135   1.35263   5.26543    29.475    25.842    -9.771   -156.90     47.35      1.00
   4.89258   2.75027   0.73625    34.921    20.701    -9.103   -156.90     52.85      1.00
   5.77794   2.56487   0.06842    -0.452     7.178     7.522   -156.87     31.81      1.00
   5.31312   2.82688   1.09229    -2.269    15.754     4.746   -156.86     38.16      1.00
   1.27662   2.14485   2.99564    39.394    -3.231     5.528   -156.86     52.83      1.00
   0.68889   2.33909   6.04670     7.665    23.359   -10.668   -156.86     39.87      1.00
   1.71357   1.15247   1.82975    24.270    20.969    -5.294   -156.84     46.97      1.00
   2.81771   1.52133   5.15064     1.103    11.487     0.767   -156.84     28.50      1.00
   4.27897   1.55027   0.75276    41.909    39.155     7.030   -156.84     62.30      1.00
   3.54858   1.26877   0.16782    49.921     1.156     5.134   -156.80     59.75      1.00
   1.44685   1.79806   3.41013    49.524    13.055    35.411   -156.77     67.39      1.00
   4.29754   2.09949   3.76129    -7.696    28.402     8.023   -156.77     35.98      1.00
   5.30390   0.42110   4.06699    38.332    -1.182    11.708   -156.76     53.48      1.00
   0.53975   0.97047   0.82412    41.517    -3.798    27.417   -156.74     58.70      1.00
   0.36959   2.02608   6.00591   -16.841     7.864    18.557   -156.72     34.68      1.00
   4.21598   1.32555   0.29022    -0.365    36.152    22.178   -156.72     48.40      1.00
   2.17064   2.85361   1.39563    22.691    -0.133    -8.762   -156.72     44.48      1.00
   1.18613   1.35361   4.03105    23.130    -1.414    32.806   -156.70     45.90      1.00
   2.01875   1.47140   3.32689    20.475    13.008    40.777   -156.68     53.67      1.00
   5.06236   0.28498   0.89425    24.855    36.777    19.427   -156.67     47.83      1.00
   3.20762   1.40850   3.84299   -15.167     6.665    38.971   -156.67     49.45      1.00
   2.87878   2.35138   2.50225    34.167    33.904    -7.016   -156.66     54.79      1.00
   4.94506   1.12552  -0.11679    49.578    -2.659    12.027   -156.66     52.97      1.00
   4.50586   2.40585   2.26375   -11.680    30.150     7.451   -156.66     43.47      1.00
   0.79505   2.03938   5.24216    33.780    36.720     2.698   -156.65     57.76      1.00
   4.35020   2.82314   3.17145    32.305    18.509    29.304   -156.65     58.05      1.00
   3.17996   1.19628   2.63754    17.383     1.087    -1.471   -156.62     27.42      1.00
   2.01600   0.67110   1.65439    10.729    15.779     1.527   -156.51     37.13      1.00
   4.34106   0.52764   3.83563     9.097    -1.083    35.472   -156.50     46.54      1.00
   0.86221   1.98787   4.76491    16.471     6.599   -10.126   -156.48     38.00      1.00
   1.48901   2.61315   3.31020    24.006    -0.267    16.146   -156.48     44.36      1.00
   2.04302   1.05691   1.95032    43.588    11.831    30.659   -156.46     63.82      1.00
   2.15325   0.33626   5.50049    25.515    14.980    38.416   -156.46     54.97      1.00
   2.82439   2.05120   4.30618    59.658    30.311    12.501   -156.45     71.86      1.00
   4.10357   2.57930   0.60467    25.864     5.530    -4.113   -156.45     43.41      1.00
   2.64381   1.02357   1.39847    44.349     3.049    -5.894   -156.44     56.13      1.00
   5.66896   2.06290   0.15405    24.483    19.505    -5.355   -156.42     39.57      1.00
   4.04613   2.29929   0.28122    11.448    19.192     1.675   -156.40     38.56      1.00
   2.38210   2.18707   1.54639    25.113    36.027    -3.113   -156.35     53.28      1.00
   3.38165   0.95568   2.54297    17.130    -2.321     3.359   -156.32     25.54      1.00
   2.08688   1.41356   4.10962    65.244    -0.232    17.806   -156.31     70.38      1.00
   2.89768   1.43726   0.71944    18.029    33.788    -3.162   -156.30     48.52      1.00
   4.21530   1.56668   0.55159    19.001    38.028    15.358   -156.28     51.52      1.00
   1.10112   2.92971   2.67559    49.437    39.289   -13.502   -156.28     70.92      1.00
   5.43297   1.95588   5.47198    36.200     9.671    -7.320   -156.28     44.48      1.00
   4.23327   0.81369   3.77137    -0.546    39.529    28.319   -156.27     51.63      1.00
   5.78056   2.06532   5.84412    31.257     5.221     4.171   -156.26     40.15      1.00
   2.78078   1.80540   1.52517    28.916    14.367   -13.101   -156.23     47.98      1.00
   2.04872   1.75912   5.50149    40.926    35.388    21.404   -156.21     67.15      1.00
   3.42073   0.85097   0.19351    19.725     2.140    10.672   -156.18     39.43      1.00
   4.01407   1.97294   5.43250    31.375    11.821    28.975   -156.16     52.42      1.00
   0.79028   0.56746   3.21959    11.130    42.790     0.867   -156.15     48.68      1.00
   3.88305   0.99054   2.54423    63.241    36.233     2.024   -156.14     75.46      1.00
   2.46516   2.21856   1.50908    23.657    34.696    -3.873   -156.14     52.00      1.00
   4.39828   1.56874   3.47048    17.302    -2.484     9.800   -156.13     35.83      1.00
   0.87514   1.17542   1.79966    23.580    14.733     1.645   -156.13     46.37      1.00
   5.23843   2.43288   2.97744    36.472     4.462    -5.452   -156.08     53.92      1.00
   5.76142   1.18265   1.93723    19.755    28.168     9.596   -156.07     46.46      1.00
   5.11265   1.50145   0.68507    30.592    11.180    42.142   -156.03     56.39      1.00
   0.77546   1.63913   4.86813    30.570     5.826   -11.998   -156.01     44.29      1.00
   0.92795  -0.32192   1.56450     2.962    -1.092    37.024   -156.01     48.82      1.00
   3.76115   1.94546   2.39101    24.060   -16.627    12.323   -155.96     47.14      1.00
   2.28084   0.92727   2.48691     7.680    13.774    45.457   -155.95     55.46      1.00
   5.70959   2.54906   2.42512    43.381     4.348    33.889   -155.94     66.30      1.00
   3.01217   1.39654   2.69942    17.743     5.735    -5.576   -155.94     29.87      1.00
   2.97173   1.62214   2.40780    53.529    12.985    26.325   -155.87     67.95      1.00
   0.96245   0.69341   1.80257    37.641    43.444    13.485   -155.85     66.46      1.00
   3.48389   2.38684   1.29205    39.477    -1.103    20.601   -155.82     59.84      1.00
   0.36103   0.91865   3.83018    24.920   -13.426    34.687   -155.82     53.48      1.00
   3.83583   2.44436   1.23588    -7.762     5.268     5.628   -155.80     34.17      1.00
   2.21317   2.37414   5.46307    -0.308    35.537    27.454   -155.80     55.48      1.00
   4.26148   2.85690   5.86930    35.907    10.717    -8.649   -155.80     48.55      1.00
   4.76962   1.02786  -0.14634    33.805    38.215    23.784   -155.79     56.23      1.00
   2.61962   1.84505   0.79653     4.420    34.049     7.364   -155.79     46.79      1.00
   5.69515   1.45210   2.16411    24.522    -2.754    14.460   -155.77     44.16      1.00
   3.86771   1.39535  -0.04591    -1.218    16.473    -3.531   -155.74     30.88      1.00
   0.64144   1.82563   3.13598    48.116     7.985    30.747   -155.71     66.25      1.00
   2.51696   1.05589   1.55278    55.287    20.133    27.211   -155.67     72.38      1.00
   0.81273   2.35656   0.88239    17.259    38.508    27.511   -155.67     55.66      1.00
   0.99068   1.80567   5.37579    15.803    37.798    16.696   -155.65     50.01      1.00
   1.56972   1.64761   2.96102    29.835    10.580    32.429   -155.65     53.98      1.00
   4.62052   1.50450   5.07039    11.910    17.134    44.782   -155.65     54.90      1.00
   2.78443   0.96768   0.79178    38.188     4.737    13.621   -155.64     54.75      1.00
   5.12285   0.84203   2.73505    37.888    19.879    46.233   -155.62     70.01      1.00
   3.23024   1.35074   5.23839    28.563    24.629    -9.903   -155.62     46.32      1.00
   4.42040   2.39701   4.56381    29.998    -2.526    12.076   -155.60     44.44      1.00
   2.52634   1.09664   5.09970    34.482    44.761     6.331   -155.60     62.51      1.00
   1.48686   2.45118   2.61974    24.132    24.471   -13.683   -155.60     49.31      1.00
   1.75139   1.44071   0.90501    36.350    34.669    22.203   -155.57     64.57      1.00
   4.80039   0.80159   2.92719    14.211    -2.729    27.303   -155.52     41.20      1.00
   3.27067   2.02449   4.68439    33.014    23.145    27.785   -155.45     56.05      1.00
   1.87985   1.00243   1.56811    15.309     1.821    32.636   -155.45     51.95      1.00
   0.63989   2.05710   4.16011    32.970    28.017    -4.365   -155.45     54.94      1.00
   5.63146   1.57880   0.86824    53.906     9.318    28.971   -155.44     65.17      1.00
   3.58224   1.07880   1.11867    56.172    -6.869     6.673   -155.42     63.70      1.00
   3.99902   2.36557   2.06049    59.629    -3.681    15.836   -155.39     74.40      1.00
   3.09484   2.58481   1.83118    -6.492     8.844    -2.731   -155.38     33.48      1.00
   1.05350   1.60882   1.75749    36.531    34.813    37.026   -155.38     69.11      1.00
   3.72497   1.94958  -0.29327    18.522     4.065    -5.637   -155.37     35.40      1.00
   1.37169   2.57418   2.48679    23.091    28.566   -12.408   -155.37     50.26      1.00
   1.91382   1.76575   4.70729    -0.736    -6.069    17.474   -155.30     32.27      1.00
   4.11943   1.26397   1.61485    52.731   -11.107    29.855   -155.27     67.66      1.00
   4.05847   1.27036   1.97301     2.103    -3.886    11.644   -155.26     26.23      1.00
   5.69385   0.83783   3.52089    31.537    -0.623     4.753   -155.22     48.24      1.00
   5.02270   1.22843   2.07081    40.643    -4.228    12.651   -155.22     52.04      1.00
   4.42406   1.41166   3.30850     2.309    -4.393    19.537   -155.21     34.01      1.00
   0.53154   1.21132   1.64964    21.701    13.060    38.012   -155.19     55.49      1.00
   5.11847   1.86273   2.84246    23.165    17.146    -6.725   -155.16     44.92      1.00
   1.42755   1.75954   1.46087     6.999    40.248    15.102   -155.16     52.06      1.00
   2.65510   0.64135   2.15902    43.799    22.997    30.337   -155.15     61.07      1.00
   1.81444   1.97128   5.31453    39.107    37.626    15.301   -155.14     65.45      1.00
   4.31088   2.21526  -0.03203    23.829    26.415    -2.739   -155.12     44.59      1.00
   1.08922   0.71860   5.56643     3.466    29.054    40.887   -155.09     50.50      1.00
   0.47632   1.51474   4.41811    28.206    -5.131    -2.119   -155.07     41.44      1.00
   4.04345   1.40905   5.75071    30.358     5.345    20.094   -155.06     46.67      1.00
  -0.04742   1.63792   5.25792     9.499    -3.755    34.936   -155.06     40.83      1.00
   0.50923   1.26482   6.05856    30.904     7.763    42.671   -155.05     54.68      1.00
   5.67333   0.80654   4.46126    49.440     4.987    43.016   -155.04     70.30      1.00
   4.62398   0.86528   2.54583    28.328    30.870     5.793   -155.03     48.20      1.00
  -0.00457   1.28955   3.57491    24.028     8.407    -1.674   -155.02     42.85      1.00
   4.21426   1.56968   0.53516    18.588    37.981    15.371   -154.99     51.34      1.00
   4.85944   1.72631   4.84481    12.265    12.506    41.207   -154.92     50.73      1.00
   2.22310   2.74733   0.81516    28.846     8.237    25.384   -154.90     54.40      1.00
   2.24979   1.06884   0.55063    20.096     8.808    38.251   -154.88     57.65      1.00
   0.73116   1.42416   6.09179    20.057    24.577    36.129   -154.87     50.84      1.00
   2.18183   0.16984   1.91034     8.752    13.713     6.247   -154.86     31.83      1.00
   4.56452   0.92202   4.32592    24.593    18.891    45.288   -154.86     61.78      1.00
   0.95760   1.93556   5.34523    16.023    37.147    13.925   -154.85     49.54      1.00
   4.60844   1.81115   5.62056    -0.723    13.388     3.903   -154.84     28.04      1.00
   2.58861   0.98684   5.71895    15.830    17.420    41.692   -154.83     57.41      1.00
   1.27035   0.55611   3.95090    18.301    16.622     3.018   -154.81     28.68      1.00
   0.59620   1.87582  -0.11718   -15.493    11.228    13.504   -154.81     32.71      1.00
   2.41173   1.07961   0.57493    15.723    18.349   -11.349   -154.76     42.37      1.00
   3.01136   2.32124   2.52553    -4.313    30.118     7.167   -154.75     40.03      1.00
   0.58552   1.01225   3.77115    24.025   -15.692    27.644   -154.74     49.65      1.00
   4.33879   1.81124   2.76803    43.499    -8.833    26.615   -154.72     63.33      1.00
   4.52131   1.91261   0.07299    26.287    29.905    -2.714   -154.71     45.79      1.00
   1.17081   2.47387   1.96620    35.244    27.858   -16.469   -154.70     57.74      1.00
   1.39791   1.29541   2.86764    14.464    13.172     2.454   -154.69     37.62      1.00
   3.88987   2.77431  -0.07853    40.927    18.268   -12.166   -154.69     56.76      1.00
   3.99243   2.16616   2.13308    57.217    -4.633    18.529   -154.68     72.28      1.00
   0.62855   2.02838   6.11671   -14.732     8.344    12.711   -154.65     32.62      1.00
   5.17474   2.33624   3.91732    10.516    27.155     5.477   -154.64     39.54      1.00
   3.02324   2.46378   4.25520    -1.261     9.868     2.848   -154.63     31.96      1.00
   0.41259   0.88498   0.58298    40.857    -4.319    26.877   -154.61     55.45      1.00
   0.72214   2.40927   1.49700     5.292    31.740    -0.575   -154.59     45.11      1.00
   4.05983   1.65525   1.74386    26.772     1.945    40.842   -154.58     58.80      1.00
   0.78832   1.92492   5.33332    34.861    37.820     4.356   -154.58     58.38      1.00
   0.14346   1.19451   2.35066    19.228    -2.701    -0.386   -154.57     43.33      1.00
   0.23839   1.96077   0.84104    12.571    28.578    43.450   -154.56     57.39      1.00
   3.29657   1.58531   3.19887    29.316    11.075    34.184   -154.55     53.71      1.00
   3.28454   1.46623   1.89597    22.870   -10.000    28.541   -154.52     50.94      1.00
   5.80013   1.51002   1.20136    21.783     7.117    41.576   -154.45     52.63      1.00
   0.63754   2.13531   0.15801     7.375     2.516    26.219   -154.45     39.39      1.00
   5.28372   0.36366   4.11137    38.326    -0.868    12.225   -154.44     53.56      1.00
   4.40223   1.48205   3.43478     0.045    -3.949    18.520   -154.42     33.33      1.00
   6.00188   1.83253   5.28823    39.473    38.903    24.322   -154.41     60.77      1.00
   0.76922   2.74904   2.99168    21.970    33.852    13.878   -154.40     54.68      1.00
  -0.17402   2.04095   2.29017    41.540    -3.576    22.016   -154.39     59.58      1.00
   2.41391   1.17869   0.39063    37.598    13.613    32.047   -154.37     64.14      1.00
   3.31565   1.49293   5.22067    12.935    23.082    -2.547   -154.36     36.38      1.00
  -0.13863   2.92467   4.82671    -1.696    -5.349     1.670   -154.33     34.63      1.00
   2.30268   2.51776   1.77364     2.570    35.590    10.405   -154.32     45.72      1.00
   0.94974   2.49528   1.06700    18.637    40.546    24.459   -154.31     56.23      1.00
   2.31552   0.96141   0.70542    15.706    22.997   -10.776   -154.27     43.79      1.00
   1.65590   2.04643   4.74887     6.865    -7.233    19.578   -154.27     36.57      1.00
   2.46742   1.19876   2.20889    45.955    12.882    29.923   -154.25     63.28      1.00
   1.89556   1.79282   4.24842    -0.850    22.811    -3.542   -154.22     36.06      1.00
   0.24309   0.97348   2.10686    41.781    31.632    -2.151   -154.17     63.61      1.00
   4.58819   2.16347   2.31352    32.990    20.683    30.932   -154.17     61.02      1.00
   4.33885   1.45090   1.25662    59.478    16.800    33.387   -154.16     75.49      1.00
   4.35207   1.45741   1.22242    59.405    17.536    33.510   -154.15     75.58      1.00
   5.84887   1.85454   4.26885    15.703   -10.818    22.204   -154.14     43.47      1.00
   3.30290   1.36956   0.46546    -2.400    28.935     6.981   -154.10     40.96      1.00
   4.11092   0.72138   5.92817    35.504    21.180    45.623   -154.09     67.01      1.00
   2.66770   2.09054   2.60054    13.491     0.576    34.871   -154.09     50.86      1.00
   0.44069   2.51143   5.11058     7.594    31.164     8.231   -154.08     42.96      1.00
   1.10877   0.18390   3.74919     7.755    12.039     7.321   -154.08     24.44      1.00
   1.78822   2.08443   5.19544    37.234    37.780    13.072   -154.08     64.07      1.00
   3.93320   0.75747   5.22633    39.617    40.047     1.358   -154.07     60.62      1.00
   1.75829   1.73914   3.16798    35.510     4.890   -17.863   -154.07     50.26      1.00
   2.52129   0.95048   4.02797    30.456    -7.856     8.835   -154.04     36.58      1.00
   2.13893   1.12254   2.79502     6.607     9.222    44.674   -154.04     53.97      1.00
   4.58350   0.14667   5.72084    46.586     5.084    39.795   -154.01     67.08      1.00
   5.31831   1.42903   2.71508    36.492    -4.266    18.515   -154.00     54.65      1.00
   3.59955   1.06665   2.32601    46.134    26.530    28.466   -154.00     64.17      1.00
   5.81380   1.51628   1.20104    21.895     7.458    41.740   -153.99     52.88      1.00
   0.65230   1.07219   0.50488    15.167    48.595    11.533   -153.97     56.70      1.00
   3.63007   0.36913   4.98556     4.822     1.199    39.598   -153.94     50.62      1.00
   2.17112   1.71168   5.04775     1.686    -0.311     7.829   -153.92     28.31      1.00
   3.63866   2.04399   4.79489    33.037    16.106    -7.524   -153.89     44.04      1.00
   1.49149   1.15002   2.27031    38.176    30.824    32.306   -153.88     65.11      1.00
   3.14024   1.62871   3.63043    34.303    25.751   -13.077   -153.88     47.37      1.00
   2.87951   0.87657   4.06338    27.289    -4.965    14.902   -153.88     37.00      1.00
   1.48749   1.89211   3.55855    12.549    31.536    24.615   -153.88     50.55      1.00
   2.16331   0.82608   3.69386    20.387     2.754    31.470   -153.88     40.77      1.00
   2.06440   0.55368   5.64722    23.185    17.990    39.449   -153.85     55.85      1.00
   0.76174   1.63874   5.57759   -11.401    -2.306    18.405   -153.84     29.85      1.00
   5.11051   1.71507   5.24450    48.137    15.794    32.575   -153.80     62.57      1.00
   1.51082   1.53892   0.27635    26.838    19.693    38.677   -153.79     60.23      1.00
   3.29566   1.58583   3.19282    29.494    11.031    34.201   -153.77     53.82      1.00
   2.18240   1.74425   5.01814     2.721    -0.535     7.991   -153.77     28.72      1.00
  -0.05621   1.27215   4.22329     1.288   -11.745    27.536   -153.76     41.44      1.00
   4.47569   1.18937   1.21752    49.261    38.350     9.050   -153.75     65.88      1.00
  -0.20064   1.60436   5.55248    14.670     5.083    13.610   -153.75     28.17      1.00
   2.90690   1.09113   4.43073     7.314    16.104    -4.511   -153.74     25.53      1.00
   3.63929   1.32408   0.40759    27.630    38.999    17.978   -153.74     57.66      1.00
   5.48191   0.22166   5.43364    47.701     9.909    -5.982   -153.74     50.99      1.00
  -0.19024   0.71313   5.49887    30.937    30.101    29.141   -153.72     49.72      1.00
   1.22270   2.19784   2.97897    39.158    -2.864     4.527   -153.71     52.74      1.00
   0.92740   2.05790   5.99016    28.255    36.939   -14.205   -153.70     57.52      1.00
   0.13795   2.10139   4.83178    40.690    29.233    -8.551   -153.70     59.19      1.00
   2.83755   1.34542  -0.79123    34.096    19.249   -12.871   -153.69     50.46      1.00
   5.96734   1.84334   5.26969    10.950    -1.086    31.579   -153.69     39.86      1.00
   0.96293   1.25531   0.24320     7.607    19.977    41.120   -153.68     50.76      1.00
   1.02621   0.39616   6.10332    17.438     7.089    36.063   -153.68     44.03      1.00
   1.55177   1.61098   5.93705    23.062    22.877   -21.594   -153.66     50.83      1.00
   3.43535   0.89049   4.90140    30.859    40.073    29.551   -153.65     64.30      1.00
   3.26837   1.48530   3.86819    27.580    28.200    26.751   -153.65     52.66      1.00
   5.06438   1.45160   3.33307    11.801    -1.126    10.464   -153.60     35.43      1.00
   1.65609   1.01904   2.60266    32.185    19.655    32.888   -153.58     56.80      1.00
   2.48365   1.01980   3.65358    37.972    25.720   -11.330   -153.57     48.19      1.00
   0.90065   1.82506   1.62987    37.142    42.089    20.774   -153.52     66.52      1.00
   0.03936   0.01029   0.65659    27.879     6.704    33.367   -153.50     47.18      1.00
   4.76080   0.93267   3.02439    12.903    -3.282    25.451   -153.49     40.05      1.00
   5.74835   1.52629   2.80185    49.285    -3.916     7.572   -153.49     64.10      1.00
   4.95426   1.87798   3.49289    -2.327    -8.460    41.269   -153.49     52.35      1.00
   4.94763   0.71555   3.10788    34.932    25.273    44.165   -153.47     68.51      1.00
   0.49848   1.46763   2.18594    16.581     3.193    32.422   -153.46     50.37      1.00
   0.99385   2.41083   2.62089    11.806    -0.490     9.193   -153.46     39.46      1.00
   0.18000   2.03855   4.72454    38.747    29.473    -7.699   -153.45     57.83      1.00
   3.19826   1.34660   3.79853   -14.217     6.619    40.007   -153.44     49.74      1.00
   1.02874   0.29126   4.13882    39.370    -6.356     4.574   -153.44     42.14      1.00
   1.18090   2.54061   6.02902    51.398    36.813    14.275   -153.41     73.41      1.00
   5.50703   1.64344   0.47902     7.658    27.856     5.380   -153.41     36.00      1.00
   4.80542   0.75468   1.93503    -6.540    24.583    38.084   -153.39     48.36      1.00
   0.40576   0.78316   5.59688    13.239     1.053     6.530   -153.37     17.98      1.00
   5.38857   2.03261   5.74225    25.260    29.813    40.649   -153.35     57.20      1.00
   4.53006   0.91148   2.85994    31.212     3.348   -12.319   -153.33     42.39      1.00
   1.55099   1.54483   4.74231    22.380    21.650   -11.757   -153.32     42.45      1.00
   0.07556   2.01311   1.47259    29.733    32.828    38.099   -153.32     64.25      1.00
   3.64015   1.58123   0.26569    32.100    38.872     8.297   -153.31     58.27      1.00
   5.44195   1.45315   0.38875    39.593    17.207    38.235   -153.30     58.43      1.00
   1.42460   2.40183   1.56269    30.486    33.890   -20.243   -153.29     58.86      1.00
  -0.08003   1.66042   5.24902     9.560    -3.264    35.567   -153.28     41.42      1.00
   2.78602   2.42018   2.33183    -4.133    32.860     9.616   -153.28     42.86      1.00
   1.51540   1.83588   4.60247    19.271    -6.312    17.909   -153.27     38.60      1.00
   4.47563   0.79064   2.88255    32.782     0.691   -11.686   -153.26     42.86      1.00
   4.87422   2.12052   0.55760    29.434    29.633    -4.532   -153.26     49.64      1.00
   2.24603   1.04707  -0.24703     0.973    31.100     2.056   -153.23     40.74      1.00
   2.13573   1.24836   4.20656    28.487    26.016    -7.026   -153.22     43.30      1.00
   3.72012   0.71652   4.81695    34.945    36.336    35.331   -153.18     67.62      1.00
   5.91526   2.34002   0.79103    45.653    13.392   -12.360   -153.17     57.52      1.00
   3.24983   1.42520   5.25354    29.881    24.018   -10.445   -153.17     47.02      1.00
   4.75499   2.13353   3.12247    30.220    49.899     1.072   -153.17     64.60      1.00
   0.23163   2.15051   3.96548    46.614    -4.819    20.978   -153.16     62.67      1.00
   3.01084   1.06892   5.54132    32.850    27.041   -10.822   -153.14     51.97      1.00
   4.86288   2.11903   0.55301    29.291    29.788    -4.412   -153.13     49.63      1.00
   0.03226   1.30454   3.55850    24.174     8.388    -1.903   -153.12     43.06      1.00
   5.41317   2.53111   3.90041    22.615   -13.450     9.026   -153.09     46.82      1.00
   1.53564   0.99478   3.66893    10.906    25.645    11.307   -153.07     35.94      1.00
   3.42163   1.52883   0.25181     4.619    23.906     1.441   -153.07     37.79      1.00
   1.70058   1.56797   0.52538    42.517    23.066    32.454   -153.05     68.72      1.00
   3.58571   1.65331   0.05358    42.273    15.459    25.680   -153.04     61.69      1.00
   0.23977   1.26445   1.91479    38.297     6.872    27.196   -153.02     59.08      1.00
  -0.15776   0.80202   2.13537    50.191     7.699    27.777   -153.01     68.21      1.00
   3.12463   0.19463   4.13492    19.705    34.189     6.710   -152.97     43.95      1.00
   2.98654   0.05409   1.87443    28.379    17.572    39.775   -152.97     53.53      1.00
   2.00218   1.09058   2.02816    43.510    10.499    30.024   -152.97     63.20      1.00
   5.67607   2.04156   0.86721    19.938    45.199    21.834   -152.91     59.10      1.00
   0.96241   0.39560   3.55769    41.099     4.528    -0.873   -152.89     47.18      1.00
   5.70037   0.77527   3.60821     3.768    -2.710    17.604   -152.89     37.46      1.00
   2.96943   2.59695   1.18026    20.731     7.743    31.290   -152.88     53.83      1.00
   4.02363   0.52717   3.21050    25.821    -4.081     9.248   -152.87     35.19      1.00
   0.29264   1.59352   6.21592    28.067     2.023     9.773   -152.85     38.39      1.00
   0.23414   2.03891   4.75173    39.070    29.899    -7.248   -152.85     58.22      1.00
   0.60684   2.62267   3.10782    37.420    -4.036    20.845   -152.83     55.65      1.00
   5.91604   2.18393   4.63231     8.559    -0.695    37.733   -152.83     47.20      1.00
   2.53200   2.05697   0.56207     0.711    14.123     0.602   -152.82     36.45      1.00
   1.00286   1.01568   3.12926    23.652    27.159     3.871   -152.80     45.49      1.00
  -0.02550   1.26240   5.31130     1.986    -1.919    21.272   -152.80     27.13      1.00
   1.48249   1.96554   3.63330    13.157    30.572    25.834   -152.77     50.98      1.00
   5.24765   2.13473   2.45682    25.440     1.515     4.674   -152.77     44.58      1.00
   5.09630   1.21571   3.60967    27.627     3.503    44.096   -152.76     61.49      1.00
   0.21213   2.80828   5.68997     5.149     8.293    38.916   -152.68     49.24      1.00
   0.90322   2.92580   5.59571    26.414    38.423    15.113   -152.66     58.24      1.00
   6.10795   1.80514   4.30982    -8.818     0.569    44.634   -152.64     50.90      1.00
   2.84821   0.82730   5.76164    13.911    12.768    41.257   -152.63     55.92      1.00
   0.89686   2.26564   0.56925    40.865     5.565    12.770   -152.62     55.54      1.00
   0.71824   1.54759   2.00132    15.920    35.673     9.172   -152.60     51.65      1.00
   3.78827   0.85476   1.77791    40.613    -8.186     8.915   -152.59     46.67      1.00
   4.43500   1.13955   3.10693     9.760     9.200    -6.652   -152.56     27.02      1.00
   3.04366   2.03056   2.70907    53.951     4.476    20.478   -152.55     66.34      1.00
   5.08279   2.36443   3.58752    19.692   -14.266     3.925   -152.55     44.70      1.00
   1.92018   1.18301   5.16257     1.344    36.800     5.942   -152.50     43.04      1.00
   5.04307   1.84934   1.19554    58.286    35.270    25.654   -152.49     78.09      1.00
   1.45770   1.06465   3.77537     9.606    17.522     3.824   -152.49     30.07      1.00
   5.50596   1.54091   3.98803    34.560    -1.484    40.914   -152.48     62.48      1.00
   2.86642   2.21675   3.77401     6.742     1.438     5.640   -152.48     30.91      1.00
   5.65969   1.27215   5.97105    38.075     9.377    38.007   -152.47     53.92      1.00
   0.81289   1.62872   5.59717   -12.213    -1.387    16.846   -152.46     29.30      1.00
   0.56185   1.56356   4.73819    -5.585    -1.793     7.102   -152.44     26.65      1.00
   0.87224   1.83767   0.27845    22.896    38.673    -9.303   -152.41     54.32      1.00
   2.96255   1.66065   2.41106    16.777    10.082    40.622   -152.41     55.15      1.00
   0.91723   3.02269   5.37479    -4.849    17.724     3.879   -152.40     36.22      1.00
   0.69744   1.45268   6.08448    20.160    25.332    35.716   -152.38     50.84      1.00
   4.08628   0.67241   1.99949    53.959    32.302    20.419   -152.38     67.62      1.00
   1.77398   1.93097   5.35713    40.170    37.926    15.564   -152.34     66.25      1.00
  -0.36180   0.87068   2.35216    37.323     4.984    32.642   -152.33     60.48      1.00
   2.39271   1.12022   0.53554    15.116    16.646   -10.551   -152.31     41.57      1.00
   2.95774   2.07225   2.18978    32.474    25.340   -11.011   -152.31     50.99      1.00
   1.75784   2.09939   3.94140    39.129    15.315   -22.438   -152.29     56.55      1.00
   2.52456   0.97104   1.01277    33.179    41.873     4.258   -152.29     60.39      1.00
   1.94857   3.14993   4.35512    39.978    -3.246     5.214   -152.28     53.39      1.00
   2.00951   1.07283   2.03475    43.342    10.718    30.075   -152.28     63.02      1.00
   5.56540   2.62317   3.27752    37.811     6.922   -10.421   -152.26     56.34      1.00
   1.73033   0.95310   2.37260    39.305    10.956    31.964   -152.26     60.10      1.00
   0.59067   1.77797   1.34106    34.715    -0.425     5.085   -152.21     51.08      1.00
   3.65083   0.78000   3.38171    30.821    30.812    19.229   -152.18     51.44      1.00
   5.71240   1.24917   4.08254    13.575    -7.238    36.356   -152.17     49.86      1.00
   5.25693   2.75725   0.52793    17.491    45.965     9.147   -152.17     57.43      1.00
   2.12779   2.29836   5.76268    15.400    -0.639     1.270   -152.15     38.35      1.00
   0.55226   0.86312   5.14179    25.894     0.749     1.559   -152.15     29.30      1.00
   3.40480   2.53487   3.14344    30.575    12.853    35.064   -152.13     57.56      1.00
   1.12171   1.31307   0.69846    38.925    11.933    33.903   -152.08     62.72      1.00
   2.54793   2.55892   2.06933     2.635     6.956   -11.102   -152.06     35.95      1.00
   1.23627   1.09134   3.23964    18.618    28.506     8.626   -152.06     43.16      1.00
   0.23033   2.14399   3.98856    46.129    -4.949    21.148   -152.05     62.29      1.00
   1.14412   1.69368   4.79271    -5.020    10.210    -1.278   -152.05     28.56      1.00
   2.89034   2.44521   5.79834    41.633     4.353   -10.472   -152.03     55.72      1.00
   6.11759   2.09932   0.37211    51.092    -2.993    -1.680   -151.96     58.90      1.00
   3.11495   0.52965   1.15921    64.610    -4.609    16.187   -151.95     72.94      1.00
   2.47951   2.77867   1.59730    26.512    -2.979    -7.591   -151.92     47.29      1.00
   0.66918   0.76700   0.99721    16.551    25.101    43.140   -151.92     58.20      1.00
   2.40100   0.50820   2.13077    34.568   -11.417    24.913   -151.91     53.16      1.00
   2.72427   1.37960   5.57623    32.998    17.816   -12.172   -151.91     49.67      1.00
   3.74577   1.11295   0.35234     6.750    32.585    15.986   -151.86     44.42      1.00
   0.13010   1.61175   3.68711    -3.948    12.633     6.698   -151.84     34.56      1.00
   5.72284   1.01559   1.75103    30.492    41.409    30.595   -151.81     65.31      1.00
   5.02075   1.95006   3.61974    -3.412    -8.750    39.741   -151.80     51.25      1.00
   2.00550   1.89951   0.47825    -3.869    -0.745    13.669   -151.77     37.74      1.00
   4.37648   2.24380   0.34031    31.647    18.745    37.249   -151.75     60.65      1.00
   1.65257   1.62575   4.78604     6.848    -7.417    17.295   -151.72     31.76      1.00
   0.55151   2.65172   4.75251     3.480   -18.749    13.135   -151.70     41.75      1.00
  -0.42742   0.12325   1.42599    45.942     9.403    28.032   -151.69     60.04      1.00
   4.83460   1.03602   4.00269    41.030    14.078    39.347   -151.69     66.49      1.00
   3.54972   1.10290   5.26124    10.512    32.047     2.059   -151.64     40.55      1.00
   0.37937   2.61394   5.38743    16.966    13.033   -16.479   -151.63     43.26      1.00
   6.02409   2.56228   4.91462     9.159    33.067    14.520   -151.63     43.78      1.00
   2.20932   0.97255   0.75935     7.968     5.492    40.090   -151.63     55.00      1.00
  -0.49762   2.83101   1.25774    -0.230    11.876     4.688   -151.62     36.63      1.00
   4.89577   1.82318   4.05174    -0.357     1.746    10.303   -151.61     30.29      1.00
   3.52179   2.54545   5.48269    48.352    46.579    -4.950   -151.60     72.58      1.00
   2.63273   1.95256   2.18350    42.351    -7.147    -5.080   -151.57     56.34      1.00
   1.72609   1.89023   5.00431    40.843    -5.251     2.008   -151.56     51.93      1.00
   3.14052   1.21799   3.33456    23.513    14.471   -10.758   -151.56     32.81      1.00
   0.68416   0.80300   2.24187    12.364    -2.874    17.239   -151.53     42.99      1.00
   1.47499   1.85358   2.41489    12.059    -3.937    26.385   -151.52     47.02      1.00
   3.39509   1.50952   1.63180    17.518    -6.496    34.753   -151.52     52.61      1.00
   5.54922   1.14930   2.26845    -7.887    30.702    23.781   -151.51     46.05      1.00
   2.43230   1.19201   2.22141    45.326    12.225    29.756   -151.50     62.68      1.00
   2.11185   1.48066   5.49584     5.361    30.049    40.223   -151.49     57.54      1.00
   2.61002   0.62391   2.20084    43.221    22.878    30.421   -151.44     60.57      1.00
   4.47786   2.00532   3.97048    24.314    34.085    -3.877   -151.43     46.51      1.00
   4.74193   1.74777   2.56725    52.465     8.203    35.163   -151.42     73.54      1.00
   2.65585   0.60041   0.16862    -5.616    -4.291    29.490   -151.41     45.91      1.00
   0.87034   1.77097   5.91230    14.462    36.361    24.408   -151.37     50.43      1.00
   3.55760   0.78370   2.02518    37.291    -7.756     5.633   -151.35     42.61      1.00
   5.77844   1.42844   4.30636     7.464    -9.222    32.788   -151.35     45.38      1.00
   5.65491   2.11449   0.16915    24.699    18.757    -5.669   -151.34     39.78      1.00
   3.91283   2.01124   4.71957    -5.378    16.202     8.343   -151.34     31.55      1.00
   3.63152   0.61993   1.05469    32.736    34.205    27.145   -151.30     57.18      1.00
   0.54816   1.04544   0.03768    27.381    26.286    -2.411   -151.30     44.17      1.00
   1.08496   2.38009   4.81855    11.166    -8.857    14.876   -151.29     38.75      1.00
   2.93942   1.17382   0.62970    46.816     5.893    13.120   -151.28     61.45      1.00
   0.23647   1.24760   4.74083    21.425     0.724    40.060   -151.27     47.83      1.00
   4.16805   1.09536   2.07820    37.921    -3.756     0.288   -151.27     43.88      1.00
   2.88099   2.47441   2.48952    -3.480    33.338     9.971   -151.24     42.88      1.00
  -0.02609   1.61377   2.95614    27.088    18.970    42.324   -151.23     62.08      1.00
   2.37471   2.07780   2.08651    41.851    -2.343   -10.309   -151.22     56.66      1.00
   4.40498   2.44068   1.71895    53.683     5.899    24.905   -151.20     71.37      1.00
   6.00465   1.20729   5.18316     6.969    -4.082    28.239   -151.18     34.45      1.00
   0.95830   0.36081  -0.04978    17.131     5.897    35.341   -151.17     43.53      1.00
   0.25215   2.04280   4.84405    39.879    31.263    -7.415   -151.17     59.23      1.00
   4.36760   2.75244   6.00235    35.406    12.729    -9.240   -151.15     48.39      1.00
   5.56364   0.61356   3.84132    30.486    -1.364     9.494   -151.15     47.29      1.00
   1.71496   1.45500   3.42327    55.440     7.127    19.746   -151.13     63.40      1.00
   3.47208   1.39319   0.67614    49.962    38.609    12.733   -151.12     70.59      1.00
   4.04319   0.81392   2.01652    55.444    31.080    20.875   -151.10     69.08      1.00
   4.68016   1.30543   3.30591    40.499     6.981    -6.029   -151.09     52.51      1.00
   3.88025   1.69593   6.01667    55.718    44.789    20.940   -151.08     78.58      1.00
   1.99419   2.86304   2.50549    14.340    -3.755    15.569   -151.04     40.92      1.00
   3.46463   1.60332   1.51929    21.182    -4.483    35.221   -151.04     54.45      1.00
   0.50586   1.61455   0.03778    20.104    16.686     0.303   -151.04     36.91      1.00
   5.24265   1.97751   2.31846    52.110    21.420    29.348   -151.01     73.48      1.00
   2.03389   0.54918   5.69544    23.174    17.965    39.404   -151.01     55.88      1.00
   6.47488   1.52101   4.43240    -8.048    -9.511    19.882   -151.00     35.65      1.00
   2.27107   2.36640   5.53197     0.480    35.587    28.035   -151.00     55.93      1.00
   3.30798   1.65221   0.28224    42.235    13.008    23.946   -150.99     62.01      1.00
   0.28826   0.88498   1.89857    40.107    28.600    -3.575   -150.99     61.08      1.00
   3.73900   1.36266   2.17579     1.437     0.954     6.783   -150.97     24.78      1.00
   1.58194   1.07554   3.77530     9.436    27.216    13.211   -150.96     37.26      1.00
   5.71351   2.42596   2.50631    34.775    31.140    18.330   -150.96     62.15      1.00
   5.14604   0.62290   1.65756    -7.584    26.385    35.875   -150.87     46.93      1.00
   0.64361   2.42640   2.89985    36.741    -2.251    25.873   -150.85     56.73      1.00
   0.75267   2.23697   1.39960    36.307    43.818    13.992   -150.80     64.46      1.00
   4.11555   1.39994   5.54218    19.510    13.452    37.923   -150.74     53.10      1.00
   4.09243   2.30975   2.12145    59.787    -2.962    17.977   -150.72     74.77      1.00
   4.58023   0.80350   3.49391     2.330    36.825    35.842   -150.71     55.13      1.00
   2.43694   1.01512   3.65470    38.740    25.170   -11.279   -150.66     48.51      1.00
   0.97530   1.90823   1.28494    18.495    -1.110    19.505   -150.64     45.27      1.00
   0.05274   2.12952   4.58287     2.827    24.709     4.702   -150.63     36.51      1.00
   1.63490   1.51291   4.77334    21.387    23.982   -10.555   -150.61     42.53      1.00
   2.84677   1.33305   5.67314    34.119    21.250   -12.487   -150.61     51.75      1.00
   3.23428   1.27291   4.45880    -8.704    24.374     3.091   -150.59     31.77      1.00
   5.42583   1.60877   0.51303    16.896    30.183     3.304   -150.58     40.03      1.00
   4.85652   1.80548   5.21869    23.867    30.599     2.765   -150.58     41.57      1.00
   1.51402   1.35447   3.90367    -1.719     4.300    -1.215   -150.57     27.17      1.00
   0.83517   1.40780   4.10082    56.458     3.445    23.895   -150.57     65.73      1.00
   3.12733   1.69038   3.64021    35.526    26.868   -12.793   -150.57     48.88      1.00
   4.43754   1.92961   0.03522     6.867    28.965     5.532   -150.55     39.47      1.00
   6.33580   0.50433   0.61965    19.900    15.187    -0.422   -150.53     31.28      1.00
   1.94525   2.18818   4.29382    50.131    -6.366    20.462   -150.51     62.10      1.00
   0.62420   2.24654   1.59482    48.406    35.504   -13.068   -150.51     69.57      1.00
   4.54332   0.89230   1.15004    33.622     2.616   -20.768   -150.51     41.29      1.00
   1.37456   0.77318   6.12988    22.313    46.496     7.909   -150.51     57.52      1.00
   2.75649   2.94042   2.92430    17.238    -2.302    14.725   -150.50     41.01      1.00
  -0.01126   1.14252   3.51898    24.632     5.875     0.408   -150.49     42.89      1.00
   1.80963   2.01373   2.52841    12.573    -3.514    25.678   -150.46     46.13      1.00
   6.36216   0.98299   2.09142    40.759    30.850    -1.203   -150.45     62.36      1.00
   5.51901   1.96766   1.36111    43.290    12.756    36.540   -150.45     64.66      1.00
   1.75594   0.97707   1.76990    12.749    -0.491    30.824   -150.45     50.03      1.00
   4.03064   2.11602   2.15581    57.104    -4.525    19.899   -150.45     72.34      1.00
   2.14208   1.64319   3.47465    25.822    -5.981    11.586   -150.44     39.65      1.00
   0.27558   1.19826   3.17031   -16.944    20.974    12.954   -150.39     42.25      1.00
   0.32463   1.13838   0.64292    30.740    49.075    14.963   -150.38     63.83      1.00
   1.52473   0.57723   3.29387    44.736    22.267    -7.639   -150.37     52.73      1.00
   1.48704   1.48410   0.97988    14.744    22.318    -3.488   -150.35     43.83      1.00
  -0.07064  -0.24407   2.52065     6.660     1.670    39.777   -150.33     51.77      1.00
   0.10227   3.05622   2.64652    20.614    30.574    22.939   -150.32     55.74      1.00
   3.49126   1.80316   4.73913     8.541    39.753    27.739   -150.30     54.84      1.00
   2.45041   2.13406   1.85320     9.836    -4.569     3.877   -150.28     39.14      1.00
   0.80353   2.09532   5.78948    -0.028    15.527    -6.985   -150.26     33.35      1.00
   1.50929   2.32097   5.47747    37.143    -3.070    -3.705   -150.23     53.11      1.00
   0.08415   2.02647   3.91273    46.399    -2.864    24.795   -150.21     63.31      1.00
   2.41800   2.00028   0.48854    61.322    22.002    19.894   -150.21     79.92      1.00
   0.85143   0.52408   1.79711    25.724    43.188    17.823   -150.19     60.42      1.00
   4.27862   1.22398   4.86505    39.524     0.557    10.193   -150.18     50.61      1.00
   0.85846   1.19433   4.99988    11.451   -10.137    25.971   -150.15     33.92      1.00
   3.51329   0.92199   4.83723    -1.269    39.396    14.882   -150.15     46.23      1.00
   4.54798   2.16299   1.91159    12.382     7.971    42.380   -150.14     56.01      1.00
   5.55821   1.58390  -0.01028    39.718    19.715    37.707   -150.14     58.14      1.00
   4.14772   0.25975   3.96168    27.419    33.010    44.225   -150.13     67.43      1.00
   3.26392   2.24365   5.30281    51.854    16.388    20.830   -150.10     65.77      1.00
   0.64211   2.22294   1.38764    37.911    43.704    16.801   -150.06     65.84      1.00
   1.64234   1.26267   6.06240    24.189    34.026   -17.751   -150.05     54.70      1.00
   4.70835   2.05517   3.91234     0.595    14.041     5.502   -150.03     29.52      1.00
   1.19104   2.56794   5.99902    50.564    37.195    14.279   -150.03     73.07      1.00
   3.59516   1.58603   2.03861    26.360     5.355    -6.323   -149.99     38.61      1.00
   5.91925   1.13479   5.62861    54.195    11.783    32.047   -149.99     62.82      1.00
   0.77818   0.68849  -0.04012    19.483    24.491    40.007   -149.98     52.79      1.00
   3.97866   1.68190   2.02014     6.201     0.015     5.822   -149.94     28.85      1.00
   5.49299   1.61776   5.92447    31.375    20.356    41.587   -149.93     55.87      1.00
   3.83263   2.01923   4.69161    33.136    14.598    -6.470   -149.93     43.26      1.00
   3.66111   1.27519   0.40948    27.902    38.963    18.736   -149.92     57.74      1.00
   0.76923   1.17319   0.19381    24.654     1.784    42.665   -149.90     54.01      1.00
   1.96592   1.80062   4.37506     5.801    -6.234    17.211   -149.89     33.31      1.00
   3.68625   1.92121  -0.13941    35.945     4.883   -13.817   -149.87     48.54      1.00
   1.52919   0.85613   5.64336    14.034    28.677    39.668   -149.87     54.33      1.00
   1.01874   1.08932   2.56619    23.343    27.336    39.359   -149.87     60.20      1.00
   0.55983   1.57116   4.11778    53.453     4.701    26.279   -149.86     65.47      1.00
   5.10664   1.99619   2.85141    22.193    19.526    -6.026   -149.84     45.37      1.00
   0.67695   2.53018   2.43894    11.524     1.932     5.969   -149.84     38.76      1.00
   3.89723   1.04286   2.33621    35.372    13.220   -22.421   -149.84     46.30      1.00
   0.32845   1.77307   4.46714     5.970    -6.603     5.875   -149.82     31.94      1.00
   5.71160   1.71308   5.76849    42.168    17.526   -10.209   -149.79     50.08      1.00
   0.81520   0.71576   5.16836    22.332     7.304    -1.129   -149.78     26.05      1.00
   1.87816   1.68099   3.84867    19.971    28.947     3.435   -149.77     43.29      1.00
   3.54059   2.32030   3.77238     6.266    38.717     9.976   -149.75     44.88      1.00
   3.69976   1.33874   0.19350    14.234    37.229    16.304   -149.75     50.41      1.00
  -0.19753   2.64491   5.15883    35.895    -0.643     8.091   -149.74     50.69      1.00
   1.50731   1.98933   3.64465    13.232    30.559    26.211   -149.71     51.24      1.00
   3.75312   0.78259   0.38247    72.011    17.091    29.054   -149.70     83.56      1.00
   1.84382   1.30431   1.64591    35.431    12.699    -8.072   -149.70     53.28      1.00
   0.29827   1.00297   4.00454    14.835    17.267    46.009   -149.68     54.42      1.00
   5.40533   2.50922   0.49521    -1.225    43.941    21.652   -149.67     55.85      1.00
   1.58355   0.87261   5.61241    13.302    28.464    39.987   -149.66     54.43      1.00
   2.35265   1.74131   1.40243    30.410    29.031   -10.963   -149.65     54.10      1.00
   1.80249   2.59976   3.94805    52.832    33.908    -1.579   -149.64     70.21      1.00
   5.11468   0.22375   4.12620    41.927    -0.866    15.283   -149.62     57.75      1.00
   5.87659   2.45037   5.26719    34.282     3.710    12.047   -149.60     47.46      1.00
   4.81440   0.99381   4.58315    36.530    39.054    29.721   -149.60     64.07      1.00
   5.01559   1.31607   0.77540    18.121    35.549    10.753   -149.58     45.05      1.00
   1.69934   1.61218   4.06104    -1.783    13.904    -3.880   -149.58     30.91      1.00
   3.14093   1.02769   1.10807    53.149    30.625    24.033   -149.54     71.66      1.00
   5.08571   1.42236   1.72471    40.348    -5.068    18.608   -149.52     52.99      1.00
   4.39618   1.48996   3.13483    52.415    32.900     8.464   -149.51     69.04      1.00
   5.59969   1.90804   4.45891    25.315    11.779    41.257   -149.51     55.59      1.00
   1.13280   1.07518   4.95272     9.324   -10.076    19.653   -149.50     28.42      1.00
   2.41719   1.19044   2.20749    45.263    12.047    29.563   -149.46     62.62      1.00
   1.57134   2.32057   5.55134    36.751    -2.597    -4.242   -149.46     52.99      1.00
   0.67340   2.20392   0.16407     7.726     2.665    27.126   -149.43     40.47      1.00
   4.56470   1.17042   3.27680     9.710    -4.455    21.438   -149.41     37.05      1.00
   0.87754   1.34133   0.84557    25.092    24.173    -4.140   -149.40     48.33      1.00
   0.33568   1.18691   1.95030    54.504     9.244    23.013   -149.37     70.60      1.00
   3.10417   0.77838   0.99286    -3.820    41.330     9.267   -149.37     47.53      1.00
   1.93751   2.17414   2.74838    22.215     5.234   -14.006   -149.36     43.00      1.00
   3.71013   0.74842   5.32433     0.497    36.399    13.973   -149.36     44.42      1.00
   2.80510   0.71083   1.15116    38.504    38.716    12.732   -149.36     60.94      1.00
   3.70602   2.36334   5.18626     6.020    -2.259    12.123   -149.36     34.04      1.00
   6.38327   1.65635   5.81702     1.976     8.080    13.088   -149.33     24.98      1.00
   3.86312   1.82842   5.72183    10.109    46.950    32.244   -149.31     63.61      1.00
   3.75141   1.28032   4.46045    -0.794    35.316     8.566   -149.28     40.06      1.00
   2.94489   2.17658   2.81214    50.456     1.846    18.341   -149.25     62.83      1.00
   0.03172   0.30503   5.92170    37.277    38.044     9.529   -149.23     52.89      1.00
   3.72584   1.29775   4.46280    18.662    36.253    -0.079   -149.22     44.35      1.00
   1.42145   0.98607  -0.13393    13.707    50.114    15.904   -149.21     58.99      1.00
   3.39554   1.78337   0.74268    61.781     5.181    15.321   -149.21     74.26      1.00
   2.45876   1.40459  -0.23833    53.783    25.889    25.075   -149.19     75.05      1.00
   4.13224   2.40317   1.34810    13.442     1.028    -1.791   -149.18     36.73      1.00
   5.22717   1.80644   3.39575    36.347     6.989    -6.771   -149.10     52.35      1.00
   2.02161   1.68824   4.03292    12.161    32.053    14.103   -149.09     44.65      1.00
   1.02629   0.62689   5.06493    22.568     9.738    -2.922   -149.08     26.80      1.00
   0.27433   1.47584   2.28423    20.811    27.377     5.947   -149.08     49.39      1.00
   0.95444   1.79990   1.61730    36.338    42.342    20.269   -149.05     66.10      1.00
   0.31989  -0.09713   4.63035     9.893    16.394    46.789   -149.03     53.14      1.00
   0.75817   1.56414   5.80436    37.124    15.800    45.378   -149.02     63.38      1.00
  -0.02460   0.96096   2.07774    40.247    30.094    -1.034   -149.02     61.46      1.00
   0.69270   2.46858   0.85506    18.610    38.655    27.880   -149.02     56.06      1.00
   3.55377   1.11860   0.43903    17.851    37.237    19.643   -149.01     52.52      1.00
   4.89005   1.29845   6.06726    51.314    -0.878    14.767   -149.01     55.75      1.00
   0.42760   1.94081   4.15044    -4.187    24.623     8.701   -148.99     38.74      1.00
   2.42837   1.63610   5.64966    40.212    31.504    25.420   -148.98     66.73      1.00
   0.11372   1.60739   3.67078    -3.616    12.279     6.543   -148.97     34.51      1.00
   1.60126   1.79412   4.88787    13.704     4.537   -17.103   -148.93     36.98      1.00
   2.91955   2.53880   5.28126    30.721    17.869    31.409   -148.93     58.06      1.00
   4.94556   1.60588   4.75471    20.684    45.632    12.156   -148.92     51.79      1.00
   4.26014   1.21657   3.67965    18.416    -3.919    22.454   -148.89     41.55      1.00
   0.05796   1.44326   2.05762    24.723    -1.123    23.009   -148.88     48.77      1.00
   3.03421   1.07923   1.27013    17.620    27.110    39.291   -148.87     59.15      1.00
   3.61595   0.59893   1.04522    32.354    33.712    27.439   -148.85     56.85      1.00
   2.10152   2.08431   2.28797    28.673     3.272   -12.039   -148.82     46.94      1.00
   0.75553   1.48547   2.06574    39.467    43.974    19.864   -148.82     69.34      1.00
   1.52496   0.81152   2.33840    43.427     5.696    -1.757   -148.81     55.56      1.00
   1.26748   2.21569   2.99266    39.483    -2.711     4.020   -148.77     52.79      1.00
   1.75444   0.85622   2.25795    39.195    13.175    33.511   -148.77     61.32      1.00
   4.42936   0.83430   6.07293    43.069    36.150     5.849   -148.76     57.26      1.00
   1.40590   2.01952   3.34048    40.828     7.690    37.659   -148.76     63.01      1.00
   2.85315   1.58439   2.65103    38.144    10.243   -15.487   -148.76     48.40      1.00
   4.00144   0.83785   5.84741    36.733    30.232    44.091   -148.76     69.88      1.00
   2.26204   1.88474   1.52783    25.774    30.634    -8.981   -148.76     51.67      1.00
   3.96757   0.29015   4.85918    39.129     1.300    23.037   -148.71     57.95      1.00
   5.22206   0.44898   5.04182    23.167    -1.649    42.823   -148.69     55.87      1.00
   0.28890   1.33945   4.67341    19.697    -1.334    38.442   -148.69     46.68      1.00
   2.49427   2.33780   2.60264    23.678    30.301    -8.163   -148.68     47.10      1.00
   4.92355   1.99425   1.37821    34.782    -1.326    31.768   -148.68     56.35      1.00
   1.04328   0.66942   5.34455    14.223     3.404     0.857   -148.67     19.12      1.00
   2.67904   2.54430   3.94714    40.552     9.413   -11.171   -148.67     51.10      1.00
   1.04501   0.82627   0.58840    56.054    46.615     7.137   -148.67     80.27      1.00
   5.47896   1.07404   4.59297    49.434    24.933    33.997   -148.65     67.47      1.00
   4.40758   0.80883   1.42556    32.543     6.764   -22.483   -148.65     41.37      1.00
   4.01552   0.85141   3.75607    -0.282    -0.957    36.997   -148.63     44.74      1.00
   1.11844   0.71758   1.60655    34.546    44.010    11.396   -148.62     64.68      1.00
   5.00599   2.40230   3.22086    33.005    31.045    -5.232   -148.61     56.71      1.00
   3.08930   2.29933   5.31079    52.589    16.038    20.641   -148.60     66.83      1.00
   2.91356   2.24240   4.46699    46.082    -5.182     8.254   -148.58     54.85      1.00
   5.56236   1.62764   0.83484    55.265     8.980    28.689   -148.58     66.05      1.00
   2.69466   1.07912   5.81743    13.959    17.663    41.683   -148.57     57.57      1.00
   3.45568   2.20298   3.66918    13.394    37.515     3.943   -148.54     44.15      1.00
   1.90571   1.83663   3.50654     2.581     6.507    42.741   -148.53     52.53      1.00
   0.68610   2.54351   2.92244     8.483    -3.775    30.123   -148.52     46.77      1.00
   4.65282   1.02686   0.85770    40.773    -1.110    29.746   -148.51     53.24      1.00
   0.39934   1.28380   5.75365    10.423     3.767     9.038   -148.51     22.76      1.00
   1.65107   0.46281   1.69269    42.439     0.751     8.635   -148.50     57.46      1.00
   3.28368   1.64890   2.10029    -4.475     0.379    30.135   -148.48     44.14      1.00
   6.13162   1.66419  -0.30298    35.978     9.544     0.108   -148.48     42.72      1.00
   5.01163   2.16460   1.53661    39.253    -2.814    27.618   -148.47     58.41      1.00
   3.88769   1.45841   2.09608    -1.262    -0.228     8.476   -148.45     26.15      1.00
   1.77329   0.61476   2.46434     8.580     0.396    13.101   -148.44     35.28      1.00
   5.39086   1.29268   6.35618    51.500    -6.704    18.813   -148.43     56.10      1.00
   3.45775   2.15730   2.97691    66.262    24.913    21.780   -148.43     79.80      1.00
   4.05513   1.01278   1.83360    18.381    31.567    33.427   -148.41     53.81      1.00
   4.60267   2.02494   4.00046    43.837    30.482    27.783   -148.40     65.41      1.00
   3.89148   2.14319  -0.01043     0.658    -5.228     2.638   -148.37     32.06      1.00
   1.02563   2.37374   2.66377    11.542    -1.138    10.001   -148.35     39.63      1.00
   1.14750   1.12224   1.61806    23.951    11.756     2.501   -148.35     46.13      1.00
   2.51231   2.00094   2.25832    15.101     3.017    36.354   -148.27     53.04      1.00
   3.38011   2.14015   5.61828    14.363     9.501    34.940   -148.26     51.38      1.00
   4.31086   0.68521   2.53211     5.708    29.033    13.599   -148.26     35.89      1.00
  -0.12355   2.39856   2.50210    34.986    -4.673    30.991   -148.25     58.81      1.00
   4.95762   2.29122   3.15019    33.406    28.636    -6.883   -148.24     55.93      1.00
   4.01118   1.13786   6.06937    56.975    35.141    33.512   -148.23     78.42      1.00
   5.11602   0.65373   4.43849    15.227    38.906    30.520   -148.13     54.73      1.00
   3.35225   2.39997   5.74589    37.158    -8.296    -1.519   -148.12     50.06      1.00
   3.39842   1.07420   1.39547    19.677    29.710    36.390   -148.10     57.49      1.00
   1.13137   1.48626   3.19569    22.416    32.586    11.176   -148.07     49.77      1.00
   2.59658   1.20102   4.92977   -13.631    20.203     3.685   -148.04     31.84      1.00
   4.27917   1.63857   0.71029    40.633    39.072     5.803   -148.04     61.67      1.00
   2.80590   2.23113   2.59284    15.494    -0.070    32.121   -148.04     49.84      1.00
   5.73985   2.05885   0.44518     8.455    19.017     1.380   -148.03     33.43      1.00
   2.54594   1.19184   4.96389   -13.444    19.887     4.122   -148.03     31.67      1.00
   1.85697   1.46096   4.50406    23.259    -7.334    12.828   -148.02     35.91      1.00
   1.34152   1.87739   2.53073     9.295    -4.159    25.015   -148.02     45.53      1.00
   3.90410   0.75457   0.14649    59.399    20.827    36.645   -148.01     77.02      1.00
   1.97687   2.28836   3.77861    22.894    -1.447    20.224   -148.01     43.65      1.00
   1.25156   2.95781   4.70867    37.371    -7.825    13.916   -148.00     56.00      1.00
   4.12893   1.92444   3.14418   -17.484    -3.822    12.032   -147.99     34.12      1.00
   3.55767   1.37066   0.05364    14.992    -0.880    21.020   -147.98     42.34      1.00
   5.89449   2.39659   4.81414    36.071    26.980    -8.329   -147.93     54.30      1.00
   1.59799   2.54888   3.66173    23.136    33.020    10.238   -147.92     52.62      1.00
   5.45580   1.76382   2.76551    33.203    11.243    -9.264   -147.92     52.14      1.00
   5.44940   2.28208   0.14495    20.035    35.883    37.833   -147.91     58.76      1.00
   2.23240   1.96009   3.94512    22.355    30.495    23.073   -147.90     51.42      1.00
   0.27277   2.54192   4.89487     6.737    29.931     6.677   -147.89     42.00      1.00
   3.19204   3.09353   4.14971   -11.146    33.324     7.247   -147.89     46.46      1.00
   0.32820   1.20417   5.42862    34.737    22.338    39.449   -147.89     56.15      1.00
   5.91406   1.20621   3.68245    28.261     5.058    -1.292   -147.84     45.09      1.00
   4.21479   1.44168   1.75551    61.205     5.525    30.423   -147.84     75.14      1.00
   2.18573   2.30911   4.09873    10.823    23.449   -12.946   -147.83     41.93      1.00
   0.27420   1.24783   3.65062    25.699    32.855    -2.305   -147.83     50.57      1.00
   5.80420   0.53924  -0.07048    21.308    -6.532    30.608   -147.80     37.11      1.00
   4.99635   1.08480   4.09689    24.178     7.611    44.375   -147.78     59.29      1.00
   5.71571   1.48338   0.57328    40.190    29.385    -6.032   -147.75     54.05      1.00
   2.99852   2.18906   5.11462    21.104    43.668    -3.774   -147.72     56.18      1.00
   3.26044   0.24252   4.32561     2.949    36.401    14.085   -147.72     42.71      1.00
   1.13627   0.84123   2.93917    12.921    24.545     6.034   -147.70     39.73      1.00
   2.61456   0.96330   5.19694    37.910    46.206    10.586   -147.70     66.45      1.00
   0.34837   0.10872   5.67139    36.959    38.019    13.508   -147.69     53.73      1.00
   2.94874   2.41581   0.21276    15.050    34.301    30.818   -147.67     60.38      1.00
   0.39713   2.77643   1.11995    38.201     4.226    -4.368   -147.66     50.69      1.00
   2.08545   1.79584   2.82542    12.969    -7.435    -2.701   -147.64     37.37      1.00
   2.03570   2.32005   3.49517    -6.174    19.868    -3.357   -147.64     38.66      1.00
   4.07823   2.82569   1.21827    37.084    -7.584    21.819   -147.61     58.37      1.00
   5.59313   1.72112   0.64622    45.853    26.940   -10.739   -147.61     58.86      1.00
   3.98413   0.89114   2.46574    63.050    35.541    -0.123   -147.60     74.78      1.00
   4.20301   1.07517   2.04685    38.327    -4.142     0.966   -147.60     44.17      1.00
   0.45395   1.98916   2.28935    17.029    39.118    25.299   -147.60     58.64      1.00
   4.19598   1.56218   1.47836    47.644    11.053    36.231   -147.57     68.35      1.00
   2.23456   2.58586   1.86430     2.959    13.181   -12.511   -147.56     37.58      1.00
   1.89331   1.92626   3.66537    23.382    -1.123    23.439   -147.55     44.02      1.00
   6.27302   1.13207   3.27070    10.392     2.091     7.832   -147.54     37.28      1.00
   3.48768   1.84781   1.47023    23.305    -2.206    -0.656   -147.52     40.77      1.00
   2.71574   2.50475   4.18045    38.999    -3.003    13.393   -147.50     50.89      1.00
   1.46790   2.26756   5.18363     7.615    -5.438     8.289   -147.50     34.56      1.00
   3.01936   2.13082   0.83214    17.872    24.507    -6.951   -147.48     45.76      1.00
   1.40925   1.35395   5.71306    48.535    36.336    18.256   -147.45     69.59      1.00
   4.67227   0.59621   4.77778    52.943    18.907    38.115   -147.44     74.11      1.00
   5.07273   0.48955   4.16726    16.769    22.097   -14.515   -147.40     41.47      1.00
   1.39021   1.43299   5.02527    18.423    22.759    -9.826   -147.39     39.84      1.00
   4.98051   2.13475   3.49762    -3.547   -11.904    35.771   -147.38     49.66      1.00
   2.71610   0.50536   1.87728    59.890    -1.673    30.964   -147.36     72.07      1.00
   3.80098   1.52585   6.25406    29.282    15.480   -15.381   -147.34     44.45      1.00
   1.97828   2.56023   1.72653     6.847    38.519    13.973   -147.33     48.94      1.00
   5.65047   0.98618   2.45267    34.974     1.842    31.822   -147.32     58.05      1.00
   4.24948   2.20970   1.87648    19.354     7.413    -6.735   -147.32     39.58      1.00
   3.75592   1.06310   3.57921    19.305     3.962    -3.969   -147.32     28.54      1.00
   0.31608   0.56434   5.33264    60.239    -2.705    17.069   -147.28     61.57      1.00
   2.94587   1.08655   4.07772   -14.900    14.592    42.171   -147.28     51.82      1.00
   5.24782   2.18128   4.02218    22.882    47.327     6.504   -147.27     57.00      1.00
   2.45806   1.36600   3.27507     7.868    -6.315    27.192   -147.25     39.69      1.00
   0.80276   2.21398   1.36019    34.507    44.580    13.394   -147.25     63.82      1.00
   4.82480   0.84099   4.54759    45.590    12.551    37.885   -147.25     67.61      1.00
   3.44274   0.91571   2.10993    36.686    -6.927     2.434   -147.24     42.61      1.00
   4.35737   0.98280   6.09127    42.555    34.870     3.278   -147.24     56.39      1.00
   4.20074   1.08174   0.98546     6.084     8.959    50.957   -147.23     58.31      1.00
   2.97353   0.95950   3.03099    20.049     4.709    -5.353   -147.23     25.86      1.00
   6.12744   1.92573   2.63024    43.959    30.398     3.307   -147.20     65.50      1.00
   4.97148   1.07500   3.62940    12.812    -3.749    18.505   -147.18     39.03      1.00
   5.94926   2.18681   3.93119     8.969    21.222    50.456   -147.17     60.77      1.00
   3.22218   2.58611  -0.11950    15.539    -0.322     2.782   -147.15     38.20      1.00
   5.25930   1.84205   3.45842    35.207     8.202    -7.108   -147.15     51.57      1.00
   0.48094   2.65926   2.68567    32.232     5.239    -6.156   -147.13     49.55      1.00
   2.34233   2.34628   0.43687     0.504    -6.026    20.877   -147.11     42.29      1.00
   5.11115   0.88158   3.42366    41.343     9.204    43.418   -147.11     69.54      1.00
   0.30696   1.14116   3.07160   -17.282    18.577    12.978   -147.11     41.75      1.00
   0.59813   1.92822   3.94393    30.233    25.824    -4.200   -147.09     52.03      1.00
   3.97976   1.45798   5.72138    31.119     5.185    20.242   -147.08     47.54      1.00
   4.16588   1.60407   5.62288    11.316    27.027     3.942   -147.07     36.84      1.00
   1.29595   1.34815   5.35501    -0.464    25.164    -1.529   -147.07     33.31      1.00
   2.85894   1.90104   1.37169    11.433    13.073    -5.523   -147.04     37.59      1.00
   1.31785   2.42842   4.67146     7.604    34.984    14.166   -147.03     50.24      1.00
   5.43121   2.27111   3.85890    34.951    16.329    -9.638   -147.02     52.82      1.00
   5.49461   0.52555   6.03285    45.394    -4.480     3.620   -146.99     45.76      1.00
   5.29993   2.23967   5.79709    18.424     8.878    -0.749   -146.99     32.46      1.00
   2.35216   2.11841   2.23759    30.982    11.690   -24.614   -146.97     52.30      1.00
   3.69639   0.76388   0.08511     3.459     2.935    16.777   -146.92     35.22      1.00
   3.15543   1.76074   1.97780    17.298   -11.527    22.877   -146.90     47.52      1.00
   5.84807   2.15691   1.76564    54.936    13.416    32.562   -146.90     72.86      1.00
   5.22381   0.93829   4.73732     9.676     7.520     7.239   -146.89     29.49      1.00
   0.76032   2.16217   0.38434     5.111     3.614    24.956   -146.88     39.40      1.00
   0.91077   1.07356   0.31113    34.496    10.212    33.048   -146.86     55.94      1.00
   0.24437   1.22193   4.86424    19.857     0.670    41.130   -146.82     47.32      1.00
   5.03081   1.19095   1.33050    37.427    -4.472    20.995   -146.82     48.09      1.00
   6.32203   2.51610   4.71170    43.297    30.225    -9.180   -146.79     63.60      1.00
   3.84265   2.78247   5.09699   -11.232    37.766    10.709   -146.73     49.97      1.00
   4.28972   0.56099   3.22237    21.941    -1.848    18.004   -146.72     37.79      1.00
   0.87263   0.97644   0.13662    20.009    11.729    37.694   -146.71     48.97      1.00
   4.51716   2.32988   5.07474     8.779    15.227    41.239   -146.71     51.88      1.00
   3.52330   0.99309  -0.10433    12.550     1.138    18.391   -146.70     39.67      1.00
   2.83051   1.49750   0.94673     6.395    -1.715     8.775   -146.69     37.68      1.00
   6.32649   1.70354   5.66676    24.076     5.718     6.354   -146.68     33.99      1.00
   4.04547   1.16650   0.90073    49.014    14.216    39.434   -146.68     69.51      1.00
   0.05554   2.03193   1.84614    54.353    24.563    32.007   -146.62     74.58      1.00
   1.70780   2.14522   0.48132    21.797     3.307    35.211   -146.58     55.35      1.00
   4.70414   1.18766   1.77349    39.478    -5.141    12.374   -146.58     48.36      1.00
   0.30402   2.50422   2.41765    31.512    35.842    23.697   -146.57     62.66      1.00
   0.99948   1.08648   4.85925    21.548    -8.254    24.307   -146.57     36.56      1.00
   0.90424   0.42785   0.60309    63.765    12.938    21.996   -146.56     76.87      1.00
   1.01501   2.36557   4.40366     6.082    32.234    10.757   -146.55     47.05      1.00
   4.42823   0.80791   0.11099    24.727    36.250    33.694   -146.54     57.05      1.00
   3.82932   1.32082   1.29765    29.419    -7.306    37.438   -146.53     57.51      1.00
   4.26182   1.17863   4.57366    24.494    43.808    15.944   -146.52     55.43      1.00
   1.27954   1.94272   3.41523    20.016     7.558    46.951   -146.52     59.11      1.00
   1.05080   2.49321   1.06405    17.040    40.664    23.093   -146.51     55.35      1.00
   5.19008   2.56866   3.97004    30.946    20.059    -8.076   -146.48     49.67      1.00
   1.40207   2.54103   5.96521     1.133    28.523     5.486   -146.47     41.63      1.00
   3.79548   1.43391   1.65254    42.245    -8.350    28.997   -146.47     60.96      1.00
   5.46225   1.28314   4.20352    12.362    -4.406    40.589   -146.43     51.89      1.00
   4.05792   1.64994   5.64413    11.029    12.572    -3.451   -146.41     30.34      1.00
   5.10633   0.83892   4.07313    19.120     8.931    48.581   -146.39     60.65      1.00
   5.53746   1.35125  -0.06307    27.564    11.715    42.442   -146.37     51.87      1.00
   1.45971   1.74013   1.43594     6.656    39.903    14.301   -146.34     51.60      1.00
   4.74430   2.00461   0.44066    43.691    46.389    22.877   -146.31     71.54      1.00
   0.74449   2.62969   4.91043    39.374     3.853    33.403   -146.31     63.01      1.00
   6.31901   0.49341   4.87899    20.504    40.565    24.592   -146.30     50.17      1.00
   3.91605   1.79523   0.79861    11.761   -10.661    18.406   -146.24     40.61      1.00
   0.64234   1.86563   2.64456    62.968     2.077    17.886   -146.20     74.83      1.00
   0.11664   2.02902   3.50870    29.995     1.323    35.079   -146.18     56.95      1.00
   3.62602   2.13283   0.34514    23.235    11.444    -8.297   -146.15     42.21      1.00
   0.65554   1.88056   3.21256    48.116     6.118    29.684   -146.13     65.63      1.00
   3.61950   1.67243   5.62602    12.614    22.926    41.403   -146.12     58.25      1.00
   5.57662   1.14973   4.13099    15.517    -4.719    39.769   -146.12     52.44      1.00
   3.90626   2.70698  -0.22036    25.266   -12.595     9.277   -146.11     44.29      1.00
   2.59642   1.93397   0.03102    27.935    28.207    33.396   -146.08     63.74      1.00
   3.99731   2.04436   3.55145    39.448    16.660    25.909   -146.07     58.00      1.00
   5.42105  -0.13110   2.49612    28.622    40.369    38.714   -146.06     68.05      1.00
   0.76408   2.32810   0.79811    -5.222    40.703     1.587   -146.04     48.41      1.00
   1.57498   2.50122   5.08053    40.341    -5.142     1.070   -146.01     55.27      1.00
   5.08053   0.31775   3.83907     9.901    -3.459    27.579   -146.01     44.50      1.00
   2.84280   1.40467   5.45260    35.308    17.436   -13.331   -146.01     50.77      1.00
   1.18019   2.57733   0.32001     9.126     5.883    31.306   -145.98     46.12      1.00
   3.75951   2.37649   3.70926    37.047     3.242    22.150   -145.97     53.34      1.00
   5.77639   2.46813   4.85874    31.737    45.685    21.680   -145.95     62.47      1.00
   4.59798   2.58728   3.10829     5.271    20.367     4.557   -145.87     36.57      1.00
   4.40051   1.53669   3.52696    36.335    -1.861     3.121   -145.85     48.41      1.00
   5.63813   1.42691   0.90783    42.524     7.930    32.272   -145.83     57.35      1.00
   5.74279   1.57749   2.85991    47.897    -4.644     6.204   -145.83     63.02      1.00
   1.94413   0.66877   5.77036    28.940    48.629    18.717   -145.82     64.99      1.00
   0.33235   1.29602   1.29684    26.560    15.888     0.384   -145.82     45.67      1.00
   0.17850  -0.24025   1.14537     3.341    36.872    14.376   -145.81     43.32      1.00
   1.91189   1.01351   3.39036    50.485    24.125    29.331   -145.80     64.43      1.00
   5.41294   2.89501   5.43078    55.067     1.736    13.793   -145.79     64.83      1.00
   4.83579   1.75752   1.34642    42.967     0.840    29.719   -145.78     59.79      1.00
   4.67848   0.36240   6.43504    52.645    38.643     2.310   -145.78     63.64      1.00
   3.66406   0.73592   6.07967    12.435     0.899    -8.942   -145.76     33.58      1.00
   2.60704   1.07215   1.98060    45.409    17.368    31.207   -145.74     64.35      1.00
   4.13378   1.37217   0.73916     4.226    36.996    26.776   -145.74     52.28      1.00
   0.20722   0.82330   0.94703    32.305    10.261    32.049   -145.73     52.91      1.00
   5.52641   0.57857   4.58224    55.246     8.951    41.684   -145.71     74.06      1.00
   0.33982   2.05127   1.14091    42.793    41.164    -7.368   -145.71     67.06      1.00
   1.73645   1.89646   6.13210    -1.914    -7.315    22.588   -145.64     39.70      1.00
   2.34052   2.02253   0.52001    62.638    20.383    18.569   -145.60     80.34      1.00
   2.53778   2.26529   1.86688     8.009    -4.952     3.939   -145.60     38.54      1.00
   4.53752   1.72038   1.53322     9.922    -6.451    34.989   -145.60     47.10      1.00
   1.37328   1.98136   0.06799    33.268    40.127     5.147   -145.57     61.30      1.00
   4.16974   2.11229   1.46705     0.386    33.153    27.144   -145.56     53.10      1.00
   4.07055   2.00715   4.46949    38.433    15.059    26.650   -145.55     55.71      1.00
   1.66356   2.69639   4.04854    28.749     0.582    -4.655   -145.53     45.26      1.00
   5.75316   1.46605   0.55468    40.553    29.231    -6.288   -145.51     54.24      1.00
   2.16302   0.78276   5.52581    -1.883    45.257    23.768   -145.50     54.96      1.00
   5.58865   2.12023   5.14948    29.478     2.988    17.514   -145.47     43.35      1.00
   0.19034   1.26003   0.83441    28.035    22.372    -0.949   -145.46     45.67      1.00
   3.06495   2.59218   2.72602    27.430    14.391    39.382   -145.43     59.51      1.00
   1.48444   1.44014   2.62018    39.314     0.806    23.867   -145.41     56.86      1.00
   2.46887   1.29502   0.03566    40.705    26.922   -14.215   -145.41     61.50      1.00
   5.72369   0.71615   5.05271     7.488    -5.912    34.581   -145.40     42.15      1.00
   5.70496   1.06110   2.28938    30.203    34.438     7.893   -145.39     56.18      1.00
   0.62633   0.31282   0.86681    63.729    10.888    21.222   -145.37     76.23      1.00
   0.28164   1.30999   2.69045    16.348     3.905     3.678   -145.36     41.38      1.00
   5.52795   0.84331   4.16683    22.296     7.854    54.321   -145.36     65.11      1.00
   0.51277   0.99402   5.52460    13.374    -1.434     8.722   -145.35     21.24      1.00
   0.36610   1.80199   4.57437     1.842   -14.204    14.352   -145.34     35.36      1.00
   3.17472   2.92638   2.32081    52.773    -4.551     6.447   -145.34     66.68      1.00
   3.04263   1.13040   1.09055    16.788    28.931    38.650   -145.33     59.74      1.00
   6.21539   1.88563   0.70507    14.465    23.562    44.317   -145.33     55.55      1.00
   4.49762   2.61479   3.28863    19.815   -11.165     4.265   -145.32     43.67      1.00
   5.97635   1.86296   1.81887    16.070    17.715    46.729   -145.30     59.78      1.00
   3.93074   0.64709   4.71030    45.006    33.813    34.483   -145.29     72.33      1.00
   5.68530   1.53103   1.56681    49.972    20.646    -9.251   -145.29     64.06      1.00
   2.42516   1.11154   5.57880    19.873    28.637    -7.727   -145.29     44.99      1.00
   5.21865   0.90570   1.51569     2.582   -12.535    18.609   -145.24     28.52      1.00
   4.85732   0.65478   2.09870    32.628    -7.106    -1.617   -145.23     39.77      1.00
   3.55279   1.84691   2.38496    31.112    14.059   -11.571   -145.22     45.11      1.00
   2.99673   2.95797   4.40983    37.082     5.935    -5.541   -145.20     48.55      1.00
   2.81870   0.47230   1.81543    59.169    -1.541    32.123   -145.19     71.66      1.00
   4.40863   0.88166   1.83232    35.843    -5.423    10.224   -145.18     41.97      1.00
   3.40228   0.77686   0.68639    28.567    35.877    15.921   -145.13     53.66      1.00
   0.21352   2.04479   2.21116    22.195    37.216    32.462   -145.12     62.39      1.00
   3.18508   2.47932   0.73212     0.851    -3.717     9.851   -145.11     36.77      1.00
   5.57398   1.12237   2.57074    11.340    -1.559    36.165   -145.10     48.54      1.00
   2.14857   1.70953   3.75088    50.847     4.687    24.364   -145.09     61.16      1.00
   1.76339   1.40059   3.36797    56.471     8.494    19.281   -145.00     64.05      1.00
   4.10597   1.36990   2.01675    -0.370    -3.782    11.617   -144.97     26.81      1.00
   3.97171   2.04737   0.17814    33.347    33.736    -2.131   -144.96     55.34      1.00
   5.32375   1.48876   5.92449    -8.103    29.689    49.139   -144.94     58.85      1.00
   5.17804   1.18377   2.10561    22.626    29.231    46.165   -144.92     64.71      1.00
   4.24917   1.53667   2.21964    42.778   -10.631    30.383   -144.92     62.78      1.00
   5.79090   2.44435   2.32929    44.147     9.211    36.503   -144.92     68.11      1.00
   2.29883   0.50690   1.95691    46.317    -0.459    36.537   -144.90     66.29      1.00
   0.26913   0.67594  -0.03684    31.560     5.105    34.080   -144.89     47.07      1.00
   0.14440   0.85544   0.12520    44.860     6.293    30.580   -144.86     55.79      1.00
   2.06143   2.15762   3.56683    23.321     0.801    31.453   -144.86     49.53      1.00
   4.09326   0.70360   0.98035    28.610   -12.995    36.583   -144.86     53.58      1.00
   1.63275   2.06129   1.59286    -5.109    10.317    11.833   -144.85     38.90      1.00
   2.14227   0.71778   0.44022    14.128    37.791     5.270   -144.84     49.64      1.00
   5.23886   1.86462   3.99433    -1.194     5.306     8.111   -144.84     30.12      1.00
   3.90763   0.98326   1.52459    45.544    -7.594     9.897   -144.83     52.02      1.00
   4.98562   1.39933   3.77259    10.426    -2.145    12.452   -144.83     35.16      1.00
   1.21364   2.14552   4.86909     9.425    35.431    14.624   -144.83     49.08      1.00
   0.71373   0.70282   4.93103    37.081     3.407    -4.441   -144.81     39.10      1.00
   5.54148   2.00045   2.64357     4.152    12.603     0.839   -144.81     36.40      1.00
   5.70514   3.20475   4.64596    -2.560    -1.276    -1.847   -144.81     34.26      1.00
   2.01487   1.09806   4.56153    53.234    30.038    18.254   -144.81     66.81      1.00
   5.93024   2.42159   4.85392    32.238    46.317    22.407   -144.80     63.72      1.00
   3.21568   1.04839   3.55806    40.007    24.278   -18.888   -144.80     51.54      1.00
   5.94874   2.46623   0.25843     1.739     8.757     6.131   -144.79     31.66      1.00
   3.82267   1.38595   3.90749    44.923     8.557   -12.784   -144.78     53.11      1.00
  -0.24744   0.53187   2.14815     0.408    29.099    47.542   -144.77     59.89      1.00
   2.38833   1.22041   0.49458    38.648    13.140    32.114   -144.76     64.93      1.00
   3.67936   1.76337   0.22545    13.418    36.966    12.290   -144.76     50.60      1.00
   2.63126   1.27712   1.24742    55.276    37.324     2.019   -144.71     73.27      1.00
   4.80926   1.93519   4.59238    29.680    35.126    -2.025   -144.70     48.90      1.00
   4.14224   1.88058   3.96329    42.164    18.160    24.902   -144.69     59.06      1.00
   2.51884   1.81152   5.70429    39.331    32.109    25.499   -144.69     66.94      1.00
   5.93076   0.98884   2.46787    46.120     1.386    24.525   -144.67     64.11      1.00
   3.30274   1.39268   3.44984    40.832    14.726    31.458   -144.64     59.04      1.00
   4.69602   1.17175   0.77321    43.856     1.930    30.612   -144.63     56.45      1.00
   0.79114   2.38716   3.20205    50.420    -2.459    17.896   -144.63     63.93      1.00
   1.92392   0.98960   1.60155    33.574    16.645    -8.968   -144.62     51.89      1.00
   4.07650   1.34474   3.53672    18.033     0.226     6.929   -144.61     32.45      1.00
  -0.15021   2.97824   4.20553    11.999    15.082    -3.766   -144.58     39.79      1.00
   2.88688   1.98751   1.06919     0.445    29.038     0.647   -144.58     41.89      1.00
   2.66658   1.08564   4.97565   -15.125    23.395     5.248   -144.57     34.16      1.00
  -0.02264   1.40397   2.87282    43.996    25.806    34.631   -144.51     69.77      1.00
   4.10349   1.61306   2.98457    -5.244    11.494    41.238   -144.50     50.48      1.00
   1.76218   2.74664   5.31367    17.985    37.355    16.507   -144.49     56.76      1.00
   4.92763   1.05996   2.21978    32.043    17.632    47.942   -144.48     66.13      1.00
   0.80576   0.73833   6.26827    58.369    -7.475    21.099   -144.42     67.53      1.00
   0.02743   1.35517   1.58260     6.096    38.128    24.317   -144.40     52.73      1.00
   4.32629   1.19227   4.47535    22.694    42.644    17.718   -144.39     54.38      1.00
   5.39071   2.01877   1.65299    38.516     2.822    34.688   -144.39     60.79      1.00
   1.71249   0.38485   5.58279    44.698    21.750    30.691   -144.38     63.40      1.00
   0.84490   1.77117   4.40912    28.908   -11.075    -5.803   -144.36     44.94      1.00
   5.96001   2.12060   2.61196    45.129    31.219     6.018   -144.36     66.99      1.00
   1.24210   2.18138   4.41659    45.117    -5.717    13.152   -144.35     57.77      1.00
   3.55472   0.76485   2.33427    35.184    -4.509     1.655   -144.31     38.63      1.00
   1.27178   1.69363   5.07101    20.039    17.900   -12.699   -144.31     41.44      1.00
   4.86898   1.23871   4.59446    19.467    39.170    33.708   -144.30     57.23      1.00
   5.92832   0.81407   5.56735    64.248    28.990    16.004   -144.29     70.04      1.00
   0.81336   2.37691   3.06725    41.291    -1.024    24.205   -144.28     58.80      1.00
   2.05078   1.00537  -0.64124    21.467    23.601    39.636   -144.28     57.96      1.00
   6.00071   0.66929   0.94888    13.413    15.569     3.192   -144.24     28.12      1.00
   5.26911   2.42350   3.02459    35.660     4.088    -5.559   -144.22     53.30      1.00
   5.25732   0.16856   3.45148    23.587    24.697   -19.918   -144.21     49.57      1.00
   3.10146   1.16851   5.45141    35.092    25.781   -12.266   -144.18     52.78      1.00
   1.63641   2.63460   4.60825   -10.802    28.163    41.652   -144.16     60.50      1.00
   3.53223   1.44651   2.76939    37.561     6.964   -11.423   -144.14     45.46      1.00
   1.48548   0.44479   5.19136     4.098    24.546    44.754   -144.11     51.70      1.00
   3.94838   1.58907   5.32281    16.323    12.296    35.572   -144.11     50.52      1.00
   1.39241   1.85204   5.74035    34.414    -7.766    14.542   -144.10     50.98      1.00
   5.63516   1.08264   4.03267    18.073    -4.621    39.805   -144.10     53.65      1.00
   1.60775   1.15207   5.75287    14.026    44.472     4.779   -144.08     52.86      1.00
   5.90344   1.00180   5.70768    55.307     8.795    29.069   -144.05     61.72      1.00
   4.93241   1.25137   1.45821    35.731    -5.558    18.813   -144.04     46.84      1.00
   4.99942   1.63102   1.11448    35.831    33.228    37.673   -144.02     66.51      1.00
   5.22788   1.05617   4.83141    16.187     8.299     0.818   -144.01     30.83      1.00
   1.15745   1.69288   4.76971    -4.918     9.992    -0.928   -144.01     28.50      1.00
   1.92559   0.55111   0.67175    15.105    40.340    10.152   -143.99     52.20      1.00
   4.25973   1.61788   2.73830     1.193    29.915    28.544   -143.98     47.68      1.00
   1.39112   1.75641   3.48055    49.575    34.180     7.837   -143.98     66.01      1.00
   1.97761   1.39174   4.88447    35.716     6.900   -12.607   -143.95     46.07      1.00
   1.40196   2.91404   1.63462     7.937    -1.416    15.786   -143.95     38.92      1.00
   2.14238   0.72016   1.64476    19.521    37.274    26.695   -143.95     56.13      1.00
   5.65739   0.44644   4.53209    25.614    33.983    33.126   -143.93     56.06      1.00
   1.19991   1.51592   4.79003    -5.092    -8.203    19.189   -143.93     30.65      1.00
   1.36680   0.70761   1.51510    15.176    -2.848    25.906   -143.92     48.27      1.00
   3.80510   1.72965   5.33572     9.087    21.779    41.119   -143.87     55.87      1.00
   4.16495   1.42742   1.85655    59.251     3.088    30.260   -143.87     73.43      1.00
   2.60173   2.57455   3.67817    33.449    43.420   -16.158   -143.86     61.32      1.00
   0.83954   1.02194   3.92863    35.731    -9.751     0.531   -143.84     45.98      1.00
   3.30932   1.35436   2.52127    45.579    17.344    29.610   -143.81     62.71      1.00
   0.52427   0.67620   4.46480    27.068    -5.825     8.110   -143.81     34.64      1.00
   5.76390   0.85482   3.49360    -5.550    -2.394    19.101   -143.79     37.50      1.00
   5.74718   1.57389   2.79216    49.581    -3.495     6.106   -143.79     64.23      1.00
   5.19247   0.57617   4.50293    37.336    17.610    49.502   -143.78     69.70      1.00
   0.59178   1.23767   2.31765     2.864     0.001    12.927   -143.77     39.36      1.00
   5.52920   2.04607   4.88582    37.598    10.502    33.101   -143.76     56.54      1.00
   4.65087   1.36293   5.32830    12.822    21.124    -7.544   -143.74     31.93      1.00
   3.80386   2.72816   2.57644    23.510   -10.832    -0.229   -143.71     46.20      1.00
   1.28335   1.59704   5.02824    18.987    18.333   -11.670   -143.68     39.83      1.00
   1.74393   1.91546   3.66816    47.627    -0.741    12.452   -143.67     56.48      1.00
   0.46605   1.66663   4.59782    -2.776    -5.349     8.407   -143.65     29.16      1.00
   1.38791   0.85324   2.76444    19.223     4.275     5.165   -143.64     38.02      1.00
   3.60486   2.54268   0.42518    23.449    20.378    32.034   -143.64     57.65      1.00
   1.49047   2.31656   6.08048     1.699    32.601     8.738   -143.60     44.42      1.00
   3.27226   1.27013   4.60365    -7.239    28.747     4.296   -143.60     35.30      1.00
   5.04382   2.16262   1.53175    40.184    -2.350    28.011   -143.59     59.14      1.00
   2.78766   2.58713   1.35631    43.990    19.661    27.337   -143.57     67.40      1.00
   5.39580   2.09558   0.32639    32.468    27.095    -4.512   -143.57     48.21      1.00
   4.70566   2.62846   4.65989    34.883     2.235    15.631   -143.57     48.85      1.00
   2.50318   1.47198   0.41964    30.630    16.634    35.964   -143.56     63.02      1.00
   1.03006   0.91147   0.80571    16.779    29.629    39.724   -143.55     58.62      1.00
   4.96851   2.09437   4.11795     8.771     9.434     1.147   -143.55     30.94      1.00
   4.13621   2.31396   4.22245    24.679    -1.793    20.170   -143.51     44.46      1.00
   1.07100   2.90716   5.99946    24.356    33.239     7.263   -143.51     52.23      1.00
   0.82075   1.17049   6.18514    47.338    21.286    26.890   -143.48     63.01      1.00
   3.02105   1.82586   1.23678    22.411     9.378    -9.398   -143.47     42.57      1.00
   1.14606   0.36292   4.50350     3.542    10.284     6.560   -143.47     15.96      1.00
   4.97966   0.99389   0.93319    39.393    38.385     8.227   -143.43     57.01      1.00
   0.99416   2.08017   0.09077    28.592    35.232    22.403   -143.42     57.29      1.00
   0.10270   0.46289   5.98510    32.596    -9.399    25.867   -143.42     41.72      1.00
   1.62328   1.29507   2.48371    50.110    19.711   -14.219   -143.40     63.65      1.00
   3.08234   1.47779   1.01398    42.664    -1.929    -2.523   -143.40     55.85      1.00
   1.21208   2.92073   1.41669     8.435    -1.073    15.221   -143.40     38.61      1.00
   5.78007   1.60733   0.44316    38.630    27.466    -7.281   -143.39     52.17      1.00
   3.38062   1.61239   3.91603    28.477    26.799    27.423   -143.38     53.19      1.00
   2.04259   2.09908   2.07129    41.290     3.322   -15.286   -143.38     57.18      1.00
   4.98375   0.42274   5.81853    47.672     6.289    -3.206   -143.36     50.72      1.00
   2.90717   2.34462   4.06951    18.200     7.213    -2.512   -143.33     34.31      1.00
   1.23424   1.09688   5.75113    14.067    33.448    33.443   -143.33     52.44      1.00
   4.38082   1.95823   2.97563    41.086    30.717    19.464   -143.30     63.11      1.00
  -0.23305   1.77396   5.16186     9.604    -1.224    37.963   -143.27     44.00      1.00
   4.65752   0.49191   4.20535    27.931    14.217   -19.953   -143.26     47.73      1.00
   1.97469   0.76888   0.60599    13.260    36.883     4.130   -143.22     48.92      1.00
   5.49051   0.56584   3.87749    31.276    -1.618    10.633   -143.21     48.14      1.00
   3.54840   1.98779   5.95069    48.511     7.402    19.679   -143.17     62.33      1.00
   2.18534   1.09115   5.13755    31.009    41.840    -0.248   -143.13     57.78      1.00
   1.34110   0.96626   0.65733    50.311    33.061    24.124   -143.11     73.42      1.00
   6.27710   2.68904   7.10834    -0.491     4.526     8.745   -143.06     34.63      1.00
   4.28174   0.38290   3.76901    48.729     3.980    22.841   -143.04     63.60      1.00
   0.32821   2.08308   5.66745    12.456    37.187    12.532   -143.04     45.41      1.00
   4.93316   1.20612   5.42316    20.964     9.296    41.813   -143.00     52.19      1.00
   5.09383   0.14459   0.07891    51.832    21.272   -19.951   -142.96     58.14      1.00
   1.41454   2.33072   5.42256    36.387    -3.800    -2.234   -142.96     52.39      1.00
   1.53897   2.69842   5.01626    24.162    -6.744    12.691   -142.95     45.90      1.00
   2.09378   0.55418   2.15331    21.717    20.861    39.718   -142.95     56.13      1.00
   0.02400   2.03740   2.90564    19.105    21.384    -2.832   -142.94     47.12      1.00
   3.20595   2.27116   5.29535    52.319    16.031    20.437   -142.93     66.09      1.00
   5.15925   1.24598   3.49859    45.683    -3.138    34.619   -142.91     68.20      1.00
   2.46035   0.96070   3.47328    36.805    24.206   -11.636   -142.90     46.34      1.00
   1.19184   1.48160   5.37557     0.411    21.902    -3.515   -142.88     32.23      1.00
   2.79968   2.20352   5.28864    45.764    -9.497    -1.468   -142.86     56.90      1.00
   3.95631   1.42352   5.71965    31.524     5.810    19.656   -142.84     47.67      1.00
   2.70110   1.13391   1.88085    47.401    18.992    30.470   -142.83     66.16      1.00
   0.50251   0.50900   5.25615    58.559    -4.546    15.045   -142.80     59.67      1.00
   0.07037   1.33724   3.58476    22.955     9.901    -2.004   -142.79     42.36      1.00
   2.43160   1.84682   2.40640    46.455    -6.592    -8.607   -142.78     58.59      1.00
   4.06201   0.71906   5.26306    41.856    40.924     2.943   -142.75     62.37      1.00
   1.36475   2.48222   2.34021     1.024    -3.934    18.830   -142.72     41.59      1.00
   3.86303   0.92172   5.40098    41.306    38.873    -2.014   -142.71     60.70      1.00
   2.43608   1.26325   1.36195    36.833    10.165   -11.753   -142.70     53.13      1.00
  -0.69987   2.92425   1.46311    33.204    16.464    -9.191   -142.68     51.47      1.00
   3.98094   2.81807   2.80060    20.865    -9.112    -1.567   -142.66     44.09      1.00
   4.77923   1.42080   5.81550     7.846    23.365     1.808   -142.63     30.48      1.00
  -0.26451   0.22151   3.87905    26.004    13.044    -4.767   -142.62     41.71      1.00
   1.01539   1.26696   3.87193    24.856     3.417    35.864   -142.60     49.15      1.00
  -0.25917   3.00324   3.77930    31.330     6.772    34.216   -142.59     59.99      1.00
   5.24815   0.36050   0.55518     4.265    -7.647    32.600   -142.57     34.46      1.00
   2.09572   0.64241   0.52385    33.683    40.148     0.324   -142.52     60.83      1.00
   3.60275   0.55479   4.80470    14.451    34.875    45.100   -142.52     64.34      1.00
   2.98340   1.66570   0.18428    26.603    12.567    31.338   -142.50     56.98      1.00
   4.66139   0.81237   1.37342    52.100    37.387    11.580   -142.48     66.56      1.00
   0.07473   0.19173   0.98847    34.667     2.193    22.960   -142.48     48.20      1.00
   2.41162   1.61538   6.07470    20.493    17.923    -8.276   -142.46     43.74      1.00
   5.16770   2.56862   3.94399    31.032    19.886    -8.367   -142.43     49.76      1.00
   1.12123   1.10255   0.35989    50.397    47.040    -0.656   -142.42     76.07      1.00
   4.69716   2.11844   0.25758    47.139    50.311    12.895   -142.41     73.42      1.00
   4.90773   2.77610   0.08945    10.954    44.616     3.613   -142.40     53.82      1.00
   1.77284   0.81608   1.39771    20.068    -1.721    19.465   -142.40     47.65      1.00
  -0.18017   2.28141   2.13784    15.257     1.794    -0.692   -142.40     40.02      1.00
   5.30694   1.67314   4.83473    25.678    40.159     6.335   -142.39     49.17      1.00
   2.34378   1.48607   5.07631    27.422     5.261    -7.379   -142.36     39.67      1.00
   0.85041   2.56504   3.44355    45.500    -4.978    14.601   -142.34     59.76      1.00
   2.86878   2.10986   5.37023    43.853    -8.484    -3.865   -142.30     55.23      1.00
   0.84432   1.41091   4.45750    -3.331    -0.460     5.057   -142.29     26.11      1.00
   6.08352   1.20891   4.90941    50.051     9.874    32.842   -142.29     61.92      1.00
   1.40962   1.05859   4.02631    24.573     4.904    -6.961   -142.28     33.54      1.00
   5.92572   1.64131   4.98980     1.545    19.113    49.181   -142.26     53.37      1.00
   3.51057   1.28445   3.25522   -21.308     1.465    29.312   -142.24     42.70      1.00
   2.87339   1.05303   5.66640    39.311    17.070    32.043   -142.24     63.81      1.00
   2.77068   1.01988   2.15713    31.032    23.956   -14.030   -142.22     45.71      1.00
   3.83936   1.89005   4.57540    23.296    30.119    32.528   -142.22     55.51      1.00
   1.28541   1.75668   6.02991    17.537    20.422   -17.671   -142.15     45.49      1.00
   0.42571   1.40032   3.50416    24.367    33.607     1.556   -142.13     51.13      1.00
   1.65184   0.71248   1.23802     6.087    -1.209    33.818   -142.13     50.10      1.00
   2.01987   1.94342   1.42117    15.929    33.674    -2.915   -142.10     48.45      1.00
   0.13815   1.87663   5.37086    35.353    34.347    -2.134   -142.10     53.99      1.00
   1.05063   2.87252   6.00289    24.763    33.702     7.802   -142.09     52.66      1.00
   5.98860   1.95202   1.25941    15.538    27.908    44.710   -142.06     60.22      1.00
   3.31198   0.78384   1.28270    48.910    -4.253     5.213   -142.06     56.28      1.00
   0.71319   1.24758   2.15534    31.942    18.036    -2.069   -142.06     52.46      1.00
   4.92104   1.63225   1.21657    36.796    30.495    38.377   -142.05     66.66      1.00
   0.60006   2.40170   5.87437     6.021    21.703   -11.128   -142.02     38.80      1.00
   0.44727   2.02235   1.59810    48.293    39.042    24.663   -142.02     72.64      1.00
  -0.06482   1.84962   0.39348    40.777     0.038     0.590   -142.02     49.40      1.00
   2.64940   1.04755   0.27408    13.751     3.752    31.130   -142.01     50.15      1.00
   0.88975   2.22573   4.26001    32.818    31.549    -2.554   -142.00     57.06      1.00
   0.25004   1.11882   4.74693    34.626    32.298    -2.151   -142.00     49.73      1.00
   4.90619   2.10983   0.71234    56.577    42.343    19.769   -141.94     77.72      1.00
   0.62234   2.33350   4.45475    37.441    27.184    -6.441   -141.92     58.81      1.00
   3.03068   2.56327   4.75326    18.301   -14.165    24.640   -141.91     47.09      1.00
   3.68972   1.33342   5.27575    33.787    31.924    -8.110   -141.91     51.93      1.00
   4.15876   1.78945   5.86625    38.670    27.483    -5.260   -141.90     52.09      1.00
   3.11992   0.92061   5.61221     7.440   -11.481     8.474   -141.89     36.27      1.00
   4.31883   0.99729   1.66067    18.825    33.982    29.346   -141.88     52.55      1.00
   0.89718   2.65946   2.88462    36.107     2.456    -3.548   -141.87     50.84      1.00
   0.54223   1.70362   0.92927    43.535     7.221     1.179   -141.85     56.30      1.00
   5.08634   1.91021   1.02070    18.918    37.433    38.363   -141.83     62.78      1.00
   4.36026   0.71249   5.11804    43.869    42.252     6.713   -141.82     64.17      1.00
   1.59735   1.22223   2.00418    24.005    21.235    -4.721   -141.81     46.85      1.00
   3.31034   1.03620   1.36234    18.024    28.538    37.808   -141.80     57.57      1.00
   0.82262   1.47044   4.50733    -2.524    -0.180     3.987   -141.79     26.18      1.00
   0.38983   1.31092   6.21530    18.087    19.644     2.184   -141.78     33.91      1.00
   0.32243   2.21135   1.17104     4.361    38.431     6.108   -141.76     48.65      1.00
   4.49914   1.59160   1.11419    60.607    22.891    32.231   -141.74     77.40      1.00
   4.03124   2.79513   1.39154   -16.563    23.107    17.417   -141.72     45.86      1.00
   1.76169   1.43955   4.49709    15.190    -7.995    16.797   -141.71     32.94      1.00
   5.45251   1.80126   1.04433    60.215    38.543    35.118   -141.71     82.93      1.00
   2.39325   1.72836   5.18283     1.845     3.517     4.368   -141.70     28.64      1.00
   4.76682   0.99836   1.00674    51.583    -2.138    24.568   -141.69     59.11      1.00
   2.06302   2.17694   3.51529    46.417    -1.140    -6.621   -141.68     55.07      1.00
   3.22903   0.53428   0.58536    18.893     6.326     6.095   -141.67     36.94      1.00
   0.05547   0.53911   3.62885    27.006    18.671    -6.614   -141.66     44.31      1.00
   4.13355   1.36201   5.24686     9.582    28.522    47.561   -141.66     61.93      1.00
   5.05924   1.08398  -0.61270    38.764    37.406    14.000   -141.63     54.64      1.00
   4.73749   1.06980   2.48506    27.040    31.215     9.580   -141.56     49.40      1.00
   0.13397   1.22558   2.74390    52.762    32.017    27.869   -141.56     75.31      1.00
   0.03685   1.80460   4.47525    -9.192   -10.384    20.589   -141.55     37.34      1.00
   4.96448   1.59768   3.24554     3.775    -4.864    48.200   -141.54     57.38      1.00
   4.18047   1.67206   4.25681    17.992    29.724    35.765   -141.52     54.92      1.00
   1.76801   2.20224   3.33409    44.584    14.965   -23.274   -141.51     60.58      1.00
   2.33314   1.17301   2.58384    39.291    -8.914   -12.049   -141.51     50.70      1.00
   5.58016   0.72605   1.60654    -1.992    21.286    12.929   -141.50     31.24      1.00
   0.08314   2.00914   3.77591    49.959    -1.508    25.012   -141.48     66.32      1.00
   2.72492   0.77447   6.01010    23.238    10.937    37.548   -141.46     57.22      1.00
   3.65483   0.59347   0.97651    31.439    33.784    27.624   -141.46     56.48      1.00
   1.88536   1.62123   3.67206    29.537    -2.104    21.205   -141.41     44.66      1.00
   3.47965   1.42783   2.67706    38.669     6.950   -12.083   -141.40     46.46      1.00
   5.00289   1.66609   1.19195    55.729    33.456    29.333   -141.36     76.01      1.00
   3.65714   2.05019   4.68979    14.469    14.895    -0.520   -141.35     32.19      1.00
  -0.04955   2.42146   3.36454    40.214    -0.661    29.409   -141.34     62.01      1.00
   4.36254   0.60556   3.93357    43.256    -0.682    19.635   -141.34     58.52      1.00
   4.04899   0.94802   1.45150    45.105    -7.516    13.132   -141.34     51.82      1.00
   5.09126   0.51874   4.67300    57.193    19.308    41.869   -141.30     78.16      1.00
   0.18937   1.68123   2.84826    29.707    13.618    -5.469   -141.30     50.78      1.00
   1.75603   1.89677   5.37287    15.795     2.521    -2.814   -141.28     35.23      1.00
   5.54244   2.31467   3.85864    33.928    18.242    -9.876   -141.27     53.01      1.00
   2.01917   0.66257  -0.49820    31.467    48.694    19.109   -141.24     66.70      1.00
   1.72893   1.81865   0.72604     6.716     7.544     3.207   -141.20     37.31      1.00
   2.04090   2.84523   4.45427    45.347   -10.348    15.775   -141.18     59.72      1.00
  -0.06219   0.81404   1.36611    33.741    -4.974    19.731   -141.17     49.28      1.00
   2.29456   1.71226   3.44035    13.384    -6.370    14.688   -141.14     35.55      1.00
   5.25907   2.17178   0.49702     1.931    21.182     3.516   -141.13     35.21      1.00
   5.30130   2.27528   5.77763    19.284     8.201    -0.587   -141.08     33.07      1.00
   3.57512   1.04432   6.00094    14.565    -6.852    -2.734   -141.06     35.73      1.00
   0.18631   1.15189   3.40512    22.444    26.849    -4.428   -141.06     47.25      1.00
   1.40843   2.59082   2.48078    34.910    -0.927     2.838   -141.06     49.19      1.00
   3.06343   0.74741   1.76951    34.194    -5.775    38.666   -141.05     59.42      1.00
   5.74958   0.50013   3.20749    33.071    38.239    31.437   -141.04     65.55      1.00
   1.55680   2.04473   3.72045    13.698    29.969    26.879   -141.03     51.50      1.00
   2.15238   0.65289   5.52450    -1.323    45.214    26.897   -141.03     56.04      1.00
   0.89573   1.40610   1.76227    37.371    30.422    -4.765   -141.02     60.24      1.00
   5.74165   1.55701   0.76520    43.713    28.754    -8.533   -141.00     58.12      1.00
   0.43368   1.70945  -0.02522    27.911    -0.059    13.517   -141.00     40.86      1.00
   4.19520   0.32367   2.43234     6.569    -8.251    23.340   -140.99     27.93      1.00
   1.18483   1.59807   3.67479    23.523    -2.266    -7.733   -140.99     40.59      1.00
   1.16980   2.72682   5.28894    35.428     0.696    30.702   -140.99     59.87      1.00
   5.40921   2.83270   2.99509    31.023     9.318    36.018   -140.98     61.08      1.00
   3.59154   2.04988   3.28649    33.143    17.592    31.362   -140.98     56.76      1.00
   3.53968   1.25607   2.07525    28.032    25.811    34.689   -140.97     57.62      1.00
   0.54150   1.54113   3.60029    25.998    36.744     4.980   -140.97     53.82      1.00
   4.01948   2.20987   0.08522    31.529    16.488    -6.047   -140.95     46.55      1.00
   5.35197   1.69253   0.78701    45.759    28.484    -9.801   -140.95     59.45      1.00
   2.74425   2.51101   4.15630    39.999    -2.904    13.002   -140.94     51.47      1.00
   5.36424   1.17968   5.26932    30.668    39.272    20.818   -140.93     52.86      1.00
   3.03585   0.55785   3.33003    40.198    10.887   -18.357   -140.92     45.58      1.00
   0.29679   1.81478   5.34751    34.730    35.877     0.346   -140.87     54.57      1.00
   2.10409   0.53246   2.14663    21.389    21.340    39.711   -140.87     56.05      1.00
  -0.07088   0.71969   3.34785    20.103    33.626    36.909   -140.86     58.82      1.00
   3.08337   2.37314   2.57814    -5.249    30.244     7.960   -140.81     40.22      1.00
   5.27245   0.32038   1.82825    21.227    35.707    18.778   -140.79     49.22      1.00
   5.96072   2.10674   3.95240    10.645    22.656    50.015   -140.79     60.90      1.00
   1.61646   1.62832   4.88869    25.065    25.104   -12.997   -140.78     47.02      1.00
   3.18496   0.12478   2.86660    27.444    37.214    21.897   -140.76     50.77      1.00
   5.53855   0.70867   0.14218    33.065    -3.011    29.224   -140.73     43.53      1.00
   0.86189   1.24600   4.69604    11.468    -9.161    29.026   -140.72     37.04      1.00
  -0.11764   1.59343  -0.24116    35.428     9.850     0.016   -140.71     42.06      1.00
   5.81352   2.39707   2.07821    19.070    26.995    40.894   -140.71     61.91      1.00
   2.77818   1.38345   3.84951    14.033    -1.842    20.429   -140.70     34.05      1.00
   4.00383   2.10714   5.24929    31.426    16.485    31.950   -140.70     54.87      1.00
   3.65782   2.37609   3.88085     6.180    40.009    12.162   -140.69     46.35      1.00
   5.26087   1.31995   0.77491     2.715    34.143    15.023   -140.69     41.75      1.00
   2.22038   0.66123   3.02971    19.593     3.101    39.000   -140.68     48.25      1.00
   0.68641   0.89979   4.67593    42.016     3.110    -4.023   -140.66     45.50      1.00
   0.08802   2.05975   1.10517    35.368    43.669    -0.645   -140.64     62.98      1.00
   5.80723   1.01033   1.54994     0.010   -10.355    28.145   -140.64     37.63      1.00
   1.15326   1.90553   1.54262    14.795    43.174    20.431   -140.60     57.07      1.00
   0.59433   1.38510   0.42172     1.110    46.238    14.166   -140.59     51.99      1.00
   3.67933   2.01768   2.91321    64.493    29.167    17.054   -140.57     78.69      1.00
   4.98059   1.73349   1.45629    56.585    -5.064    13.588   -140.55     65.65      1.00
   1.50877   2.07674   1.77947    38.349    16.047   -16.506   -140.54     57.63      1.00
   2.01598   1.08466   5.67610    21.275    25.334    38.822   -140.54     58.20      1.00
   5.86043   2.40019   0.24887    26.931    12.802    -4.964   -140.51     41.19      1.00
   4.00964   1.20795   4.41853   -17.101     9.437    40.157   -140.50     51.58      1.00
   0.47396   1.74941   0.01204   -16.658    16.191    16.427   -140.50     34.95      1.00
   5.02487   1.03965   3.78874    27.290     7.524    45.067   -140.50     61.84      1.00
   3.19786   0.81544   2.79478    31.021     0.467    -4.911   -140.49     34.03      1.00
   0.33219   0.91167   2.41186    40.532    39.577    25.599   -140.48     69.32      1.00
   1.88738   1.94086   1.45255    16.633    36.292    -0.855   -140.48     50.13      1.00
   5.41194   2.09096   5.87049    18.648    11.861    -2.022   -140.46     32.21      1.00
   4.92697   1.10146   3.62208    13.218    -3.593    18.399   -140.46     38.96      1.00
   6.00656   0.64600   5.64644    -9.168    27.525    17.527   -140.45     34.15      1.00
   3.03630   0.46787   1.78696     5.881    -5.951    46.635   -140.44     55.09      1.00
   3.46886   1.07677   1.30448    18.486    31.351    35.838   -140.38     57.48      1.00
   3.35670   1.57250   2.16017    -5.569     0.727    31.626   -140.38     44.57      1.00
   4.19254   0.50828   3.00326    37.513    33.549    18.348   -140.37     58.00      1.00
   2.46479   1.55192   3.58535    44.290     4.544   -15.648   -140.34     50.98      1.00
   3.01399   1.73648   0.16561    26.115    13.546    31.617   -140.32     57.06      1.00
   5.97462   2.39981   1.18374    52.006    44.844    -0.822   -140.32     74.28      1.00
   3.23428   1.95125   4.80083    24.857    27.814    29.645   -140.32     55.22      1.00
   6.02740   2.04989   0.58866    47.115    26.189    31.846   -140.29     65.47      1.00
   5.64348   0.73350   1.61863    18.307    34.024    47.094   -140.28     64.08      1.00
   3.16176   0.95998   5.59266     7.610   -11.445     8.073   -140.27     36.11      1.00
   4.53167   1.96921   4.68206    48.108    10.599    19.579   -140.25     59.08      1.00
   2.95720   0.92192   5.08491   -13.067    33.623    10.525   -140.24     42.02      1.00
   3.63267   0.33001   4.38003    48.079     6.804    25.605   -140.24     64.02      1.00
   5.81324   1.88074   1.04951    18.158    13.673    45.456   -140.23     55.93      1.00
   3.56217   1.12863   3.17774   -19.802     0.972    32.726   -140.21     43.77      1.00
   2.71960   1.12735   1.89044    47.678    19.123    30.389   -140.18     66.23      1.00
  -0.08414  -0.05412   3.32215   -10.301     2.208    14.544   -140.17     36.66      1.00
   4.59907   0.99090   0.89758    40.853    -2.181    28.083   -140.13     52.46      1.00
  -0.08159   2.66306   2.52840    21.923    31.089    20.897   -140.12     55.88      1.00
   4.45885   0.89081   0.79551     0.729    12.761    52.672   -140.10     58.41      1.00
   6.57485   0.88442   0.87986    27.529    15.073    -0.713   -140.10     42.41      1.00
   1.51185   1.45160   4.77163    53.670    -8.124    22.566   -140.09     63.33      1.00
   6.32221   1.68259   5.63880    15.817     6.677     9.677   -140.07     28.86      1.00
   2.04358   1.05413   5.67622    21.592    24.591    39.463   -140.04     58.51      1.00
   5.64329   1.34027   4.48655    31.244    22.291    41.596   -140.03     59.43      1.00
   2.86685   1.63519   1.88911    19.586   -10.727    16.579   -140.01     45.91      1.00
   0.36677   0.92221   3.94403    52.960    20.380    30.541   -139.99     67.07      1.00
  -0.04091   2.91553   4.54411    24.816    18.712    -9.385   -139.98     48.13      1.00
   0.53230   1.99277   4.39209    34.426    30.772    -4.655   -139.95     56.30      1.00
   5.81085   2.11377   2.08467    32.881    -7.013    23.398   -139.94     53.88      1.00
   2.06893   1.54816   4.90672    23.094    -2.275     1.708   -139.92     35.05      1.00
   3.58976   2.53686   3.56992     7.213    -3.870    26.864   -139.92     43.60      1.00
   3.42499   1.93484   5.67562    14.103     7.946    32.746   -139.91     49.46      1.00
   4.60648   1.80077   5.79758     0.113    37.026    16.059   -139.90     44.92      1.00
   4.03132   1.75528   2.13413     4.015     0.903     6.454   -139.89     28.83      1.00
   0.29678   1.14033   2.66066    53.282    33.880    26.177   -139.89     75.62      1.00
   4.42779   1.00175   1.87095    33.813    -5.434     9.426   -139.89     41.11      1.00
   3.82951   0.68143   4.88333    41.607    44.139     9.691   -139.86     66.18      1.00
   4.56445   1.16862   4.83337    11.519    -1.351    12.358   -139.85     33.67      1.00
   3.62334   2.17072   3.35984    33.181    15.127    31.418   -139.85     56.48      1.00
   2.55708   2.30299   2.60321    22.812    29.203    -8.404   -139.83     46.02      1.00
   4.04448   2.27272   0.91563    52.404    10.100   -13.243   -139.81     64.94      1.00
   5.00693   1.38409   3.84030     8.896    -1.991    12.676   -139.78     34.58      1.00
   4.65663   1.26939   2.21884    35.444    12.851    45.256   -139.77     65.70      1.00
   1.12987   2.23768   4.73318     8.478    33.982    12.363   -139.76     47.89      1.00
   4.95153   1.07145   2.45050    59.926    13.801    35.819   -139.75     78.55      1.00
   2.71008   1.30477   1.17782    40.104     4.435    -8.921   -139.75     54.52      1.00
   0.24683   1.73266  -0.02425    -3.875    42.401    37.579   -139.73     56.57      1.00
   2.81682   0.30760   4.88896    23.533    11.001    38.873   -139.73     53.65      1.00
   0.06741   0.58378   0.10400    16.127     3.041    40.834   -139.72     43.40      1.00
   3.00342   2.43850  -0.07434    35.774    25.157    26.487   -139.70     63.45      1.00
   1.63675   2.40636   5.58650    37.928    -3.350    -3.692   -139.69     54.30      1.00
   3.14727   1.86289   4.60994    25.743    41.850    12.235   -139.65     55.67      1.00
   2.05064   0.57561   5.63279    22.891    18.797    39.331   -139.64     55.76      1.00
   2.89836   1.82373   2.07140    10.991   -11.159    -2.121   -139.63     38.23      1.00
   4.34935   0.92024   5.40421     2.770     3.417    22.122   -139.60     36.53      1.00
   4.61757   0.59395   3.39894    17.233    28.365    48.707   -139.58     64.21      1.00
   5.18356   2.95539   0.01538    -7.782    38.530    10.968   -139.57     49.86      1.00
   3.28206   1.15376   0.48168    22.607    34.479     3.567   -139.57     49.30      1.00
   5.66038   1.89434   1.06236    20.052    43.999    25.985   -139.57     60.26      1.00
   2.23141   1.78055  -0.15811    16.674    28.362    37.969   -139.56     60.57      1.00
   1.64203   1.81237   3.99189     2.791    13.277    -7.874   -139.54     33.71      1.00
   5.02266   1.05368   1.02964    13.778    36.062    18.638   -139.53     45.85      1.00
   5.62414   1.63227  -0.27323    26.043    18.944    43.606   -139.52     54.20      1.00
   5.23177   1.39085   1.18250    12.732    -2.054    37.753   -139.51     45.20      1.00
   5.77256   2.67742   4.42847    22.259   -11.516    12.240   -139.50     46.24      1.00
   1.03030   1.80336   5.52738    19.056    38.039    17.202   -139.48     51.79      1.00
   2.29670   0.21028   3.00043   -16.788    21.068    37.981   -139.48     49.52      1.00
   3.18778   2.92066   1.17514    44.135     6.942    24.285   -139.47     65.08      1.00
   0.33131   2.30818   5.63598    44.586    36.103    10.791   -139.46     63.83      1.00
   5.39238   1.07960   4.49385    48.284    26.810    33.429   -139.46     67.63      1.00
   5.19577   0.88613   4.32432    38.130     5.095    38.091   -139.43     62.16      1.00
   1.56206   1.92321   4.43053    23.186    -5.529    17.539   -139.43     41.15      1.00
   0.40660   2.03959   3.91044    -3.154    23.362     7.382   -139.38     39.49      1.00
   0.66859   0.65278   1.03172    14.736    23.788    44.188   -139.37     57.96      1.00
   5.04581   1.88903   3.31452    40.192     6.631    -5.756   -139.35     54.98      1.00
   2.86420   2.37530   2.72349    50.703     0.148    15.429   -139.34     63.03      1.00
   0.29261  -0.25177   2.46293    19.417     1.234    30.740   -139.33     50.26      1.00
   0.29809   0.63811   1.49206    36.258    18.531    37.311   -139.32     63.25      1.00
   0.84009   2.69488   5.09337    36.220     3.784    32.907   -139.31     60.97      1.00
   0.57867   1.89484   5.94361    36.354    38.827    14.878   -139.30     59.56      1.00
   5.49795   2.61066   5.67974     9.262     3.231     6.837   -139.26     32.00      1.00
   1.99353   1.61313   2.42004    15.241    -0.052    35.210   -139.25     51.83      1.00
   2.47369   1.52208   2.76471    44.962    39.152    -9.065   -139.24     62.29      1.00
   2.88314   2.30170   5.69166    37.410   -10.005    -1.292   -139.24     51.94      1.00
   2.05633   1.54541   4.91989    22.858    -2.469     1.896   -139.22     34.94      1.00
   1.37188   1.48936   0.01318     6.821    -7.502    47.903   -139.22     56.32      1.00
   4.85745   0.77233   4.56090    47.434    12.360    37.636   -139.21     68.78      1.00
   1.30649   2.68959   5.36680    36.086    -0.851    29.537   -139.18     59.83      1.00
   4.48226   2.95260   0.38509    23.972   -10.789    13.303   -139.16     44.82      1.00
   4.73493   2.17819   1.42763    38.561    -6.051    22.987   -139.15     56.45      1.00
   4.36926   2.50662   5.64483    31.801    29.920    -7.974   -139.13     50.01      1.00
   4.30746   1.51782   2.24421    42.641    -9.533    31.632   -139.11     63.06      1.00
   5.11609   2.38874   5.41351    22.011    39.243    32.118   -139.09     56.82      1.00
   5.81392   2.31242   1.25287    56.605    44.586     2.689   -139.09     77.86      1.00
   2.87972   2.23852   6.11811    53.102    10.928    19.304   -139.08     69.49      1.00
   2.23160   1.95281   5.91033    12.159     7.400    -2.974   -139.07     36.54      1.00
   1.39506   2.53878   0.64484     4.413    38.312    19.549   -139.06     50.02      1.00
   4.95527   1.86585   4.09243    35.646     5.033    -5.386   -139.05     48.40      1.00
   5.76779   1.52548   2.05262    25.238    25.785     0.348   -139.05     49.44      1.00
   1.77833   2.27650   5.37824    10.648    -2.631     4.195   -139.04     35.29      1.00
   4.84986   1.09411   0.60902    -1.405    23.078    51.833   -139.04     59.60      1.00
   1.48672   2.02440   5.26488     1.735    -3.519     8.212   -139.02     30.89      1.00
   1.12752   2.50752   1.09583    16.398    40.901    22.058   -139.02     54.98      1.00
   0.96199   0.88849   3.14059    23.732    26.340     2.271   -139.00     44.68      1.00
   5.94324   1.54510   0.99932    21.608    12.221    43.064   -139.00     53.80      1.00
   2.87627   2.36323   2.72319    50.817     0.314    15.645   -138.99     63.17      1.00
   2.84833   0.50012   5.45913    -2.494    39.366    15.602   -138.98     47.20      1.00
   2.27603   1.57910   5.25389    25.328     4.171    -5.364   -138.91     39.24      1.00
   0.76898   2.31240   5.36593   -12.145    11.870    -3.800   -138.88     33.32      1.00
   0.57845   1.78609   1.96705    39.129    21.889    42.857   -138.85     69.08      1.00
   1.61260   1.19365   1.73150    32.343    16.139    -5.991   -138.84     51.69      1.00
   1.92541   2.57862   0.32147    23.215     2.063    25.200   -138.82     50.98      1.00
   1.37433   2.56530   4.38655   -10.425    30.643    40.782   -138.81     60.62      1.00
   4.56823   1.72961   3.64549    14.320    -0.190     7.710   -138.80     34.18      1.00
   1.38633   1.37727   5.70681    48.375    36.618    17.512   -138.80     69.40      1.00
   4.32568   1.17305   4.96124    37.858     1.421     9.944   -138.79     49.01      1.00
   3.58455   1.37167   4.79492    29.980     1.103    25.896   -138.78     50.03      1.00
   2.03531   0.33003   5.74804    25.720    13.361    38.478   -138.77     55.42      1.00
   3.77370   1.16696   2.39990    57.859    24.612    23.028   -138.76     71.22      1.00
   4.39184   0.34450   0.75077    11.016    -0.078     4.986   -138.74     20.12      1.00
   4.06103   0.30243   4.85850    37.286     0.791    22.377   -138.73     56.34      1.00
   1.40971   1.81600   1.61154     8.926    41.567    16.705   -138.73     53.68      1.00
   0.67836   1.53688   2.83204    -5.802    20.820    14.556   -138.69     42.28      1.00
   2.06190   1.31907   5.13361    -4.099    11.312     0.668   -138.69     25.59      1.00
   2.77755   1.52547   2.01946    28.637   -10.925    11.663   -138.69     48.26      1.00
   0.48678   1.93306   4.26435    -3.993    26.501     9.597   -138.69     39.44      1.00
   3.31547   1.37060   4.90302    47.203     6.272   -21.133   -138.68     57.71      1.00
   1.99786   2.84931   3.32322    32.503     0.076     1.171   -138.67     45.84      1.00
   0.44735   2.50567   1.19620     1.477    35.248     1.719   -138.67     46.10      1.00
   1.61627   2.08376   5.11583    37.088    38.488    11.448   -138.66     63.82      1.00
   4.01363   2.42582   2.29558    46.889    11.783    25.545   -138.62     66.95      1.00
   4.48700   2.42124   4.47251    31.492    -0.773    17.349   -138.62     47.26      1.00
   5.80405   0.85712   0.07134    13.917    29.132     6.755   -138.61     33.17      1.00
   5.93944   1.62921   0.15989    52.092     6.574    -9.687   -138.60     57.77      1.00
   0.86007   1.49618   1.67012    -1.037    29.522    10.983   -138.59     44.70      1.00
   4.18923   0.80645   2.68566     6.577    30.301    15.551   -138.59     38.29      1.00
   2.43813   0.84971   5.91969    44.909    15.597    30.700   -138.58     66.99      1.00
   0.69723   1.51022   2.79671    11.745    20.150     7.458   -138.57     42.27      1.00
   5.37814   1.07517   4.42159    47.850    27.368    33.334   -138.57     67.83      1.00
   4.42718   0.13397   4.76625    42.567    -0.225    17.115   -138.56     58.91      1.00
   1.01367   2.55177   0.19985    23.921    13.731   -17.904   -138.55     48.22      1.00
   5.69869   0.58218   4.01162     1.967    11.835     1.383   -138.53     31.14      1.00
   3.61302   2.23090   3.55146    37.695     4.037    23.818   -138.52     54.39      1.00
   1.55858   0.47306   3.89990    50.587    13.118    26.295   -138.46     57.88      1.00
   0.68912   2.82689   2.35925    54.034    40.086    11.291   -138.46     74.10      1.00
   2.27852   1.23340   5.80706     1.024    25.181    -0.965   -138.45     36.66      1.00
   0.78207   1.90863   1.58569    36.385    41.848    22.796   -138.43     66.33      1.00
   5.57546   1.90540   4.24003    31.378    12.828    -8.067   -138.42     47.07      1.00
   1.51849   2.65912   1.11139    -1.608    23.049    -9.996   -138.42     39.63      1.00
   0.51279   1.25736   0.43523    16.567    48.491    14.445   -138.40     56.94      1.00
   5.33682   1.10411   4.04533    51.937     2.444    31.409   -138.38     69.46      1.00
   2.78980   2.15937   5.33727    44.352    -9.633    -2.119   -138.36     55.95      1.00
   1.72852   2.76515   2.33502    12.875    -3.671    15.331   -138.36     40.80      1.00
   1.34057   2.41897   2.29115     1.828    -4.057    19.330   -138.35     42.00      1.00
   2.29894   2.12765   2.68198    21.936    -2.441    -8.591   -138.35     41.22      1.00
   4.76623   2.36488   0.19290    45.401    50.687     5.010   -138.34     71.96      1.00
   0.45210   1.90503   1.65899     2.743     2.999    12.270   -138.31     37.79      1.00
   4.26642   2.05183   5.52859    32.759    35.629    -4.498   -138.29     51.87      1.00
   0.50813   1.91818  -0.03179    17.420    22.548    48.537   -138.28     58.50      1.00
   2.62326   1.80092   2.56948    48.973     5.939    24.901   -138.27     63.38      1.00
   3.53423   1.66362   1.47606    22.350    -3.224    36.335   -138.26     55.67      1.00
   3.13078   2.99366   2.08746     3.181    -5.993     0.888   -138.24     36.37      1.00
   2.19316   1.10548   3.21763    14.528    -4.295    30.450   -138.22     42.20      1.00
   5.82276   0.80341   1.95885    33.538    -4.881     9.350   -138.19     47.93      1.00
   1.42965   2.31916   2.03863    35.674    22.017   -17.826   -138.17     56.63      1.00
   4.32577   2.42863   4.60982    23.646    43.526    19.247   -138.11     55.31      1.00
   3.79222   1.95060   0.24374     2.195     4.078    -2.845   -138.10     30.91      1.00
   3.51297   1.64670   5.62189    14.550     7.028    30.383   -138.07     47.36      1.00
   5.11893   3.77524   4.75814     5.076    37.772    13.587   -138.05     48.30      1.00
  -0.03647   1.14817   3.19652    -6.315    -0.897    16.661   -138.04     37.78      1.00
   3.10323   1.02045   5.53748     9.572   -12.815    10.013   -138.04     37.49      1.00
   4.04285   1.23972   3.49549    27.884    26.074    29.822   -138.00     54.60      1.00
   0.74000   1.52796   4.36447    29.925    -7.247    -4.358   -138.00     43.02      1.00
   3.00364   2.79972   4.14691   -12.687    31.006     5.545   -137.93     45.40      1.00
   5.80959   0.92613   1.44640     5.325    41.107    39.767   -137.93     60.30      1.00
   5.05601   1.87137   0.78870    35.143    41.491    29.482   -137.90     66.25      1.00
   3.82480   1.02866   4.50663   -15.017    12.296    42.648   -137.90     53.31      1.00
   2.37686   1.31049   3.19236     9.954    -7.226    27.923   -137.89     41.00      1.00
   3.44257   1.62232   5.55893    18.764    49.175    23.147   -137.88     63.49      1.00
   3.16989   0.97833   1.08240    52.213    30.267    24.233   -137.87     70.63      1.00
   1.51183   1.07297   5.67734    48.949    32.970    22.964   -137.87     69.00      1.00
   0.95646   2.09815   5.63984    36.507    38.890     8.779   -137.86     61.57      1.00
  -0.05531   1.76971   3.00987    44.925    16.774    35.756   -137.86     68.91      1.00
   2.45911   1.97852   5.79192     2.580    33.853    32.864   -137.84     57.27      1.00
   2.29636   2.31988   1.04342     1.438    -1.135    19.084   -137.83     41.44      1.00
   1.91732   2.79143   5.28474    15.392    36.503    16.501   -137.81     55.55      1.00
   2.20263   0.81474   6.03668    -2.163    34.932     7.047   -137.79     42.94      1.00
   5.79375   0.71468   5.05648     6.884    16.440     2.405   -137.75     25.11      1.00
   2.02724   1.13044   1.62113    23.769    16.542    -5.936   -137.74     45.07      1.00
   3.88555   2.35060   3.83402    37.253     3.519    22.076   -137.74     53.31      1.00
   2.89527   1.43152   0.32903    16.572     8.459    34.095   -137.73     53.72      1.00
   3.01376   0.99760   4.92533    -3.192    31.575     5.899   -137.72     37.84      1.00
   6.05063   1.08149   2.38614    47.435     2.211    21.177   -137.69     64.19      1.00
   4.64823   1.13654   0.79066    44.276     0.474    29.324   -137.69     56.10      1.00
   0.92289   2.59444   5.61998    -5.296    -6.595    17.249   -137.67     37.15      1.00
   4.13350   1.86797   2.36640    35.684   -11.761     0.328   -137.63     50.53      1.00
   2.45454   1.31665   4.19086    51.378    -4.444     1.425   -137.63     55.29      1.00
   5.14046   2.49305   5.65290    37.384     5.484    -5.332   -137.59     46.53      1.00
   5.75006   2.13769   4.27410     5.798    -0.375    42.596   -137.59     51.13      1.00
   5.45052   1.25693   5.18076    31.831     1.523    26.338   -137.58     45.95      1.00
  -0.05505   2.24787   0.49909    45.370    32.341    29.566   -137.56     65.93      1.00
   2.00088   2.80150   5.70573    40.419    -6.928     6.303   -137.55     57.46      1.00
   1.08887   2.51591   4.11956   -10.666    32.913    37.828   -137.54     59.72      1.00
   0.67720   1.56758   2.85520    -5.769    21.428    14.936   -137.54     42.63      1.00
   3.01026   2.15732   5.20535    30.428    29.046    26.134   -137.54     58.66      1.00
   5.17253   1.42660   0.61124    46.454    12.665    35.788   -137.51     61.76      1.00
   5.12958   1.09089   3.18242    25.163     1.416    48.202   -137.50     63.31      1.00
   4.41218   1.04433   1.67628    36.283    -5.457     9.993   -137.47     43.21      1.00
   2.71415   1.40849   0.99506    37.388     2.356    -6.505   -137.46     53.14      1.00
   3.71111   2.00455   2.93078    64.590    29.261    16.316   -137.45     78.64      1.00
   4.78739   1.48465   1.34263    52.905    26.820    34.570   -137.43     73.56      1.00
   5.72822   2.02976   0.63747    46.262    19.635   -12.687   -137.43     58.14      1.00
   4.47014   0.82165   0.69629    26.874    -7.873    44.608   -137.43     56.58      1.00
   0.33579   2.13558   1.58704    -4.877    26.727    16.324   -137.42     44.89      1.00
   1.99184   1.56116   1.18099    29.071    11.191    -8.250   -137.41     49.84      1.00
   0.05072   2.11063   2.44837    39.031    22.997    40.007   -137.35     68.72      1.00
   1.24885   1.77112   2.21067    -3.071    15.224    11.036   -137.31     40.29      1.00
   3.38338   0.79635   0.83735    39.634    34.178    25.661   -137.30     62.98      1.00
   3.32449   1.25263   1.80411    52.195   -16.950     7.422   -137.30     63.46      1.00
   4.46340   0.97332   0.35930    47.999     0.457   -20.479   -137.29     54.04      1.00
   6.04713   2.40100   5.03515    34.250    44.766    23.608   -137.28     63.98      1.00
   5.68689   0.35888   0.21718    25.705    37.727    13.494   -137.28     46.45      1.00
   1.14215   2.37341   0.66742    41.571     6.584    14.925   -137.27     57.39      1.00
   1.09002   0.20515   2.05299    -2.592     3.025    12.612   -137.27     35.87      1.00
   1.31612   2.34341   0.95640    11.169    40.537    22.138   -137.24     53.86      1.00
   3.09402   0.64138   1.09315    17.163    34.671    23.242   -137.24     50.67      1.00
   0.86684   1.25196   5.60002     8.294     3.168     4.460   -137.20     22.62      1.00
   4.60416   1.15807   4.83922    10.846    -0.832    11.856   -137.18     33.04      1.00
   1.73503   1.08190  -0.00480    21.613     2.928    -4.601   -137.17     40.05      1.00
   6.26210   2.06844   3.27154    32.204     5.472    37.203   -137.17     60.06      1.00
   3.59021   1.31770   3.45494     2.249    37.721    17.684   -137.15     44.69      1.00
   3.98833   1.41816   4.14934    46.702    -5.671     4.088   -137.14     56.14      1.00
   4.58847   2.13459   1.42379    28.481    -7.549    23.311   -137.13     50.22      1.00
   5.50326   0.79987   1.26349    -5.957    28.105    33.650   -137.10     46.24      1.00
   0.04211   1.27226   4.86028    37.884     6.571    36.516   -137.07     54.67      1.00
   3.12557   1.13945   4.46815     7.429    23.066    -3.985   -137.04     30.50      1.00
   4.38267   1.02699   0.73631     4.217    13.192    52.773   -137.01     59.62      1.00
   2.98207   1.65873   3.41197    36.259    22.456   -13.993   -137.00     47.78      1.00
   4.10688   0.82113   4.13759     0.122    27.203    49.953   -136.99     61.57      1.00
   3.79843   1.31380   0.44908    23.931    23.251   -17.231   -136.98     43.79      1.00
   1.51131   0.63233   2.20764     0.616    20.611    40.217   -136.97     53.68      1.00
   1.26406   1.42548   6.10127    52.272    34.181    20.548   -136.97     72.60      1.00
   2.72506   0.58275   0.02994    51.703     8.644    25.467   -136.95     69.71      1.00
   3.19301   0.28839   3.02944    14.343     0.653    -4.761   -136.95     15.46      1.00
   1.85218   1.03157   0.26120    39.327    32.597   -12.896   -136.92     63.04      1.00
   5.33954   2.59621   4.99650    35.748     5.842    17.417   -136.90     49.95      1.00
   3.97675   0.98393   3.98207    30.754    40.590    -3.191   -136.89     54.45      1.00
   3.92508   3.09158   4.51894     5.053    -2.222    12.753   -136.88     36.42      1.00
   1.98581   2.05215   5.32751    18.626    36.536    23.820   -136.87     57.18      1.00
   0.69865   2.08393   0.37906     5.006     3.661    24.017   -136.83     38.33      1.00
   3.21215   1.57886   0.97164    43.192    -3.792     0.402   -136.79     56.43      1.00
   0.18185   2.54169   4.94184    44.966    30.806    -8.408   -136.78     64.80      1.00
   2.22099   1.71481   5.58258     4.665    31.621    38.959   -136.78     58.66      1.00
   0.27296   1.55787   3.85526    -7.376    15.845     8.840   -136.78     35.04      1.00
   2.17283   2.07742   4.55064    37.386     3.227   -19.716   -136.77     51.52      1.00
   4.66267   1.44475   2.43748    31.772   -13.217    24.232   -136.77     52.71      1.00
   1.79976   2.25704   2.86043    51.780    24.906   -27.349   -136.70     69.81      1.00
   4.32373   1.09887   4.50315    18.448    43.319    19.728   -136.70     53.95      1.00
   0.52474   2.05111   0.51300    19.122    41.853    -4.296   -136.69     53.10      1.00
   0.03279   0.69657   1.72849    44.715    13.283    32.609   -136.69     65.76      1.00
   1.34985   2.36420   0.96163    10.773    40.434    21.453   -136.67     53.47      1.00
   3.76898   1.16387   2.54726    62.582    37.856     5.812   -136.60     76.23      1.00
   4.64930   1.46120   2.31694    15.711   -13.966    31.502   -136.59     47.83      1.00
   1.27964   2.69176   3.05461     0.662    -0.053    11.916   -136.59     37.68      1.00
   5.04836   1.10991   0.90084     3.305    35.888    20.646   -136.57     44.70      1.00
  -0.11754   2.49348   1.14686    10.021    43.230    10.135   -136.57     53.74      1.00
   0.88313   0.91002   0.95810   -17.311    -3.494    16.130   -136.57     36.93      1.00
   1.87670   1.89025   5.69836    30.585     7.150   -11.466   -136.56     48.36      1.00
   0.49289   1.94300   1.53278    28.016    39.097    31.692   -136.55     63.65      1.00
   1.67519   1.97444   5.40401    12.251    35.737    19.589   -136.55     51.78      1.00
   4.58439   1.16254   0.84787    44.388    -0.018    28.338   -136.55     56.11      1.00
   2.44381   1.93090   4.15302    47.501    -4.547    28.138   -136.55     61.57      1.00
   1.19833   1.87283   2.43141     9.422    -4.451    22.338   -136.54     44.67      1.00
   0.85942   0.29020   5.57236   -20.913    12.300    40.796   -136.52     46.65      1.00
   0.57185   1.97378   4.11630    23.369    27.866    -2.036   -136.48     48.58      1.00
   5.23516   1.78784   2.84155     6.139    -6.939    20.944   -136.45     39.73      1.00
  -0.02275   3.05687   3.17893    21.888    35.967    10.310   -136.43     56.81      1.00
   2.57173   1.59330   4.43188    30.917     1.484    -5.981   -136.41     39.19      1.00
   3.99356   2.08897   3.67178    19.243    12.412    33.431   -136.40     49.83      1.00
   5.97064   1.59875   2.83099    48.341    -3.976     6.420   -136.39     63.44      1.00
   2.13528  -0.09807   5.27195    19.068     8.983    39.232   -136.37     49.53      1.00
   1.46176   1.76718   5.72521    -1.809   -10.369    26.389   -136.37     39.17      1.00
   3.95710   0.33934   3.40779    44.739     5.308    27.289   -136.35     58.90      1.00
   4.35962   1.13442   0.80581    48.141    -7.561    -2.620   -136.34     52.39      1.00
   3.66121   2.22835   3.39614    33.075    14.236    31.054   -136.34     56.13      1.00
   3.19465   0.58217   3.62385     1.222    29.641    24.277   -136.31     40.58      1.00
   0.32587   2.27390   4.77133    54.286     6.855    30.662   -136.31     70.88      1.00
   3.86263   1.12971   2.22461    57.988    27.281    21.804   -136.29     71.67      1.00
   1.09651   0.85612   0.42685    52.495    47.764     5.828   -136.29     77.97      1.00
   0.94747   2.12231   4.16359    45.109    -3.935    18.383   -136.29     58.89      1.00
   0.89823   1.13749   5.50030     9.124     1.721     4.522   -136.28     21.25      1.00
   2.29951   1.32183   0.39850    18.814    24.640    -8.540   -136.26     46.20      1.00
   3.04813   1.67287   5.39604    42.028    16.067   -15.012   -136.25     55.35      1.00
   4.31115   1.41137   3.72376     7.861    32.190    37.616   -136.22     54.75      1.00
   5.80835   1.22553  -0.06008    12.997    23.999     3.667   -136.17     29.85      1.00
   2.66594   0.67821   5.44113    -5.377    35.707    10.841   -136.13     42.86      1.00
   5.87832   0.49940   2.45805    18.505     8.616    42.735   -136.11     56.16      1.00
   0.55042   2.22246   1.02249    50.191    36.858    22.832   -136.07     71.01      1.00
   3.42328   1.78135   3.55583    31.051     6.990    33.032   -136.06     54.06      1.00
   1.74224   1.00354   5.99125    -1.549     0.001     5.017   -136.05     26.39      1.00
   0.08436   2.37294   5.85248    17.194    42.235     8.276   -136.01     49.99      1.00
   0.61674   1.34832   1.00852    23.391    -4.466    39.253   -135.99     55.15      1.00
   2.14324   1.59718   0.38360    -5.684    29.042     3.080   -135.99     41.80      1.00
   4.34511   2.00831   2.88962     3.367    27.469    34.384   -135.98     51.57      1.00
   1.27722   2.20726   6.09970    11.536    13.616    56.474   -135.97     65.17      1.00
   5.16477   2.11699   5.27719    20.790     1.525     3.041   -135.96     34.00      1.00
   3.43909   1.57816   2.83195    37.108    10.413   -13.331   -135.96     46.34      1.00
   3.94193   0.97637   2.11958    56.809    29.374    21.267   -135.92     70.48      1.00
   1.71895   1.75246   4.14377    32.902    -8.661    -3.746   -135.91     43.91      1.00
   1.68864   2.08672   4.08024    51.963    -2.651    25.185   -135.89     64.54      1.00
   2.00061   0.49572   1.28916     9.323     3.806    17.948   -135.89     40.77      1.00
   2.01571   0.61166   5.73081    22.981    18.687    39.521   -135.87     56.26      1.00
   3.34859   2.38151   3.51162    40.941    -1.462    16.969   -135.83     54.35      1.00
   5.60535   2.27040   3.20698    43.727    24.783    32.715   -135.77     69.95      1.00
   4.17684   1.13835   1.21916    10.743    36.323    29.136   -135.77     52.58      1.00
   1.73364   1.62894   4.79366    24.618    -5.833     8.171   -135.71     37.34      1.00
   3.18716   0.97310   5.58017     7.656   -11.295     7.489   -135.70     35.85      1.00
   0.19688   0.59451   4.15853    -3.361    17.916    13.631   -135.67     31.72      1.00
   2.27428   1.24384  -0.16496    -2.477    25.465     2.019   -135.66     37.74      1.00
   5.38699   2.01773   5.21174    40.077     7.254    -6.552   -135.66     48.44      1.00
   4.60605   1.82315   0.46753    35.906    39.569    34.834   -135.62     68.22      1.00
   3.72348   1.97996   2.91667    64.512    29.828    15.994   -135.60     78.69      1.00
   3.30614   1.75270   4.73019     9.355    40.980    23.471   -135.58     53.94      1.00
   3.06077   2.41118   1.78377    -1.171     7.693    -3.355   -135.57     33.42      1.00
   4.95121   1.84952   3.72345    -5.306    -6.424    41.886   -135.56     52.20      1.00
   2.96890   1.20494   6.60444    14.039     5.820    28.677   -135.56     48.54      1.00
   1.44344   0.71299   2.71245    24.021     7.201     4.267   -135.56     39.75      1.00
   2.16790   0.87003   5.41903    -4.154    44.108    20.456   -135.54     52.65      1.00
   5.76382   1.28950   4.89297    44.042    20.508    37.698   -135.54     62.36      1.00
   1.39853   0.61524   2.06711     2.881    48.868    20.410   -135.51     57.23      1.00
   3.58372   1.08243   3.17184   -19.748     1.461    33.772   -135.44     44.30      1.00
   3.42796   0.83721   4.86000    -2.978    38.781    15.084   -135.41     45.82      1.00
   5.09823   1.01427   1.94363    32.390    21.881    47.817   -135.39     66.66      1.00
   2.85423   0.75852   1.82819    59.062    -6.477    25.483   -135.35     70.65      1.00
   2.65863   1.04084   0.55487    15.227     3.345    29.791   -135.35     50.13      1.00
   2.61288   0.49852   6.09431    21.896    42.973     8.382   -135.34     55.75      1.00
   4.36710   2.43338   3.29780    41.667    25.531    25.710   -135.33     63.73      1.00
   4.64830   1.34448   0.79792    35.322    31.174    41.966   -135.32     66.43      1.00
   4.13710   1.37686   3.80174    -5.566     3.865    15.488   -135.32     29.31      1.00
   5.45870   1.24042   2.88619    38.881    18.346    50.318   -135.31     73.76      1.00
   6.04630   1.37578   4.82594    37.144    13.647    39.584   -135.28     57.60      1.00
   1.14682   2.80573   0.32624    38.065    43.342    23.111   -135.27     67.63      1.00
  -0.14626   2.62247   2.00014    20.259    33.661    31.928   -135.24     60.17      1.00
   1.18887   2.21815   0.04032    -2.410    32.553    32.118   -135.22     51.26      1.00
   0.17574   0.38053   3.86759    32.112    15.027     0.867   -135.21     43.55      1.00
   3.46871   2.73491   3.65955    12.156    38.844     9.022   -135.21     46.76      1.00
   1.60354   1.68018   1.80181     8.360     1.981    43.430   -135.21     57.36      1.00
   5.51598   1.85908  -0.08112    40.189    26.524    35.881   -135.19     60.46      1.00
   5.72179   2.79710   0.91077    17.378    44.867     6.461   -135.14     56.46      1.00
   5.57811   1.22607   0.57010    18.710   -14.678    28.377   -135.14     40.03      1.00
   2.27658   1.15176   3.70358    17.857    -0.446    27.385   -135.13     38.65      1.00
   2.55346   2.09072   2.61665    48.967     1.987    20.941   -135.13     62.58      1.00
   0.02868   2.07141   4.11509    -8.192     4.081     9.089   -135.12     32.82      1.00
   0.56460   2.27141   4.43435    37.006    26.482    -6.606   -135.11     57.93      1.00
   2.73158   1.06132   4.48139     7.433    12.503    -4.074   -135.10     23.47      1.00
   1.86790   2.45798   3.97121    49.298    -5.610    23.120   -135.09     62.84      1.00
   2.64375   1.61028   5.04154     5.231    39.764    -4.852   -135.08     47.47      1.00
   2.74679   2.04049   1.38787    23.890    16.661   -12.866   -135.08     46.47      1.00
   3.17024   2.85089   0.40218     6.199    -8.667    18.934   -135.04     41.86      1.00
   4.20160   1.16785   5.95576     7.490    25.473    -2.923   -135.03     33.64      1.00
   2.34697   0.69723   1.00010    28.060    42.310    11.891   -135.03     58.79      1.00
   2.19467   1.46733   4.30268     7.581    -6.468    13.374   -135.02     28.71      1.00
  -0.05839   0.73318   2.81944    31.426    -0.710     5.403   -135.02     49.69      1.00
   0.98880   2.96845   4.15187    13.252    34.889    18.505   -135.00     54.70      1.00
   5.15555   1.05052   1.04675    41.813    -2.905    22.705   -134.99     50.33      1.00
   3.84398   1.80889   3.44359    15.241    21.174    -5.801   -134.98     33.81      1.00
   2.72295   1.80853   4.06368    10.124    -0.814    11.780   -134.98     30.85      1.00
   0.04177   1.35129   2.80561    26.820    27.089    40.803   -134.92     63.31      1.00
   4.30449   1.72798   4.62561    31.147    31.069    33.942   -134.90     59.67      1.00
   2.70659   2.82466   6.05595     4.931    35.324    26.691   -134.90     56.50      1.00
   5.78418   1.55267   5.74787    61.548     6.656    29.242   -134.89     68.81      1.00
   3.50269   1.65645   5.55285    15.366     7.723    30.519   -134.81     47.65      1.00
   4.75703   0.31765   6.59314    25.844    25.545    39.787   -134.77     54.00      1.00
   5.30235   2.15615   1.79424    15.192    23.927    42.036   -134.77     59.77      1.00
   3.59479   0.72975   4.59885    -0.537    34.705    45.747   -134.74     61.84      1.00
   4.92736   1.31655   3.63779    13.281    -2.914    15.246   -134.74     37.53      1.00
   4.69557   1.28384   4.57999    17.727    41.545    29.232   -134.73     55.82      1.00
   4.57184   2.42524   3.77157    21.992    -3.344    -5.049   -134.72     40.69      1.00
   4.13240   2.13083   1.40053     0.238    33.462    27.331   -134.72     53.54      1.00
   1.60549   1.80305   1.59408    24.685    41.426     5.268   -134.70     56.82      1.00
   5.83677   0.84458   0.39546    62.526    21.897   -13.840   -134.69     68.94      1.00
   3.45367   1.91838   3.04538    59.168    25.045    22.755   -134.69     73.54      1.00
   5.82882   0.70945   0.45176    63.448    23.569   -12.797   -134.68     70.00      1.00
   2.80817   1.61653   4.15045    33.491    24.916    27.586   -134.67     55.44      1.00
   2.34561   0.32285   0.56245     4.550     3.722    40.985   -134.66     53.62      1.00
   3.37786   2.76327   3.01308    32.595    38.071    -1.510   -134.65     55.46      1.00
   5.22819   0.92843   2.59124    26.977    -1.791    33.604   -134.64     53.00      1.00
   2.36676   1.46436   4.69956    -8.844     8.448    -1.625   -134.62     25.75      1.00
   2.62977   2.63245   2.98329    32.892    37.792    -3.922   -134.60     55.11      1.00
   2.27898   2.71476   0.24643    -8.676     2.283     4.758   -134.59     34.67      1.00
   5.56265   0.84724   0.86627    13.255    -0.807    39.515   -134.59     42.88      1.00
   1.64172   0.84442   5.25215    16.288    -3.366     0.829   -134.58     25.23      1.00
   0.44274   0.49011   2.23857    26.683    41.496    23.942   -134.58     61.53      1.00
   0.13930   1.26645   4.93779    18.975     3.352    43.416   -134.57     48.69      1.00
   1.87927   2.83247   5.63206    39.291    -7.279     7.645   -134.56     56.86      1.00
   3.89070   0.23463   0.42167    46.078     9.574    -6.944   -134.55     52.00      1.00
   1.90016   1.91669   2.28810    39.685     6.292   -15.840   -134.53     55.51      1.00
   1.56421   2.04267   4.66784    17.550    -6.528    17.394   -134.49     39.26      1.00
   1.91540   1.33134   2.11752    22.568    18.591    -6.267   -134.47     43.85      1.00
   4.86762   2.10019   0.65042    -6.451    28.234    10.692   -134.46     42.29      1.00
   1.37152   1.51715   4.03503    22.475    -4.146    28.344   -134.44     43.81      1.00
   2.00108   1.22701   0.35640    26.039     9.306    -9.474   -134.43     46.88      1.00
   5.28398   2.22829   0.57460     2.301    21.092     3.163   -134.43     35.83      1.00
   0.36526   2.18750   1.12467    21.716    39.091    -1.525   -134.42     53.46      1.00
   3.68423   2.48796   3.64874     7.457    -3.769    27.364   -134.40     43.71      1.00
   3.89997   1.14769   5.68145     5.921    10.734    45.675   -134.39     56.86      1.00
   3.79942   0.97794   2.02215    16.768    29.421    36.809   -134.39     54.37      1.00
   1.98882   0.49265   5.01564    -7.340    18.591     4.551   -134.38     23.60      1.00
   1.92463   2.38551   4.21899    48.041    -6.908    21.567   -134.38     61.53      1.00
   3.88037   1.57540  -0.01295    45.573    17.227    27.334   -134.37     63.34      1.00
   2.99203   0.65910   3.49450    40.926    12.814   -19.381   -134.36     47.45      1.00
   0.53610   0.41887   2.09058    10.079    -4.270    26.362   -134.36     45.42      1.00
   3.58533   1.11799   3.24684   -20.927     2.695    33.425   -134.35     44.66      1.00
   5.61385   0.67559   3.56215    17.552    33.162    41.963   -134.34     61.14      1.00
   4.60961   0.09235   2.46915    32.975    34.196     9.846   -134.34     52.23      1.00
   1.87296   1.07324   1.32658    -1.901    12.090     7.326   -134.28     37.32      1.00
   5.18691   1.84322   0.12196    26.219    -2.222    37.646   -134.26     50.57      1.00
   2.20109   0.26854   5.22888    45.019    16.730    31.389   -134.23     63.17      1.00
   4.88167   0.92208   4.28621    -2.890    33.800    45.146   -134.23     59.31      1.00
   0.06030   1.13416   1.00044    35.345    14.762    -1.130   -134.22     48.33      1.00
   2.40345   0.56554   2.95992     5.427     3.947    45.427   -134.21     50.35      1.00
   5.81637   1.36822   2.70415    51.306    -3.745    10.506   -134.18     65.97      1.00
   3.10206   2.17804   4.86641    53.280    21.359    19.542   -134.16     66.74      1.00
   1.28233   2.34936   1.50606    11.437    20.098    -8.119   -134.12     41.90      1.00
   4.87222   0.99899   3.64292     6.709     9.709    53.384   -134.10     61.37      1.00
   4.84737   2.12022   2.90961    12.832    12.390     2.291   -134.07     36.65      1.00
   2.24024   1.98266   3.74288    41.347    -2.153    -3.590   -134.05     49.33      1.00
   2.48558   1.16678   2.06544    27.458    12.633    37.436   -134.03     57.19      1.00
  -0.05514   1.31619   3.98788    30.211   -13.529    29.555   -134.02     54.63      1.00
   1.30068   1.34464   5.50000     0.701    28.254    -1.485   -134.01     35.95      1.00
   3.34409   2.11270   1.59484    17.143    29.806    35.065   -133.99     59.50      1.00
   3.79462   0.96586   2.60667    64.959    36.404     3.577   -133.93     76.82      1.00
   0.17761   1.73439   2.66687    -0.029    11.189     5.558   -133.92     38.14      1.00
   1.01293   2.91853   5.44531    12.209    20.677    -4.783   -133.87     41.86      1.00
   3.12712   1.80426   0.08587    24.769    13.007    30.172   -133.84     55.09      1.00
   3.21112   1.46174   1.98082    20.537   -11.610    27.312   -133.84     49.59      1.00
   5.23433   0.30802   3.09199    43.803    43.442    16.123   -133.83     70.30      1.00
   1.23948   1.14848   3.11318    28.211    31.584    41.408   -133.82     62.95      1.00
   2.28034   0.78632   5.22672    39.764   -16.774    -1.560   -133.82     51.34      1.00
   2.70383   2.44236   2.58856    50.592    -0.392    14.162   -133.81     63.03      1.00
   4.73109   0.57332   3.62186    28.958    23.168    47.409   -133.80     67.00      1.00
   0.26295   2.87026   0.46985     8.482     0.425    12.462   -133.79     36.38      1.00
   5.23742   1.50526   6.00131    -5.138    31.217    49.070   -133.75     59.51      1.00
   4.07307   0.72174   4.82714    50.550    28.411    34.847   -133.71     74.10      1.00
   2.01852   1.56999   0.89393     1.547    34.944     5.944   -133.67     46.28      1.00
   4.78513   1.79200   1.49151    11.201    -4.089    38.538   -133.66     49.62      1.00
   0.77670   2.26904   3.25938    24.149    30.268    12.899   -133.62     53.09      1.00
   3.59295   1.99575   3.74192    47.236     2.741    22.204   -133.61     60.06      1.00
   1.80144   2.50346   0.72726    28.124    41.239    23.264   -133.59     62.77      1.00
   2.74640   1.30306   1.61742     4.162     0.061    23.532   -133.58     42.31      1.00
   5.27091   2.18712   5.68676    16.506    32.715    40.624   -133.58     56.31      1.00
   5.96036   2.64914   6.75323    43.390     7.319   -11.149   -133.58     54.49      1.00
   1.46294   1.54439   0.85428    29.326    32.592    27.738   -133.56     60.91      1.00
   3.66118   2.35210   6.25068    27.715    28.782    31.202   -133.56     61.14      1.00
   2.16150   1.50505   0.45980    -3.670    30.646     4.197   -133.55     42.84      1.00
   0.64461  -0.04908   1.08866    30.535    37.483    41.511   -133.53     69.28      1.00
   0.45062   1.72665   4.45428    31.216    -6.405    24.764   -133.51     48.96      1.00
   2.46716   1.61842   3.58732    44.484     6.266   -16.331   -133.50     51.73      1.00
   5.73418   2.57710   3.16533    34.642    14.558    37.723   -133.50     64.42      1.00
   4.82761   2.39553   4.92830    29.006    -0.576     7.538   -133.47     41.87      1.00
   4.16349   2.61802   4.19682    38.058    22.660    37.239   -133.46     63.25      1.00
   5.48767   1.47988   1.69416    18.610    24.301     3.631   -133.40     42.52      1.00
   0.32160   0.69986   4.03782    33.388    20.805    -0.669   -133.37     44.89      1.00
   2.34106   1.03225   5.65703    -2.119    28.760     2.195   -133.36     37.48      1.00
  -0.12264   2.87380   4.37119    -9.096    13.291     5.890   -133.34     34.57      1.00
   3.62084   0.39877   4.57184    56.426     7.475    22.155   -133.30     70.38      1.00
   4.11663   0.32670   1.82618     0.377    -8.282    25.022   -133.26     28.73      1.00
   3.10084   0.76256   2.75684    34.399    18.194   -16.932   -133.25     42.55      1.00
   3.49715   2.23737  -0.21954    30.675    24.292    29.232   -133.24     59.57      1.00
   3.88835   2.10933   1.30116     0.764    32.004    31.318   -133.22     55.18      1.00
   3.22310   0.43643   5.66978    57.063     6.360    20.782   -133.21     71.75      1.00
   2.07399   1.58960   4.72355    37.076    -3.538    -2.221   -133.19     45.51      1.00
  -0.11983   1.57706   3.81153    34.361    13.974    -8.823   -133.18     51.59      1.00
   5.83003   2.10865   3.83231     8.356    24.553    49.645   -133.17     61.03      1.00
   2.61817   1.21379   5.71193    42.053    23.092    31.397   -133.17     67.11      1.00
  -0.03736   1.30653   0.82608    17.859    -4.061    40.333   -133.16     48.75      1.00
   4.12686   0.47784   0.45827    48.448    38.294     1.676   -133.14     61.44      1.00
   1.58873   1.66273   1.79948     7.821     1.753    43.321   -133.14     57.21      1.00
   4.63083   1.70574   1.30607    51.186    24.686    34.511   -133.13     72.79      1.00
   0.82245   1.33657   5.00451    -4.454    -4.072    39.632   -133.11     42.11      1.00
   3.10986   1.04355   4.81464    24.664    31.092    -8.366   -133.10     45.85      1.00
   2.32251   0.18616   2.65888     9.702    12.498    46.546   -133.08     52.33      1.00
   3.13503   0.92787   3.05678    18.673    23.120    39.773   -133.06     53.32      1.00
   1.99870   1.77500   5.82307    32.202    12.123   -13.324   -133.06     50.87      1.00
   3.94031   2.24352   3.97332    32.907     1.303    24.610   -133.03     51.41      1.00
   2.09962   1.70758   2.45224    17.000     0.080    34.660   -133.02     51.87      1.00
   4.14954   1.89463   1.38257    36.319    -8.195    10.862   -132.98     50.90      1.00
   5.45680   2.14308   6.09367    38.693    33.512    32.138   -132.97     61.37      1.00
   0.61839   2.06167   4.41444    34.961    32.225    -4.438   -132.93     57.79      1.00
   2.56569   0.51788   2.68940    41.409   -18.356     5.396   -132.93     49.40      1.00
   5.15795   1.63843   1.89305     8.202    -7.937    31.438   -132.90     43.71      1.00
   1.85310   0.38375   2.88635    22.639     5.458     1.549   -132.88     32.13      1.00
   3.77822   2.43730   5.11296    23.140    23.739    -7.440   -132.87     42.18      1.00
   2.66558   1.17117   5.90126    50.430    20.176    27.009   -132.80     70.97      1.00
   4.97511   1.37124   0.91974    57.631     4.722    28.736   -132.79     67.30      1.00
   3.16648   2.19434  -0.12461    28.110    18.462    29.689   -132.77     57.70      1.00
   4.94201   1.20472   3.70458     4.458     4.551    51.675   -132.74     59.38      1.00
   1.51636   2.37751   4.85198     7.849    36.029    17.115   -132.74     51.71      1.00
   1.47080   1.65387   2.45774    37.548    29.347    -8.968   -132.74     57.76      1.00
   2.21189   2.92782   4.86309    40.155    -4.452     3.550   -132.73     53.92      1.00
   1.12732   1.04865   2.71399     9.491    -1.218    37.872   -132.73     51.52      1.00
   2.54041   1.38709   4.40497    45.402    -5.991    -1.577   -132.73     50.94      1.00
   3.73296   0.77982   1.67012     4.165     4.240    -2.945   -132.72     19.02      1.00
   1.37602   2.91587   5.59360    12.149    18.813    48.837   -132.71     62.79      1.00
   1.98912   1.46308   2.70779    10.749    -5.023    -1.668   -132.70     35.77      1.00
   5.99257   0.57994   0.06939    15.621    28.508     7.819   -132.69     33.20      1.00
   1.12545   2.51574   1.60433    33.390    43.541     5.074   -132.67     61.00      1.00
   1.80698   1.90524   4.23861    38.505    -7.268   -12.972   -132.66     50.35      1.00
   5.83538   2.21461   1.16208    58.992    29.978    27.682   -132.66     76.35      1.00
   5.85059   1.38602   4.17154    44.566    13.211    35.378   -132.62     64.06      1.00
   1.23763   0.77949   0.52543    57.383    46.624     6.056   -132.57     81.52      1.00
   2.47903   1.85215   4.50481    27.111     8.126   -17.897   -132.57     41.92      1.00
   4.27345   0.68053   5.52061    48.887    44.750    26.078   -132.56     73.36      1.00
   1.46413   2.43375   1.86144     7.863    17.559    -7.487   -132.55     39.89      1.00
   0.93574   1.93001   5.26851    32.760    38.324     6.692   -132.54     58.05      1.00
   5.65338   0.78618   2.24367    13.245     4.098    41.426   -132.53     51.44      1.00
   1.56545   2.11067   4.91904    34.788    37.985     9.431   -132.52     61.64      1.00
   2.01509   1.18132   4.90364   -15.587    30.159    33.182   -132.51     51.17      1.00
   3.06901   2.33116   2.22896    11.601    -9.437     2.835   -132.49     39.33      1.00
   0.36798   1.34882   3.20025   -17.493    23.569    15.704   -132.47     44.61      1.00
   2.71533   1.87863   3.66377    24.901    -0.831    31.495   -132.46     49.23      1.00
   4.23205   2.67399   1.10850    -4.979    32.806    11.175   -132.45     48.60      1.00
   3.97835   0.87528   2.88893     8.610    31.575    17.258   -132.45     40.49      1.00
   3.77092   1.32021   5.36422    35.472    32.814    -7.131   -132.45     53.29      1.00
   1.77136   2.04849   0.71071    36.046    38.309    13.112   -132.44     63.68      1.00
   2.58224   2.03315   2.61649    49.684     2.663    21.795   -132.43     63.28      1.00
   2.54819   1.95550   2.12132    16.597     6.163    37.823   -132.41     54.72      1.00
   3.23905   1.17553   2.08315    60.703    23.941    23.887   -132.39     73.47      1.00
   4.10803   2.52331   2.23094    32.161    16.312    28.744   -132.38     59.02      1.00
   2.10596   0.70179   0.80688    25.080     1.850    28.393   -132.35     53.67      1.00
   2.12902   2.97647   3.00441   -11.523    29.815     4.782   -132.33     44.36      1.00
   4.42074   1.40003   0.38140    39.470    38.103     4.329   -132.33     57.56      1.00
   2.88369   2.37935   3.14387    30.508    33.709    -6.921   -132.31     50.89      1.00
   3.64118   2.11283   1.67033    32.978    34.057    25.148   -132.31     63.59      1.00
   1.48444   0.79534   5.26963    34.976    -3.192    -6.395   -132.30     40.89      1.00
   2.73564   1.88917   0.11847    36.979    20.774    30.295   -132.30     64.84      1.00
   3.13383   2.22519   3.76153    16.768     1.226     3.181   -132.30     33.27      1.00
   3.92357   1.25000   5.40611    22.330    34.864    43.040   -132.30     65.25      1.00
   5.06837   1.46974   3.84421     8.604    -1.159    10.420   -132.29     33.72      1.00
   3.17130   1.46237   2.45211    63.869    16.678    22.604   -132.29     74.81      1.00
   1.23295   2.35439   0.77032    41.288     5.850    15.283   -132.27     57.57      1.00
   0.03665   1.46126   2.72304    33.390    26.782    39.315   -132.27     65.98      1.00
   0.02563   2.43509   5.29229    41.652    35.388     5.419   -132.23     60.97      1.00
   4.21280   1.87442   0.38430    68.464    12.559    21.914   -132.20     78.27      1.00
   1.00317   2.42707   5.71346    38.535    37.954     4.548   -132.20     63.30      1.00
   5.62753   2.86195   1.59820    53.370    30.478    23.701   -132.19     73.69      1.00
   4.16739   1.28471   0.39541     1.023    36.922    23.955   -132.18     49.88      1.00
   6.40978   2.20086   2.57432    32.979    35.302    24.501   -132.18     63.91      1.00
   1.71520   1.42588   0.61176    60.543    18.653    26.925   -132.17     79.57      1.00
   1.16081   2.57377   0.63040    24.472    27.833   -19.177   -132.17     52.72      1.00
   0.93987   2.08108   3.97507    45.466    37.210    34.364   -132.15     73.91      1.00
   3.65431   2.62395   2.32027    18.479   -13.077    14.151   -132.14     46.74      1.00
  -0.00577   2.82870   4.41412     4.183    41.677    44.905   -132.14     66.34      1.00
   4.53608   1.10557   4.96509    35.707     1.851     6.560   -132.12     46.31      1.00
   2.66326   1.64459   0.22498    37.564    17.436    31.074   -132.11     64.71      1.00
   5.92413   2.04033   1.47616    42.234    22.233    37.456   -132.11     67.02      1.00
   1.62877   1.29162   0.01922    -9.311    36.089    -3.266   -132.08     44.53      1.00
   2.54098   0.74381   0.79316    21.334     3.839    18.703   -132.08     46.22      1.00
   2.13605   1.87219   2.35732    19.574    -0.207    31.423   -132.07     51.25      1.00
   3.71368   1.87393   1.44845    25.054    -5.402     3.481   -132.05     42.21      1.00
   6.06820   1.56428   0.77214    34.360     4.495    -4.711   -132.03     44.68      1.00
   2.51237   1.80732   1.59873    24.368    22.491   -11.232   -132.02     47.28      1.00
   6.02998   1.99245   1.23136    41.067    45.416     8.737   -132.02     67.98      1.00
   6.05140   2.05683   2.78448    15.943     7.687    45.627   -132.00     58.57      1.00
   5.61383   1.19634   5.04431    57.554    19.215    30.438   -132.00     68.49      1.00
   3.68161   2.39096   4.14949   -19.953    27.447    13.501   -131.99     44.14      1.00
   5.58363   1.61988   4.32523    -7.202    -6.603    37.372   -131.97     47.37      1.00
   5.71358   0.46696   2.70314    16.015     7.868    42.996   -131.97     55.49      1.00
   5.34065   2.65805   3.33409    16.936     5.140    -2.759   -131.97     40.29      1.00
   4.44722   2.51165   6.00649    -2.094    14.220     4.456   -131.95     33.90      1.00
   2.28735   1.03973   0.26385    31.380    32.558    -8.581   -131.95     56.49      1.00
   1.48002   2.56458   1.11435     0.573    24.885   -10.791   -131.91     41.07      1.00
   3.33359   2.11075   0.56677    19.409    -2.401    28.114   -131.91     50.81      1.00
   1.94858   1.03544   0.72446    18.891    34.968    -3.096   -131.91     50.72      1.00
   0.77945   1.84688   5.83697    17.031    31.154    33.597   -131.90     52.49      1.00
   3.77313   1.88349   5.67777    34.483    49.765    21.125   -131.88     68.86      1.00
   2.50651   1.15479   4.78068    18.102    14.697    -8.546   -131.86     32.68      1.00
   0.59150   1.63235   2.93605     3.888    22.432    10.787   -131.83     42.08      1.00
   1.60136   1.77280   0.08356    44.146    41.788     4.496   -131.82     70.09      1.00
   0.74435   2.64650   4.40668     9.244    34.888    11.346   -131.81     50.21      1.00
   2.71248   2.07834   1.29523     0.788    12.145    -1.068   -131.78     35.33      1.00
   6.06127   1.55791   2.31983    43.331     0.009    17.851   -131.78     59.96      1.00
   5.02172   1.12076   4.89387    27.482    38.651    36.971   -131.71     61.07      1.00
   2.57024   1.87847   2.91099    46.418    44.778    -1.340   -131.70     66.50      1.00
   2.06903   2.15443   1.95153    34.946    17.021   -25.832   -131.70     57.57      1.00
   4.89268   1.28877   0.59053     0.877    27.582    50.112   -131.68     60.38      1.00
   4.37300   1.08609   0.47199    43.349    -1.775   -19.371   -131.65     50.43      1.00
   4.41379   0.81973   5.48050    44.177    15.879    40.558   -131.63     67.33      1.00
   0.88848   0.49127   2.01034    49.284    42.223    10.821   -131.63     72.72      1.00
   5.70052   1.91977   4.62995     5.529     7.384    47.618   -131.61     53.12      1.00
   0.88211   2.71092   1.93463    45.191    14.473   -13.928   -131.57     59.24      1.00
   1.71254   0.92971   1.42734     0.173    15.481     4.877   -131.57     37.47      1.00
   1.29107   1.65677   2.01241    -1.774    13.128    11.914   -131.52     39.92      1.00
   1.08886   2.20026   1.81586    47.879    27.219   -18.514   -131.48     67.50      1.00
   0.89081   2.40291   1.62402    23.700    30.233    -9.734   -131.46     51.18      1.00
  -0.00438   2.39946   4.76311     8.937    -8.223     4.377   -131.41     36.06      1.00
   0.59355   1.91151   1.59836     4.301     0.642    14.630   -131.36     38.93      1.00
   1.86719   2.19667   3.01297    36.667    -2.955    12.064   -131.36     50.48      1.00
   2.29392   2.36789   2.83609    16.983     4.149   -11.625   -131.34     38.86      1.00
   2.41682   1.38587   3.49083    29.887    -2.908    18.614   -131.33     42.18      1.00
   5.11331   1.91746   0.31695    60.039    -3.367    23.249   -131.29     67.46      1.00
   0.42456   1.56715   0.21620    25.117     3.842     9.063   -131.28     38.01      1.00
   3.40118   2.93777   2.17798    39.574    15.145    24.590   -131.28     61.03      1.00
   5.76884   0.82684   1.88028    26.734    27.005     2.529   -131.28     47.87      1.00
   2.75849   0.97203   3.78679    34.104    32.453    13.364   -131.26     51.09      1.00
   2.84445   1.45303   2.22306    28.360     7.155    -9.391   -131.25     40.99      1.00
   3.39831   2.18141   2.84383    64.690    26.599    23.317   -131.25     79.66      1.00
   0.36872   0.72983   3.97147    33.575    21.084    -0.761   -131.21     45.49      1.00
   5.94571   0.82112   1.26812    34.972    20.780    -1.729   -131.19     48.58      1.00
   2.66047   1.60181   5.44798    35.928    12.513   -11.945   -131.18     50.32      1.00
   1.80105   1.69450   3.38051     2.836     8.538    43.598   -131.17     53.16      1.00
   1.23200   1.98133   1.82014    54.476    42.659     2.509   -131.13     75.39      1.00
   4.01104   1.37752   1.53972    34.442     5.430    41.693   -131.13     62.06      1.00
   2.19383   2.37758   1.12008    -2.583    -0.044    18.729   -131.10     40.62      1.00
   5.29599   1.55851   1.07865    25.912     1.431    36.507   -131.10     50.13      1.00
   5.87252   2.17199  -0.05909    18.954    -1.310    10.262   -131.10     34.60      1.00
   4.31114   0.62045   5.70034    19.808     0.687    31.757   -131.05     48.03      1.00
   5.49032   1.26257   3.81329    31.846     2.736    -1.282   -131.03     47.15      1.00
   3.39486   1.93416   1.42278    20.734     0.683    -3.305   -131.03     39.73      1.00
   2.36800   1.55764  -0.18510    20.473    18.461    -8.144   -131.02     43.87      1.00
   5.29333   2.82019   5.44852    11.506     0.800     8.597   -131.02     34.53      1.00
   4.17281   1.06512   5.38455     4.677     2.774    24.247   -130.94     38.67      1.00
   4.01666   1.74935   1.50797    33.058     4.972    37.369   -130.92     60.46      1.00
   6.08289   1.80158   5.80607    29.115     7.062     4.125   -130.92     37.60      1.00
   3.12764   1.63953   0.15386    35.408    11.414    25.088   -130.91     58.16      1.00
   2.31241   1.92879   4.90066    -6.256    26.681    -7.663   -130.90     39.94      1.00
   4.42726   1.58404  -0.05760     5.168    38.635    45.775   -130.89     64.71      1.00
   0.54989   1.40816   1.68568    18.566    40.922    11.959   -130.88     55.68      1.00
   1.21475   1.21703  -0.06313    54.208    31.228    22.438   -130.88     73.12      1.00
   3.93080   1.96348   5.01505    45.109    15.242   -11.604   -130.83     53.57      1.00
   3.25171   0.41450   5.89068    -5.274    -5.752    21.674   -130.77     40.55      1.00
   4.58849   2.34047   0.88658     9.765    -4.578    41.675   -130.75     54.00      1.00
   1.76170   2.66881   2.88001    36.795    21.808   -22.879   -130.72     57.31      1.00
   5.57107   0.74426   5.38073    23.208    -0.472    14.805   -130.71     32.87      1.00
   3.60769   2.23110   3.57469    36.818     3.850    24.372   -130.65     53.99      1.00
   3.20599   1.79287   4.04047     9.665     2.184     9.889   -130.63     29.42      1.00
   2.26184   1.25878  -0.22470    -2.803    24.145     1.784   -130.61     36.76      1.00
   3.01137   0.89016   3.56798   -21.743     4.018    25.911   -130.58     38.22      1.00
   2.26898   0.39372   2.70520    58.152     9.598    26.915   -130.58     65.98      1.00
   1.04172   1.83565   0.28244    40.317    32.878    22.637   -130.55     63.86      1.00
   1.59377   1.73811   2.67867     3.413    -3.308    35.218   -130.51     50.12      1.00
   0.42087   0.73730   3.96973    33.343    21.444    -0.628   -130.47     45.25      1.00
   0.01060   2.43729   2.07318    18.863    35.233    32.595   -130.44     60.62      1.00
   5.75548   2.59156   4.32477    11.346   -12.035    10.366   -130.38     40.54      1.00
   2.13848   1.16170   5.19061    -7.177    39.562    12.204   -130.35     46.93      1.00
   0.06006   0.81334   4.66638    31.899    -7.194    13.084   -130.33     41.17      1.00
   3.85388   1.67028   0.22058    33.987    27.507    -4.276   -130.32     51.24      1.00
   2.38035   1.33999   4.79391   -11.844    11.224     1.684   -130.29     26.87      1.00
   2.33458   1.66895   5.41274    10.357    31.002    36.819   -130.22     57.86      1.00
   2.24941   2.94627   6.38828    -7.521    -3.138     8.859   -130.21     35.70      1.00
   5.89501   1.60301   0.50121    24.816   -12.523    10.612   -130.21     38.12      1.00
   0.36635   2.29011   1.86030     6.221    -5.164    14.862   -130.18     40.01      1.00
   3.30121   1.70990   1.99136    -2.170     0.156    29.875   -130.16     44.37      1.00
   1.67283   2.18061   5.86482    31.806    -7.489    17.579   -130.15     52.43      1.00
   1.97011   0.33199   1.45064    37.676    -3.553    18.843   -130.11     56.41      1.00
   6.09263   2.62015   2.13250    28.526    -7.033    18.016   -130.11     49.26      1.00
   1.74289   1.72310   1.07900    36.283    31.015    32.809   -130.10     67.01      1.00
   0.93974   2.02170   5.66295    18.677    37.764    16.843   -130.09     51.80      1.00
   5.66064   0.63199   4.12074    29.581     1.272     6.113   -130.07     44.10      1.00
   2.78556   2.56621   6.20488     6.750    34.939    29.428   -130.05     57.90      1.00
   1.42937   2.44690   1.87600     6.608    18.640    -6.774   -130.04     39.85      1.00
  -0.00689   2.12705   5.74956    32.174     4.845     7.932   -130.02     43.30      1.00
   1.95564   2.88495   2.06879    10.057    -2.285    17.978   -130.01     40.69      1.00
   4.37122   1.48610   0.82605     6.842    37.249    20.975   -129.99     49.72      1.00
   1.47731   2.03301   3.81690    23.742    11.436   -17.106   -129.97     45.35      1.00
   2.46105   1.76096   2.41624    48.698     5.849    25.603   -129.93     64.00      1.00
   4.41502   1.16657   2.24507    21.520     2.160    -9.610   -129.91     32.19      1.00
   4.21181   1.22297   0.53469    28.990    28.508    48.170   -129.90     67.71      1.00
   2.38708   0.52921   0.44541    16.499     3.604    37.134   -129.89     54.40      1.00
  -0.25700   2.02298   0.46383    13.921    16.967    -0.620   -129.89     34.63      1.00
   0.68513   0.88513   4.67724    42.977     2.609    -4.098   -129.85     46.26      1.00
   4.46658   0.42550   4.73324    22.725    32.994   -19.342   -129.85     50.21      1.00
   4.68996   1.73192   3.95424     1.433    -1.018    13.140   -129.84     31.78      1.00
   2.60879   1.75271   5.84431    55.386    20.609   -19.121   -129.81     71.54      1.00
   1.65084   1.85934   0.10701    29.864    -2.411     8.499   -129.81     49.04      1.00
   0.30746   2.30454   1.84299     5.612    -5.048    13.819   -129.80     39.47      1.00
   0.61455   1.00960   2.62680   -17.307     8.727    18.901   -129.79     42.72      1.00
   5.10259   1.30873   0.47184    -2.771    30.644    48.624   -129.78     59.82      1.00
   4.00251   2.07160   0.01100    -5.397    15.888     8.746   -129.74     35.77      1.00
   4.35742   0.67931   4.74477    10.074    41.057    19.337   -129.71     50.17      1.00
   3.89828   1.80478   2.23139    38.931   -17.401    16.301   -129.71     57.69      1.00
   5.27218   2.34973  -0.07228    19.059    36.559    36.888   -129.69     58.33      1.00
   2.56786   2.62721   0.39543    16.105    -4.998    26.843   -129.67     49.51      1.00
   2.46920   1.54204   2.87578    21.142     4.976   -18.751   -129.67     38.43      1.00
   0.63495   2.20611   2.54824    30.400     1.764    36.883   -129.66     58.35      1.00
   3.14364   2.23204   1.85206    -6.118    19.215     2.202   -129.66     35.35      1.00
   2.60696   1.25509   0.28656    33.842     6.980    27.896   -129.66     58.96      1.00
   0.68817   1.62803   0.44522     3.544     4.582    18.175   -129.66     33.50      1.00
   5.39177   1.76555   4.38720   -10.525    -4.525    38.298   -129.65     48.24      1.00
   6.03339   1.42408   3.69641     9.283     6.928     3.813   -129.63     34.80      1.00
   0.47296   0.43463   2.73465    -5.617     6.520    11.050   -129.63     35.51      1.00
   5.22760   0.78060   1.80426     7.825     1.780    54.392   -129.57     57.94      1.00
   3.22201   1.80549   5.67907    40.344    34.937    30.798   -129.56     69.90      1.00
   1.71819   1.70946   4.21289    30.785    -8.168    -2.987   -129.55     41.84      1.00
   6.01324   0.96080   3.34198    21.427    25.039    44.281   -129.54     61.19      1.00
   2.14987   1.95993   4.68983    38.658    -2.891    -0.586   -129.53     48.58      1.00
   4.44725   2.38737   3.97670    38.524    10.598    23.323   -129.48     55.45      1.00
   1.95624   0.65205   1.33065    19.707     2.107    16.145   -129.48     44.93      1.00
  -0.14320   1.23403   0.43443    12.693    47.399    19.561   -129.46     54.31      1.00
   1.96583   2.85300   3.06104    24.427    24.185   -18.034   -129.45     49.09      1.00
   1.32724   1.83186   2.22908     5.499    45.033    26.706   -129.42     59.24      1.00
   3.07600   1.94171   6.39925    26.006    16.498    32.264   -129.41     58.05      1.00
   4.12751   2.22540   3.35728    12.055    24.527    36.256   -129.41     52.82      1.00
   2.61589   1.23623   0.14336    44.248    26.855   -13.968   -129.34     63.67      1.00
   3.62343   1.93028   4.56150    26.555     0.764     1.624   -129.34     37.65      1.00
   3.30601   0.41058   4.81184    56.423    10.025    23.272   -129.33     70.78      1.00
   4.65675   2.62689   3.95546    21.361     1.257    -8.930   -129.31     40.41      1.00
   5.79287   1.68462   4.91158     1.108    22.265    48.955   -129.31     54.49      1.00
   0.76212   1.94420   2.91447     9.956    25.755    12.121   -129.31     45.41      1.00
   4.64607   2.37190   4.22700    39.439     8.044    21.460   -129.26     54.80      1.00
   5.53836   0.57487   3.26139    28.049    37.863    33.244   -129.25     63.57      1.00
   1.82267   2.36491   4.98381    38.671    -4.699     3.960   -129.24     52.56      1.00
   4.83940   0.94723   3.82065    25.258    15.004    47.260   -129.24     63.13      1.00
   0.61522   1.54734   2.49887    47.005    25.366    -4.108   -129.22     65.01      1.00
   3.77254   1.46549   0.41833     8.961    37.742    21.724   -129.22     52.29      1.00
   4.45125   2.02925   1.55036     0.339    33.765    21.007   -129.18     49.97      1.00
   2.53907   1.16106   5.29978    34.742    25.234   -13.661   -129.17     52.75      1.00
   3.71973   1.95343   2.80189    63.175    31.960    15.940   -129.15     78.46      1.00
   0.12774   1.08187   0.41053    23.662    -4.186    38.775   -129.15     48.11      1.00
   2.38706   2.12001   3.65325    40.112     0.492    -6.329   -129.13     48.79      1.00
   5.78174   0.58865   4.74666    26.347    -6.101    30.944   -129.08     48.08      1.00
   1.17870  -0.03934   0.60390   -15.468    24.592     6.086   -129.07     34.56      1.00
   1.94613   1.28995   5.75100    44.889   -10.292    25.847   -129.06     63.08      1.00
   6.06262   0.58356   6.18870    30.240    32.455     1.863   -129.00     43.79      1.00
   2.62849   0.37653   2.95740    39.099    12.059    34.035   -128.96     53.76      1.00
   2.22904   1.19274   2.48137    34.955    34.484    -9.043   -128.95     53.85      1.00
   4.02232   1.11114   3.71677    48.611     8.843   -21.016   -128.94     59.35      1.00
   6.14374   1.93444   3.30691    35.061    19.180    -9.915   -128.93     56.26      1.00
   4.81249   1.34364   3.05219    21.398    -9.671    39.065   -128.92     56.12      1.00
   3.73762   2.04301   4.82448    14.859    16.792    -1.067   -128.87     33.07      1.00
   0.35655   1.33576   2.86287    -9.205    15.723    11.674   -128.85     39.58      1.00
   3.83610   1.90116   1.09140    27.873    40.820     8.163   -128.79     58.79      1.00
   5.21174   1.87827   2.20486    27.744    33.571     9.688   -128.79     55.86      1.00
   3.93723   2.97970   1.87787    45.304     9.564    26.116   -128.79     66.69      1.00
   5.75152   1.83027  -0.07972    -4.758    18.669     6.342   -128.78     29.41      1.00
   1.96210   3.09006   4.98073    35.862    32.463    18.092   -128.74     63.61      1.00
   3.08555   1.03474   4.79902    23.804    30.275    -8.471   -128.67     44.78      1.00
   3.23609   0.81592   5.09605    35.119    40.219    -2.536   -128.59     58.89      1.00
   4.92573   1.83029   4.58681     8.701    13.024    43.449   -128.57     52.12      1.00
   1.88252   2.79878   1.51297    25.732    21.006   -21.475   -128.54     50.98      1.00
   3.36940   0.39670   4.62134    57.463     9.875    23.043   -128.49     71.16      1.00
   4.74879   0.91151   2.17410    32.157    25.350   -20.605   -128.45     50.98      1.00
   3.35487   0.92055   0.73939    48.573    37.215    16.952   -128.45     68.11      1.00
   5.15988   1.93888   2.52690     7.545    -4.601    38.767   -128.45     50.94      1.00
   2.34344   2.30026   3.66514    42.937     3.500    -9.296   -128.45     52.12      1.00
   5.10669   1.19188   4.64637     4.738    33.602    46.006   -128.43     58.78      1.00
   0.32076   1.24776   3.45583   -14.479    27.992    13.366   -128.41     43.79      1.00
   5.21281   2.38729   5.66786    19.975     5.716     0.694   -128.39     33.99      1.00
   1.73747   0.26947   0.07870    21.096    21.808    -9.569   -128.36     42.78      1.00
   3.00185   0.94565   5.63270    37.909    13.694    32.136   -128.34     62.16      1.00
   1.21775   2.81196   3.78761    46.999    -4.947     7.421   -128.29     59.62      1.00
   3.24309   1.94852   3.33222    32.818    25.193   -12.331   -128.28     47.25      1.00
   1.89513   2.12461   4.17032    27.329    21.218   -18.611   -128.27     49.63      1.00
   1.39997   0.91879   5.02399    44.125    31.936    30.031   -128.25     63.94      1.00
   4.22374   0.28537   3.65311    29.913    39.649    35.498   -128.25     66.24      1.00
   4.85858   1.21390   0.23172    14.551    -9.211    24.321   -128.23     36.42      1.00
  -0.06046   0.31479   2.42902    48.567    43.457    14.021   -128.23     73.71      1.00
   3.42461   0.38316   5.53062    48.863     3.492    22.221   -128.21     65.31      1.00
   3.04608   2.15909   5.06100    52.439    18.954    19.348   -128.21     66.18      1.00
   5.05612   0.18728   3.07609    43.050    31.694    41.648   -128.14     74.38      1.00
   6.09536   1.09105   0.96106    16.461    45.191    36.678   -128.14     62.72      1.00
   4.17734   2.93814   2.62585    22.067    24.930    -2.724   -128.09     47.22      1.00
   2.94135   0.24743   2.64625    40.243    15.458    34.399   -128.09     55.13      1.00
   5.99034   2.50310   4.35717    28.917   -15.302    12.618   -128.08     51.53      1.00
   4.88272   2.92789   4.80707    14.868    14.490    47.581   -128.06     58.69      1.00
   4.13512   0.79483   0.66005    17.770    23.479   -16.449   -128.06     36.40      1.00
   4.22806   2.29016   3.16932    28.532    26.030    29.995   -128.05     57.34      1.00
  -0.06208   2.01775   0.04028    30.013    13.222    -5.574   -128.01     42.59      1.00
   3.60205   1.44780   5.41691    35.249     7.971    21.287   -127.97     52.17      1.00
   0.35385   1.38136   2.19053    19.524    25.542     4.754   -127.96     47.77      1.00
   2.67038   0.34593   6.09614    23.659    43.440    11.935   -127.95     57.37      1.00
   4.34552   1.79296   1.83496    29.660    -4.686     2.967   -127.93     43.31      1.00
   4.77946   1.14457   2.24282    30.947    14.273    48.024   -127.90     65.05      1.00
   5.20038   0.58843   0.05548    62.337     6.684    29.256   -127.90     67.90      1.00
   5.98530   1.42108   4.10823     6.437   -12.319    39.052   -127.86     50.82      1.00
   3.02444   0.39332   1.23942    54.834     7.266    38.072   -127.83     72.39      1.00
   1.35579   1.01223   2.89533    27.266   -13.753    18.405   -127.82     49.44      1.00
   6.18396   1.04992   0.25071    48.783     9.705    31.604   -127.78     59.69      1.00
   5.48337   1.56563   4.22176    -4.710    -6.388    40.168   -127.76     49.66      1.00
   4.56969   2.63084   3.10377    32.328    22.857    30.088   -127.73     60.08      1.00
   0.63020   1.62348   2.95867     2.980    22.661    12.183   -127.71     42.22      1.00
   0.05645   2.63197   4.96860     1.376    28.366     9.273   -127.69     39.50      1.00
   4.61579   2.27223   1.54087    11.158    -7.318     6.397   -127.59     36.14      1.00
   0.07925   0.96327   0.82033    34.434    32.821    43.555   -127.54     67.10      1.00
   5.19531   1.77638   4.06787    33.799     6.582    -5.860   -127.54     47.71      1.00
   1.55376   2.63272   5.53309    36.263    -3.799    26.905   -127.53     59.12      1.00
   5.14518   1.32190   4.02480    13.209     0.908    46.085   -127.52     56.47      1.00
   0.88243   1.59971   5.93697    15.041    35.882    27.508   -127.51     51.22      1.00
   2.11346   1.75731   1.52490    31.982    34.375    -8.477   -127.50     57.05      1.00
   3.44049   1.08457   1.36192    56.407    32.185    21.531   -127.39     72.53      1.00
   2.49180   1.23471   1.86556    33.690     7.827   -11.218   -127.32     47.87      1.00
   3.81785   1.78865   1.54955    24.181    -8.263     7.447   -127.32     42.01      1.00
   0.30833   2.42853   1.67044    50.520    40.899    -8.707   -127.31     72.66      1.00
   6.26570   1.82324   5.79695    27.599    -1.107    18.933   -127.31     40.45      1.00
   1.92756   0.61212   0.29224    20.322    19.427   -10.340   -127.31     43.83      1.00
   0.79838   1.83996   1.84882    -1.930    19.971    10.974   -127.29     41.29      1.00
   2.60555   2.41367   3.82141   -14.082    23.380     3.163   -127.28     41.01      1.00
   5.86988   2.44758   3.09565    18.897    15.839    45.613   -127.26     61.50      1.00
   5.93924   0.38859   2.33468    17.494    11.459    43.585   -127.23     56.49      1.00
   2.20606   2.44009   2.83500    17.042     6.792   -12.704   -127.22     39.54      1.00
   3.71358   1.61497   1.51076    21.462    -0.895    39.473   -127.19     56.43      1.00
   3.05737   1.55247   1.17939    13.030     7.075    -6.784   -127.18     35.92      1.00
   3.08755   1.64282   1.82935    -0.665    -0.914    26.760   -127.17     43.27      1.00
   1.63659   1.25734   4.98122   -12.190    -2.491    12.483   -127.16     25.76      1.00
   2.85630   1.98071   3.69777    25.616    -3.417    29.639   -127.13     49.15      1.00
   1.66935   1.33848   5.96246    -8.127    -6.640    15.127   -127.13     31.89      1.00
   2.79164   1.77530   4.49307    32.653     6.146   -10.617   -127.12     42.27      1.00
   4.06709   1.17237   1.60727    -3.287    37.470    18.115   -127.11     46.51      1.00
   3.65549   1.39352   3.54359    20.748    25.663    30.997   -127.10     50.97      1.00
   3.51810   1.72993   5.80127    35.404    48.415    22.812   -127.07     70.24      1.00
   2.90404   2.88651   5.86493    16.912    29.864    27.891   -127.07     56.85      1.00
   5.86991   0.96966   1.26122    33.981    20.204    -0.623   -127.05     47.48      1.00
   3.19597   1.75500   0.30838    43.124    12.886    22.734   -127.01     62.81      1.00
   4.34059   1.04083   3.52267    36.388    35.734    22.562   -127.00     61.41      1.00
   5.04546   0.51822   0.77386    40.307    38.286     9.765   -127.00     55.64      1.00
   4.46541   1.55621   1.82468    31.113    -5.988     7.366   -126.99     43.25      1.00
   3.88288   1.82751   2.86226    44.341   -10.410    22.591   -126.98     61.83      1.00
   0.25086   2.16123   5.51726    42.815     5.045    -0.752   -126.95     53.63      1.00
   5.93192   1.43171   5.10569    36.008    27.305    41.784   -126.94     60.81      1.00
   5.27325   2.56013   5.27531    33.834     1.923    12.116   -126.92     46.28      1.00
  -0.06672   2.53989   0.44333    31.648     8.149    -3.937   -126.91     45.02      1.00
   0.45731   1.95708   3.47605    12.575    35.048    11.833   -126.88     50.48      1.00
   3.47314   1.63252   2.80463    56.407    32.961    20.446   -126.88     72.91      1.00
   2.45880   2.75788   6.64076    -6.262     0.312     5.518   -126.87     34.83      1.00
   5.08672   0.76005   0.70427    47.473   -10.769    -2.841   -126.87     49.20      1.00
   3.15079   2.04702   1.88439    18.409    18.803    -8.151   -126.86     40.74      1.00
   4.49522   2.08580   5.00643    -3.290     0.425    23.949   -126.84     37.94      1.00
   2.11774   2.84408   4.80601    39.290    -4.034     3.362   -126.84     53.19      1.00
   3.65068   0.69018   5.04967    42.587    44.078     6.751   -126.80     66.60      1.00
   3.71396   1.71360   4.70164    13.779     9.121    -2.323   -126.76     29.50      1.00
   3.56856   2.06595   1.85271    17.554     9.768    -5.811   -126.71     37.73      1.00
   1.25044   0.69789   0.58999    12.395     1.618    38.559   -126.71     50.41      1.00
   4.76403   2.27056   1.37597    40.305    -5.942    24.773   -126.66     58.58      1.00
   5.66938   1.02621   0.49186    58.371    19.835   -16.891   -126.65     65.59      1.00
   1.00361   2.57303   2.77949     2.311    -0.713    11.854   -126.65     38.25      1.00
   1.73941   2.52483   4.73485    -8.024    28.261    43.728   -126.62     61.34      1.00
   5.20246   2.92886   1.76727    50.984    28.915    15.465   -126.62     71.23      1.00
   3.68639   1.59665   3.36878    38.790    20.598    28.070   -126.60     58.46      1.00
  -0.18227   1.77337   0.83107    42.823    20.403    35.171   -126.58     62.79      1.00
   3.05132   2.89262  -0.20472    37.971    29.759    21.167   -126.58     64.52      1.00
   3.66718   1.29461   0.63651     9.246     7.462    38.649   -126.56     52.05      1.00
   5.70619   1.86862   0.09917     7.033    20.441     2.388   -126.52     30.84      1.00
   4.76562   2.32035   1.22074    13.121    25.982    -2.302   -126.47     43.84      1.00
   0.02285   2.11169   0.18747    45.590    -0.516     4.969   -126.47     54.36      1.00
   5.58524   0.62445   2.73985    16.660     4.065    42.197   -126.47     54.76      1.00
   1.32468   1.52815   4.75216    52.870    -5.121    27.605   -126.40     64.33      1.00
   1.73300   2.22284   1.01105    -3.687     4.867    33.567   -126.39     48.27      1.00
   0.48105   1.20425  -0.07760    46.536    19.981    30.104   -126.39     61.34      1.00
   4.23475   0.78526   2.08446    34.903    -5.756     8.538   -126.37     40.36      1.00
   3.64020   2.66065   3.34622    33.897    -6.861    -6.125   -126.26     49.44      1.00
   4.77015   0.47523   1.02533    46.581    -5.831    -9.245   -126.26     47.55      1.00
   1.73399   2.77079   1.79272    41.061    -0.663     7.454   -126.23     54.87      1.00
   2.81031   0.51222   2.56537   -12.020    18.378    43.391   -126.23     52.80      1.00
   6.11301   1.49775   6.03030    20.405    23.107    44.951   -126.20     53.48      1.00
   5.39304   2.87681   5.70782     1.641     0.599    11.685   -126.20     34.14      1.00
   0.05316   2.87982   3.23138    20.669    34.496     6.379   -126.18     54.83      1.00
   3.56513   1.67336   3.08988    32.686    12.905   -12.701   -126.17     43.32      1.00
   3.28753   0.68062   5.13986    36.492    41.157    30.481   -126.10     69.04      1.00
   3.85891   1.47811   1.95182    30.482    -1.496    -2.216   -126.05     40.67      1.00
   0.49446   1.42055   4.55369     6.047    -6.706    36.769   -126.04     43.00      1.00
   4.26244   1.41248   1.22455    46.470    16.371    38.969   -126.04     68.67      1.00
   0.79067   2.30864   1.59477    58.472    42.517     5.513   -126.02     77.67      1.00
   2.81835   0.69936   3.39433     8.108    28.040    37.699   -126.02     50.00      1.00
   0.79077   1.15541   4.38857    53.336     3.116    26.251   -126.00     61.76      1.00
   0.59969   2.04949   3.66252    23.531    17.271    52.087   -125.98     65.78      1.00
   0.88030   1.89448   1.01088    44.769     3.416     5.736   -125.93     58.65      1.00
  -0.15864   0.05260   3.75823    25.145    11.140    -1.690   -125.92     40.86      1.00
   5.78825   1.87201   1.40400    36.956    20.522    40.132   -125.91     64.30      1.00
   4.41335   3.04071   3.53564    26.347    -3.440    16.399   -125.89     48.11      1.00
   2.75801   1.73575   2.89854     6.317    40.496     8.451   -125.81     46.33      1.00
   0.85854   1.04848   3.81507    30.759    35.331     3.361   -125.80     51.14      1.00
   5.16543   2.03645   2.67791     5.139    -5.419    37.501   -125.80     49.98      1.00
   1.31377   1.09309   4.15688   -23.933    12.523    25.866   -125.79     42.98      1.00
   0.57141   2.25353   4.33230    40.690    -6.738    15.402   -125.78     56.46      1.00
   2.06658   1.28862   4.64536    19.088    17.844   -19.137   -125.76     38.82      1.00
   0.89840   1.48895   4.00391    15.446   -15.009     6.305   -125.74     37.78      1.00
   1.06259   1.05266   0.97140   -18.827    -1.400    19.103   -125.73     40.07      1.00
   5.71126   2.01869   3.96404     6.089   -15.284    18.190   -125.71     41.98      1.00
   1.98426   0.92965   0.81266    22.888    38.069    -1.899   -125.71     54.08      1.00
   2.47119   2.05268   2.55865     4.136    -6.559     2.428   -125.68     36.08      1.00
  -0.12470   0.24429   3.70606    25.663    12.519    -4.895   -125.67     41.83      1.00
   2.07099   2.04326   4.94915    33.897    -2.834     0.436   -125.67     46.39      1.00
   1.42905   1.23239   4.23575    48.245    32.573     7.613   -125.66     61.24      1.00
   5.66708   2.61564   0.08912    49.464    42.534    16.994   -125.65     69.36      1.00
   4.18925   0.08523   1.02703    22.973    20.170    40.692   -125.64     51.32      1.00
  -0.20152   2.14150   1.59143    53.371    25.821    33.031   -125.63     74.03      1.00
   1.54755   1.14437   0.06303    29.083     2.617    -4.874   -125.62     45.42      1.00
   5.23853   1.79091   1.23854    25.888    10.077    43.570   -125.52     57.91      1.00
  -0.02898   1.33664   5.71926    20.280     8.367     6.876   -125.52     28.01      1.00
   4.45922   0.91697   4.39780     5.196    20.352    52.564   -125.50     62.36      1.00
   3.74274   3.28584   3.91629    15.906    -0.636    11.648   -125.50     39.01      1.00
   3.77501   0.44842   5.64655    -5.674    -2.198    16.422   -125.44     36.55      1.00
   4.90545   2.22054   1.21024    15.460    22.633    -4.930   -125.44     42.35      1.00
   2.23662   1.67468   4.10649    54.963    -3.295     5.936   -125.43     59.96      1.00
   3.14223   0.64715   0.70631    27.477    29.405   -22.049   -125.43     51.07      1.00
   5.83966   1.06438   4.25125    29.854    30.399    37.727   -125.41     59.33      1.00
   2.09562   0.54080   1.67160     1.157    24.903    38.798   -125.40     54.09      1.00
   6.00231   0.61611   0.06816    15.693    27.788     7.620   -125.37     32.70      1.00
   1.08220   1.06461   0.89697    41.584     6.803    28.494   -125.33     62.27      1.00
   1.00766   2.16421   4.01044    44.882    35.204    36.095   -125.32     73.73      1.00
  -0.08958   0.30839   5.31832    15.369    22.485    40.149   -125.32     47.76      1.00
   0.45464   0.43540   5.06597    65.796    21.126    19.018   -125.31     69.71      1.00
   3.13516   1.58244   5.71406    39.756    20.946   -14.736   -125.29     55.67      1.00
   3.55843   1.54184   2.57476    58.389    17.674    23.122   -125.28     71.32      1.00
   0.76442   1.68360   3.67261    27.687    37.481    10.991   -125.28     55.69      1.00
   0.37464   1.20233   4.95800    17.348    -1.494    40.098   -125.25     45.07      1.00
   5.29476   2.63340   0.06743    56.069    18.495    34.402   -125.24     71.63      1.00
   3.99356   1.76078   2.22436    28.633     4.211    -6.007   -125.22     41.55      1.00
   5.29163   0.88956   1.52299    -3.219    27.854    35.134   -125.19     47.85      1.00
   1.33123   1.46586   1.60579    -1.362    23.094     5.824   -125.15     41.09      1.00
   0.76716   2.16778   3.22388    23.969    30.171    11.602   -125.13     52.53      1.00
   6.06175   1.53117   1.55153    15.451     8.412    46.187   -125.08     55.85      1.00
   5.04869   1.10340   4.20684    40.794     7.417    37.100   -125.08     63.76      1.00
   2.71179   1.73053   6.03133    28.774    10.484    34.319   -125.08     59.13      1.00
   2.98774   0.48320   4.79343     9.223    42.975    33.090   -125.07     58.93      1.00
   2.19630   2.69828   2.19550    41.820    -1.045    10.874   -125.05     56.01      1.00
   3.07676   0.23132  -0.01026    19.794     9.796   -12.393   -125.02     40.85      1.00
   2.97343   0.86461   2.49441    34.072    21.153   -16.146   -125.02     44.39      1.00
   3.20604   2.90631   0.25087    13.337    37.120    20.546   -125.01     57.07      1.00
   4.30737   0.83051   2.09939    33.031    -5.434     9.358   -125.01     39.46      1.00
   4.59353   2.13279   0.54803     9.193    30.893     5.730   -125.01     43.60      1.00
   3.61958   1.45737   5.16275     8.757    39.383    39.041   -125.01     62.02      1.00
   1.89503   2.07309   1.63462    -3.809     6.585    13.960   -124.96     39.18      1.00
   0.93223   2.42910   2.41354    26.842    40.500    15.048   -124.92     59.26      1.00
   0.81187   1.83727   0.98751    26.452     2.333    12.262   -124.91     45.83      1.00
   3.63668   0.44641   4.86549    41.502     2.846    24.870   -124.89     59.70      1.00
  -0.00749   1.39609   3.63806    23.403    10.016    -3.422   -124.86     42.85      1.00
   2.48821   1.55897   2.73082     6.731    37.829     6.076   -124.86     44.46      1.00
   0.13896   1.45196   5.25402    40.564    -5.339    17.387   -124.85     48.92      1.00
   5.27150   1.35074   2.64086    26.701     4.291    -2.312   -124.77     43.34      1.00
   2.39067   0.65703   1.02847    17.913     4.129    16.136   -124.77     43.22      1.00
   4.17001   0.72950   4.76574    30.577    27.070    42.392   -124.75     65.35      1.00
  -0.06234   1.03248   3.72862    20.383     5.580     2.072   -124.75     38.85      1.00
  -0.05956   1.58689   4.98448    18.457    -3.046    38.408   -124.74     46.87      1.00
   0.42771   1.95601   3.56920    -4.221    35.348    18.643   -124.74     49.91      1.00
   3.11073   1.82666   5.26574    36.306    15.557    24.814   -124.73     56.33      1.00
   2.21901   1.38903   2.61483     7.405    44.647    39.686   -124.73     64.19      1.00
   2.32197   1.10262   2.59911    46.440    13.786    30.692   -124.73     62.18      1.00
   1.85978   2.15742   5.14649     8.611    36.299    23.184   -124.72     53.78      1.00
   5.45734   1.14195   3.75845    -4.626    -1.341    15.273   -124.71     34.30      1.00
  -0.20006   2.98099   3.98415    34.747    16.198   -12.784   -124.70     56.02      1.00
   5.36714   2.00451   0.35779    32.956    28.824    -3.479   -124.70     49.01      1.00
   3.25922   1.10098   4.50779    17.852    29.880    -6.245   -124.69     39.88      1.00
   1.74965   1.16046   0.89587    66.650     6.276    11.882   -124.63     80.35      1.00
   4.52522   1.03513   0.29581    49.584    -1.852   -19.507   -124.62     55.26      1.00
   0.50950   2.15407   2.36624    38.307    35.969     4.871   -124.62     62.91      1.00
   6.03265   1.76793   0.48845    26.256   -13.214    17.558   -124.61     42.70      1.00
   0.78148   1.82107   1.06406    44.302     3.525     4.503   -124.58     58.06      1.00
   4.01423   0.77103   5.51592    38.411    35.015    41.768   -124.56     71.49      1.00
   3.09797   1.82490   5.35839    44.679    14.549   -15.606   -124.56     57.02      1.00
   1.44967   2.48118   1.19525    32.085    24.165   -21.998   -124.51     57.00      1.00
   2.26254   2.41593   4.78357     6.224    36.251    -1.907   -124.49     49.09      1.00
   3.02372   2.11092   0.23508    27.760    23.656    34.232   -124.48     62.62      1.00
   3.06080   0.61762   5.03817     2.880    40.923    39.924   -124.48     61.59      1.00
   0.93368   1.02876   2.32815    -7.017    42.311    42.731   -124.43     64.81      1.00
   0.06266   1.82062   4.25324    -5.676    -4.462    41.468   -124.42     48.87      1.00
   1.13252   0.28491   0.22943    44.769    13.667    30.333   -124.41     62.99      1.00
   1.79326   0.78991   5.01840     7.640     9.638    -4.305   -124.36     20.82      1.00
   5.25827   1.69525   3.24361    63.798    -6.441    18.738   -124.35     78.54      1.00
   0.04208   2.40096   4.22897    36.643   -17.151    18.137   -124.34     58.28      1.00
   4.80254   0.80136   1.65229    -6.942    21.157    39.575   -124.32     47.96      1.00
   4.82737   1.70666   1.71197    67.521    -5.760    17.320   -124.31     77.39      1.00
   3.58629   1.36634   0.76008     4.223    35.406    33.222   -124.28     56.80      1.00
   3.94231   1.59118   4.82479    60.580     9.850    12.195   -124.28     68.26      1.00
   3.32321   1.53179   0.86452    52.796    33.763     1.516   -124.28     69.84      1.00
   2.96538   0.98806   1.42882    51.506    -3.078    -5.217   -124.25     60.41      1.00
   0.94133   2.01539   5.24017    14.750    36.551    12.880   -124.25     48.91      1.00
   3.76002   2.16333   3.24585    39.095    41.479   -10.213   -124.25     61.08      1.00
   4.13040   2.46586   5.92548    50.227    50.018     4.234   -124.24     74.96      1.00
   0.04576  -0.03931   1.81676    14.671    33.165    50.301   -124.23     66.89      1.00
   0.12718   1.52755   0.81012    29.518    52.531    21.079   -124.18     67.12      1.00
   4.61479   2.59901   1.08843    24.339    19.080    38.426   -124.15     60.27      1.00
   2.28055   1.95299   2.08776    34.078    28.203   -12.756   -124.14     54.40      1.00
   4.17253   0.39744   0.45320    51.607    28.520    29.415   -124.12     66.52      1.00
   5.42363   1.09800   3.02667    34.783     4.055    -5.338   -124.10     50.76      1.00
   5.61618   1.85428   1.43664    37.384    15.173    40.795   -124.08     63.73      1.00
   2.56605   0.88038   4.51911    -3.440     2.970    33.144   -124.05     38.56      1.00
   5.05533   2.95720   2.76388    29.365     6.916    34.564   -124.05     59.32      1.00
   1.71179   2.06771   6.04641    27.920    -6.702    14.504   -124.05     49.03      1.00
   0.19159   0.69885   2.42130    18.057    39.610    31.367   -124.04     59.94      1.00
   3.13592   0.52424   2.21100     1.552    -9.141    17.154   -124.03     29.16      1.00
   0.91508   0.57922   2.93727    23.167    19.486    -0.297   -124.02     42.05      1.00
  -0.00229   2.22523   2.95297    18.156    25.237    -1.422   -124.00     48.36      1.00
  -0.06115   1.15031   5.10381    19.311    -1.346    13.915   -124.00     30.05      1.00
   3.79679   2.90562   4.44527     2.810    42.398    21.472   -123.94     52.81      1.00
   3.48768   1.42509   5.78547    30.090    22.187    39.496   -123.94     63.54      1.00
   0.55955   2.80233   4.13672    -5.691     8.744     8.078   -123.90     35.95      1.00
   5.42896   0.65164   1.31064    49.612    39.213    31.874   -123.90     73.29      1.00
   5.96484   2.17246   5.90414    43.861     4.229     3.149   -123.88     51.49      1.00
   5.70383   1.81015   2.88214    37.809    -3.870     6.022   -123.87     54.85      1.00
   1.87837   1.52662   3.20766    46.507     2.609   -23.731   -123.87     58.70      1.00
   4.70976   2.99511   4.96892    -7.812    -1.106    16.547   -123.87     37.89      1.00
   3.82649   1.86908   3.92598    38.970     4.165    27.640   -123.85     56.51      1.00
   0.34128   1.56782   2.70829    41.270    40.724    29.662   -123.78     71.92      1.00
   2.18701   2.64367   3.07092    14.375    13.567   -14.476   -123.77     40.01      1.00
   4.97251   2.16688   0.08183    28.191     3.688    40.058   -123.76     55.04      1.00
   6.02567   0.72196   4.03683    58.259    33.256    23.950   -123.73     73.98      1.00
   3.13540   1.04493   1.18515    15.711    28.338    39.407   -123.72     58.93      1.00
   4.37688   1.26225   0.08552    54.498    39.070     8.896   -123.72     68.65      1.00
   5.43582   0.83552   3.15084    -2.222    41.656    21.050   -123.71     50.93      1.00
   4.87224   0.34546   2.94442   -20.686    22.344    45.474   -123.69     56.56      1.00
   3.41426   2.80992   1.08542     8.906    20.248     2.361   -123.67     41.19      1.00
   2.08135   2.06561   1.33281    -3.485    37.037    12.362   -123.66     48.06      1.00
   3.15015   1.85075   5.37244    40.106    49.918     0.697   -123.65     69.61      1.00
   3.93166   1.86840   2.61985    36.515   -15.530    11.241   -123.63     54.03      1.00
   5.84342   2.27266   3.57941    26.138   -15.683    34.904   -123.61     58.88      1.00
   5.25396   2.00923   1.19711    21.916    38.279    34.149   -123.60     62.50      1.00
   0.79292   1.84096   0.99354    44.729     4.332     4.613   -123.59     58.27      1.00
   5.12676   2.48787   2.35824    20.942     7.814     0.842   -123.57     42.84      1.00
   1.32519   2.75079   0.83096   -13.478     6.577    18.149   -123.54     39.44      1.00
   3.88969   2.37525   3.00967    29.686   -12.512     9.326   -123.52     49.83      1.00
   6.16779   1.13848   0.11204    23.635    13.542    42.595   -123.49     50.07      1.00
   1.42902   0.98660   0.03737    12.341   -16.233    28.659   -123.48     45.87      1.00
   2.44711   1.97795   5.84572     3.859    34.233    32.818   -123.48     57.64      1.00
   4.68208   1.35550   1.30562     9.417    -2.878    41.885   -123.42     49.31      1.00
   5.48980   1.48433   5.53293    57.818    26.994    29.056   -123.41     69.14      1.00
   1.33745   2.34285   1.60885    29.146    43.378    16.841   -123.41     60.78      1.00
   5.34858   1.85104   1.13026    16.786    40.372    35.671   -123.40     61.99      1.00
   4.37655   2.42654   1.14188    41.343    -4.005    26.763   -123.39     61.13      1.00
   2.19620   1.11358   1.56468    54.878    27.891    20.413   -123.39     72.41      1.00
   3.69188   1.95322   2.72905    62.188    33.436    16.553   -123.38     78.40      1.00
   0.57400   1.30473   3.50027   -11.966    31.379    17.430   -123.37     46.19      1.00
   5.65884   1.91897   2.68140    22.536     9.411    -7.209   -123.36     45.16      1.00
   5.46726   3.00037   2.59491     8.812    -8.287    28.617   -123.35     47.06      1.00
   4.80859   1.64444   0.03290    57.087    -2.846    18.178   -123.35     62.83      1.00
   6.20942   1.64982   1.51740    21.775     8.928    -2.763   -123.34     41.62      1.00
   1.60446   2.30536   4.97354     8.602    36.752    19.212   -123.33     52.77      1.00
   0.14441   0.64355   4.17264    33.579    19.528    -1.218   -123.33     44.33      1.00
   0.62980   2.40458   1.52973    -1.680     5.931    10.107   -123.32     37.21      1.00
   0.40497   0.85993   2.84111   -16.900    11.467    12.925   -123.31     39.93      1.00
   0.40323   2.68080   3.16834    23.130    33.227    13.619   -123.30     55.72      1.00
   3.02877   0.21300   0.07741    19.347    10.868   -12.419   -123.29     40.72      1.00
   4.87734   0.53647   1.23164    39.508    38.776    16.172   -123.27     58.13      1.00
   3.96109   0.90559   4.82627    17.472    38.071     2.765   -123.23     46.27      1.00
   5.36590   0.96597   2.82718    34.069    26.192    50.580   -123.15     72.88      1.00
   2.43263   1.44487   3.45250    30.566    -3.821    17.521   -123.15     42.74      1.00
   2.15616   1.39383   4.80297    37.269     9.350   -14.346   -123.14     47.81      1.00
   1.59284   0.70680   0.14260    -3.560   -10.005     6.744   -123.14     31.17      1.00
   0.17277   1.14689   2.69287    17.214    32.214    40.604   -123.14     61.18      1.00
   0.40686   1.28803   5.34555    -0.433    -7.666    23.455   -123.09     29.27      1.00
  -0.13926   2.54066   0.56605    20.685     7.255    -0.236   -123.05     38.07      1.00
   0.80194   2.48867   5.24633    45.958     0.970    28.008   -123.00     64.82      1.00
   1.15608   2.48644   4.58542    42.881    -7.120     5.278   -123.00     57.32      1.00
   5.91300   0.72355   0.81636    45.340    45.128    25.158   -122.99     70.66      1.00
   0.30773   2.54560   1.32093    44.499    42.658    17.981   -122.99     68.82      1.00
   0.17898   1.71041   2.36591    22.708    29.547     6.813   -122.96     51.71      1.00
   4.46060   1.29262   5.25859    18.780    15.942   -14.449   -122.94     35.37      1.00
   4.44393   1.48646   4.22737    23.389    45.250    17.298   -122.89     56.01      1.00
   5.35922   2.09699   0.31654    32.121    27.579    -3.982   -122.88     48.14      1.00
   2.64909   1.25256  -0.85000    40.823    15.461   -16.628   -122.88     55.42      1.00
   5.23352   2.07417   4.68164     5.177     3.116    34.920   -122.86     44.23      1.00
   5.83663   1.13098   0.01891    13.907    24.909     4.532   -122.79     30.69      1.00
   4.63270   1.61738   1.95939    67.533    30.038     0.432   -122.78     80.95      1.00
   0.28816   1.80317   3.43061    12.332    33.958     6.644   -122.76     48.73      1.00
   5.02280   1.25454   6.06646    -0.530    38.638    30.892   -122.75     50.66      1.00
   0.00303   1.06498   4.47047     4.031     3.617    52.466   -122.73     55.38      1.00
   0.14419   0.28804   3.47740    24.520    14.346    -4.421   -122.72     41.47      1.00
  -0.05517   1.39298   5.05164    36.209    31.279    42.740   -122.71     63.03      1.00
   2.68312   1.88364   4.71402    11.377    18.909    36.053   -122.70     51.58      1.00
   4.39301   1.60110   0.62848    39.057    39.132     4.121   -122.69     59.73      1.00
   1.31010   1.14271   4.22663   -12.889     4.542     7.092   -122.65     27.53      1.00
   5.21136   1.81834   3.32761    18.707     5.881     0.529   -122.64     38.96      1.00
   2.36485   0.42180   5.16229    41.831    16.959    32.487   -122.63     61.94      1.00
   1.31255   1.20576   4.68133    31.505    -8.465     8.928   -122.53     39.15      1.00
   4.47261   1.06142   4.31116    57.639    17.176    20.331   -122.49     70.64      1.00
   0.66505   1.78541   0.93008    44.340     5.803     2.759   -122.48     57.35      1.00
   1.40062   0.73528   3.33160     1.267     6.328     9.335   -122.48     28.60      1.00
   2.47798   1.77467   4.88205    20.618    13.129   -16.830   -122.46     39.85      1.00
   0.83706   1.93928   4.17482    49.915    39.274    31.538   -122.43     75.88      1.00
   5.76072   2.04373   6.05409    12.640    15.204    -0.802   -122.42     30.59      1.00
  -0.01543   2.41820   1.32069    49.979    43.789    -4.508   -122.42     72.68      1.00
   4.49744   0.93205   5.20353    38.750     1.823    -1.460   -122.33     47.91      1.00
  -0.17040   1.03808   4.70854    35.987    22.139    -5.256   -122.33     46.46      1.00
   5.27929   0.04059   4.42821   -11.330     6.469    13.042   -122.31     35.64      1.00
   2.45339   0.09927   2.32648    18.923    16.174    44.389   -122.30     53.69      1.00
   3.23824   0.54517  -0.08892     2.092    -1.373    18.053   -122.29     38.27      1.00
   1.20326   1.76732   3.38701    47.696    34.377     8.191   -122.27     65.54      1.00
   2.82834   2.72756   3.77863   -14.636    27.875     5.070   -122.25     43.77      1.00
   0.87789   2.57853   2.76758     1.151     0.284    11.183   -122.24     38.05      1.00
   1.51919   2.49218   4.19837    31.894    25.083   -19.216   -122.21     57.19      1.00
   5.29239   0.54884   0.00244    60.375     5.279    28.475   -122.19     65.61      1.00
   2.60192   0.44946   4.39692    -7.662    22.815     6.065   -122.17     26.79      1.00
   3.57820   1.10242   3.38634    19.336    28.511    28.437   -122.16     49.19      1.00
   4.08195   1.23025   4.42751    12.073    42.660    13.123   -122.12     48.96      1.00
   1.01026   0.72762   0.73172   -12.057    -5.193    11.046   -122.04     32.32      1.00
  -0.05469   2.60779   1.80076    42.856    23.373    38.664   -122.03     69.13      1.00
   5.26618   0.52127   0.53216    33.067    -9.612     4.777   -122.02     34.77      1.00
   2.36903   2.06436   4.63291     4.593    36.762    -0.348   -122.01     46.97      1.00
   2.27754   0.29923   4.85902    44.067    18.048    32.171   -122.00     61.62      1.00
   5.66822   0.99650   4.71355    10.555    14.302     2.461   -121.99     28.67      1.00
   5.30707   2.81240   5.51380     1.889    -0.479    12.112   -121.94     34.05      1.00
   2.77968   2.90964   1.61934    38.923    13.413    24.068   -121.93     60.19      1.00
   4.93706   1.51349   4.45490    52.632     8.267    17.778   -121.84     63.41      1.00
  -0.00916   2.31341   0.17417    18.673    -3.779    19.320   -121.83     40.07      1.00
   1.41972   1.34917   1.96517    15.283    30.736    -0.173   -121.81     47.20      1.00
   0.64210   0.94486   4.29903    42.333    -5.158    32.043   -121.80     55.99      1.00
   3.43930   1.92269   3.79610     8.272     3.359    37.880   -121.77     49.13      1.00
   3.47914   1.76842   1.22509    22.157    40.768    22.406   -121.76     60.08      1.00
   3.94468   0.59668   2.79078    11.694    -0.987    -8.716   -121.73     18.76      1.00
   4.24841   1.08488   2.31281     6.330     2.159    -5.031   -121.72     19.89      1.00
   3.49349   1.87391   3.40168    31.246    10.949    32.210   -121.70     54.43      1.00
   5.14431   0.46233   4.05490    40.542    -2.168    10.930   -121.68     55.43      1.00
   1.62754   1.77701   0.23655    -9.231    -2.878    21.046   -121.66     39.08      1.00
   6.02752   2.39977   3.76621    24.794   -17.777    29.342   -121.59     55.94      1.00
   1.19547   0.99022   5.65481    12.439    10.189    -1.486   -121.59     26.28      1.00
   0.02431   2.65842   3.80959    47.905    -5.718    18.427   -121.58     65.08      1.00
   3.26977   2.09950   1.59384    18.152    28.930    35.588   -121.56     59.78      1.00
   4.49444   0.81016   5.23682    36.266     2.597    -2.046   -121.54     46.15      1.00
   4.64362   1.59350   5.82506    54.878     4.327    18.233   -121.45     61.44      1.00
   4.80283   1.48711   0.25763    51.155    -5.967    15.136   -121.40     56.81      1.00
   1.02777   2.04983   0.98539    55.350     3.742     5.027   -121.38     67.59      1.00
   5.13966   0.87245   0.26326    47.633    -8.343     5.444   -121.37     49.14      1.00
   2.92144   2.79081   5.65782    33.389   -15.154    14.453   -121.34     52.92      1.00
   4.45746   2.47718   5.71636    32.100    30.527    -7.990   -121.27     50.35      1.00
   5.82338   0.70268   0.12602    53.601    -5.818    19.949   -121.26     56.72      1.00
   5.65513   0.65867   2.75595    17.055     3.296    41.452   -121.18     54.63      1.00
  -0.50828   0.31469   1.95391    46.828    27.897    43.485   -121.11     75.59      1.00
   2.20906   0.34428   3.96115    13.871    24.987     5.896   -121.11     29.45      1.00
   0.42368   2.07689   0.21312    48.011     0.707     9.524   -121.06     58.42      1.00
  -0.27504   1.57844   0.34467    46.651   -11.304     4.466   -121.00     53.70      1.00
   4.89537   1.38853   0.14167    53.287    -5.769    14.084   -121.00     57.67      1.00
   0.49734   1.80409   2.80433     9.166    39.227    26.517   -120.98     57.03      1.00
   1.60290   0.49451   1.30780    48.435    42.204     3.557   -120.96     71.55      1.00
   0.76246   0.92591   3.32482    14.321    48.509    10.286   -120.96     55.46      1.00
   4.26644   0.20944   5.55148    27.191     7.238    -1.991   -120.94     41.47      1.00
   0.48821   1.47992   3.52316    10.062    47.102    25.109   -120.94     59.17      1.00
   1.14847   1.19280   5.50498    35.314    -8.896     5.803   -120.92     43.98      1.00
   0.45991   0.82703   4.42975    21.159    12.120    44.466   -120.90     51.59      1.00
   0.97051   2.76049   3.67002    23.120    30.832    21.176   -120.88     56.10      1.00
  -0.04655   2.33630   2.22619    45.358    32.569    29.433   -120.79     71.37      1.00
   5.65544   0.79001   3.50360     7.648    -3.537    17.571   -120.76     38.67      1.00
   1.50711   1.96063   1.37685    44.393    44.399    -3.600   -120.74     70.03      1.00
   4.57766   2.42893   0.04783   -10.434    19.560     7.695   -120.71     38.75      1.00
   3.44413   0.74664   5.40243    35.617     8.946   -25.863   -120.70     53.51      1.00
   1.18477   1.71397   4.49127    17.856    -6.730    -9.037   -120.68     36.40      1.00
   3.03510   1.40004   2.11085    28.346     2.204    -6.445   -120.66     40.11      1.00
   3.81245   1.48955   1.86754    47.117   -19.787    12.848   -120.62     61.58      1.00
   4.43343   0.43837   1.28559    45.975    -2.670   -12.434   -120.55     47.34      1.00
   4.97747   1.55721   4.50890    51.769     7.794    17.219   -120.50     62.24      1.00
   4.92357   1.54138   4.48923    24.087    39.883    31.896   -120.49     58.33      1.00
   2.26022   1.54034   2.87754    49.373    39.619    -6.804   -120.46     65.72      1.00
   4.98916   1.98801   2.28473    12.947    18.270    43.064   -120.46     57.92      1.00
   0.68370   0.71718   4.32016    23.796     9.921    42.225   -120.44     50.43      1.00
   4.42924   1.70952   1.16070    73.438    23.818    22.966   -120.43     85.87      1.00
   2.36098   2.54053   5.38152    36.166   -11.284     9.281   -120.39     52.99      1.00
   2.56639   0.66059   0.87531    18.137     4.240    15.591   -120.37     42.80      1.00
   2.94840   1.55196   3.13949     8.739    37.109     3.352   -120.36     41.78      1.00
   3.54984   0.58086   0.08909    58.433    43.580    21.616   -120.33     79.28      1.00
   4.06018   0.79023   2.16663    39.069     5.483   -20.940   -120.30     46.24      1.00
   3.73698   0.36650   5.52111    42.394     1.930    20.008   -120.27     58.98      1.00
   1.74714   1.98357   0.66400    17.710    37.710    21.000   -120.27     55.77      1.00
   1.73524   0.86394   4.94536    45.141    25.401    32.238   -120.23     63.73      1.00
   0.48306   2.54382   4.64488    33.419     5.418    36.851   -120.21     60.32      1.00
   1.89636   0.52750   6.16004    32.103    14.998   -14.554   -120.21     49.67      1.00
   4.23548   1.68904   2.31812    34.661    -9.992    32.508   -120.15     59.27      1.00
   2.95019   1.01047   4.42309    14.982    18.868    -8.457   -120.13     30.96      1.00
   3.39950   1.13541   1.19617    54.997    33.106    21.287   -120.11     72.47      1.00
   3.20012   1.08234   2.27850    13.479    15.185    41.303   -120.10     52.79      1.00
   2.87632   0.34139   1.18856    31.309    -1.295    16.274   -120.07     46.95      1.00
   3.78220   2.32472   3.86837    17.031     0.355    28.509   -120.06     45.67      1.00
   0.83529   1.87869   3.66681    27.014    36.583    14.117   -120.04     56.23      1.00
   3.29354   1.07725   5.06614    33.292    43.110    25.704   -120.02     65.90      1.00
   3.29900   0.65029   2.25083    43.204    12.331   -19.351   -120.02     49.06      1.00
   1.29259   1.10274   2.56240     3.554     8.427    10.395   -119.94     37.09      1.00
   4.21081   1.06633   5.60600    38.130     5.027    10.007   -119.90     48.22      1.00
   0.39173   0.72064   3.78544    14.397     4.718    51.471   -119.82     58.54      1.00
   0.85279   0.43628   1.85111     9.051    41.465    25.063   -119.78     55.37      1.00
   3.41084   0.94138   1.11429    -3.805    17.693    45.425   -119.74     57.35      1.00
   2.00052   2.51831   4.77761    30.383    35.493   -13.385   -119.72     59.74      1.00
   2.75517   0.83320   6.43253    -5.691    -2.039    32.793   -119.71     48.21      1.00
   3.48661   2.19418   4.07589    -7.010     0.850    35.705   -119.69     48.24      1.00
   5.08562   2.11610   5.82748    52.710    14.781    33.086   -119.68     66.10      1.00
   0.37962   1.43341   5.58266   -13.357    -3.411    23.383   -119.68     31.44      1.00
   1.17612   2.44362   4.29910    -7.853    34.370    39.398   -119.67     60.67      1.00
   5.16938   1.52517   0.50420    -1.301    35.256    45.466   -119.64     60.34      1.00
   2.86660   1.33816   3.18284    44.731    -3.801    16.961   -119.62     53.28      1.00
   3.09515   0.65396   0.73910    11.979     0.400    29.307   -119.52     46.47      1.00
   2.00268   2.06886   5.86111    44.018    36.824    20.935   -119.50     71.24      1.00
   3.02060   0.48645   5.12506    22.199    42.209    35.787   -119.47     65.02      1.00
   0.01747   2.93002   5.95670    25.237     7.960   -15.219   -119.47     45.19      1.00
   2.85026   1.87598   5.01887     7.599    44.996    13.012   -119.47     54.95      1.00
   5.91953   1.03305   1.30426    33.381    20.687    -0.077   -119.46     47.97      1.00
   4.22372   1.50543   2.43436    35.230    -6.956    33.950   -119.44     58.96      1.00
   2.45639   2.58365   2.49015    48.842    -1.740    10.800   -119.38     61.11      1.00
   1.13720   1.79101   1.77582    27.690    44.242    18.221   -119.34     62.21      1.00
   3.89751   2.12849   1.86091    16.658     4.203    -2.317   -119.23     36.80      1.00
   1.78089   2.40818   0.02101    41.252    35.155    -5.600   -119.20     65.87      1.00
  -0.19968  -0.28354   5.32364    44.522    -7.697     4.284   -119.18     47.84      1.00
   5.37471   1.28464   4.51581    16.718    29.406    44.577   -119.10     57.98      1.00
   3.60795   1.31512   6.06931    24.488     1.427    18.744   -119.09     44.99      1.00
   5.57086   1.49245   3.13526    34.930    40.495    23.082   -119.07     65.88      1.00
   5.37451   2.41301   6.14954    40.770    37.851    27.029   -119.05     63.61      1.00
  -0.41062   0.68517   3.77447    34.234     0.729     3.693   -119.05     48.71      1.00
   2.23393   0.69485   3.64364     3.846     2.959    40.964   -119.05     44.40      1.00
   3.69359   0.45143   1.86281    35.920    -7.497     9.042   -119.04     39.73      1.00
   5.21690   0.36529  -0.20821    16.279    14.838    -5.053   -119.02     25.10      1.00
   1.62780   0.57111  -0.08199    44.174   -16.842    10.826   -118.95     59.52      1.00
   3.50571   0.59385   2.84064    51.382    27.950    25.026   -118.92     65.30      1.00
  -0.02568  -0.09468   5.27463    23.087    18.152    41.014   -118.89     51.16      1.00
   2.91162   1.84099   2.17382    47.383   -11.144     1.730   -118.89     60.59      1.00
   5.67258   0.70349   0.95529    27.123    42.782    35.321   -118.88     63.07      1.00
   5.52757   1.50858  -0.24602    24.962    15.044    44.472   -118.84     53.31      1.00
   0.01093   1.46524   1.28939    34.038    15.554    39.038   -118.81     60.20      1.00
   5.00858   1.04881   1.96047    34.667    24.189    45.859   -118.72     67.42      1.00
   5.86569   2.18857   3.64711     5.655    23.707    51.067   -118.72     62.16      1.00
   4.42013   1.52456   4.39601   -16.603     1.337    38.384   -118.71     50.30      1.00
   2.90397   1.71519   4.62568     0.905     7.900     0.082   -118.70     26.27      1.00
   4.84201   1.81244   5.72025    11.218    35.549    10.206   -118.69     41.64      1.00
   5.12355   2.64437   1.53709    49.219    21.762   -14.520   -118.67     66.81      1.00
   2.38014   1.82523   3.64704    25.742    35.775    15.676   -118.65     51.87      1.00
   3.00019   1.30414   1.53817     4.341    -0.255    27.928   -118.62     44.40      1.00
   0.14477   2.08443   1.67053    47.662    30.285    32.551   -118.61     71.40      1.00
   0.01067   0.03697   3.21690     0.600    17.696    -6.207   -118.59     34.32      1.00
   1.29159   1.20860   4.59706    12.099    -8.769    17.348   -118.58     29.78      1.00
   4.02712   2.99285   5.17299    22.205    26.491    43.623   -118.55     61.87      1.00
   1.18622   1.87001   3.37984    47.421    34.488     9.851   -118.55     65.99      1.00
   5.44142   2.61599   0.33645    37.295    45.377    -6.776   -118.53     63.53      1.00
   1.09661   2.32535   4.93566    26.090    -7.420     7.177   -118.50     44.63      1.00
   5.04878   1.10175   2.81029    37.148    11.377    46.896   -118.42     68.87      1.00
   4.29508   1.67278   2.87667    12.869    21.545    35.625   -118.35     51.62      1.00
   6.09990   2.41079   5.45659    30.306     1.836     7.911   -118.29     44.01      1.00
   0.39325   1.51492   1.24401   -12.124    12.513    19.393   -118.29     38.77      1.00
   1.45123   1.38332   4.45991    18.602    -8.348    24.061   -118.18     37.96      1.00
   6.10647   1.61771   5.66767    35.820    -1.378    17.078   -118.12     44.19      1.00
   2.34539   1.37755   2.23647    28.037     7.267    34.085   -118.11     55.22      1.00
   2.58793   1.26975  -0.11784    46.088    22.147    29.801   -118.08     70.12      1.00
   1.75173   1.95334   0.03281    19.308    39.394     9.710   -118.04     54.93      1.00
   2.54888   1.85676   4.63625    12.028    20.563    35.659   -117.97     51.72      1.00
   3.04345   1.88943   6.25530    10.593    14.409    37.007   -117.96     54.62      1.00
   5.36883   1.96458   3.43354     9.573    49.019    28.467   -117.95     61.95      1.00
   5.26678   0.25798   4.84309    32.625     6.100    46.224   -117.91     63.33      1.00
   3.59892   0.60299   6.31729    32.908    25.178   -25.527   -117.89     53.61      1.00
  -0.03128   2.55974   3.73445    49.020    -4.738    20.160   -117.80     66.15      1.00
   2.50431   1.12792   5.25181    32.837    24.198   -13.880   -117.74     50.67      1.00
   4.11964   0.79807   3.96869    37.945    41.809    13.465   -117.71     62.83      1.00
   4.44756   0.16024   4.91543    19.796    41.202    21.877   -117.71     55.56      1.00
   3.51086   1.55226   5.96909    18.317     3.743    27.334   -117.70     47.22      1.00
   3.15635   0.18873   2.26819    43.173    17.078    33.096   -117.68     56.78      1.00
   1.09028   0.24986   2.48180     8.537    46.955    20.568   -117.67     55.27      1.00
   3.17435   0.18096   2.23198    43.118    17.240    33.230   -117.63     56.85      1.00
   1.04462   1.47648   2.10228    35.791    38.570    -0.404   -117.62     61.92      1.00
   3.05568   2.95749   3.55704     1.283    41.554    16.588   -117.51     50.49      1.00
   5.62919   1.44485   5.54439    21.566    10.027    46.044   -117.48     52.47      1.00
  -0.19776   0.30926   3.30612    -1.812     4.447     6.277   -117.46     33.18      1.00
   1.77928   2.03011   0.02968    19.863    38.620     8.438   -117.46     54.68      1.00
   3.69309   0.61090   1.20571    -6.852    18.917    45.232   -117.43     55.11      1.00
   2.86949   0.95152   3.70266     6.587    30.983    29.708   -117.37     46.68      1.00
   0.93408   1.65384   2.35750    39.439    -4.357    15.348   -117.31     57.12      1.00
  -0.32051   0.27599   2.30103   -14.941     0.750     1.264   -117.29     29.75      1.00
   3.39681   2.14156   6.06049     2.519   -19.669    18.156   -117.29     43.64      1.00
   4.71089   1.75832   1.40868    57.673    -6.268     7.870   -117.25     65.88      1.00
   5.03659   1.55406   4.51099    51.857     7.348    16.750   -117.24     62.16      1.00
   3.94643   2.64029   2.45239    22.642    53.019    18.893   -117.23     66.68      1.00
   0.10729   2.40142   1.76290     4.421    -3.584    11.218   -117.20     37.88      1.00
  -0.59469   2.84225   3.83728    34.346    34.122    38.722   -117.18     70.23      1.00
   3.08202   1.28440   4.96512     0.559    18.707    -0.996   -117.14     29.36      1.00
   0.07873   2.04693  -0.02598    61.012    25.066    33.387   -117.13     76.00      1.00
   3.43010   1.45716   3.73731    28.322    -3.995    17.116   -117.08     42.41      1.00
   2.31231   3.06638   2.11783    36.147     5.823    31.778   -117.06     58.46      1.00
   4.24319   1.54820   0.86308     6.972    37.371    22.530   -116.95     51.31      1.00
   2.74826   1.49394   5.71626     2.290   -14.241    32.290   -116.95     48.96      1.00
   1.10861   0.67956   1.15077    51.457    21.894    30.492   -116.93     73.20      1.00
   0.55442   0.68189   3.42078    18.659     7.519    50.506   -116.90     60.23      1.00
   0.27812   0.31964   2.57985    40.406    -2.895    12.943   -116.83     57.53      1.00
   3.34210   0.88097   1.84252    22.232    -4.488    43.333   -116.79     56.43      1.00
   1.53847   1.73632   0.55334    13.600    35.718    27.818   -116.70     55.38      1.00
   2.70047   0.82265   0.64695    21.902     4.034    20.322   -116.66     47.14      1.00
   2.63616   2.35112   2.08397     4.604    32.479     4.564   -116.62     42.64      1.00
   0.49240   1.98777   1.70902    64.061    16.221   -14.228   -116.59     77.37      1.00
   2.86969   1.09915  -0.46489    31.629    16.557    34.578   -116.54     60.73      1.00
   5.87051   0.78683   4.40217    43.008    19.865    42.940   -116.54     66.38      1.00
   3.28086   2.43102   1.93451    -2.534     4.075    -1.622   -116.49     32.70      1.00
   5.74240   1.68589   4.40056    -9.210    -7.299    33.343   -116.48     44.49      1.00
   0.52470   0.68479   2.47380    10.983    -3.283    18.684   -116.47     42.65      1.00
   0.85824   1.21984   5.40934    11.580    -4.087     9.553   -116.44     24.47      1.00
   1.94519   2.17522   3.07770    10.066    -4.134    26.273   -116.44     44.36      1.00
   1.13539   1.26189   4.47185    23.321    36.173    16.221   -116.41     49.23      1.00
   4.15547   1.65779   2.29930    33.760   -10.163    31.567   -116.39     57.98      1.00
   3.16331   0.86750   3.90255    57.492    19.940    23.702   -116.38     69.26      1.00
   0.05706   1.06619   2.66743    21.904    33.845    38.760   -116.36     62.56      1.00
   5.35162   1.31013   2.91900    23.557    41.886    -2.623   -116.34     56.59      1.00
   1.71685   2.08685   1.32898    37.712     4.016    23.577   -116.30     58.94      1.00
   0.08548   0.48278   2.25483    70.450    34.076    24.304   -116.22     89.66      1.00
   1.69578   1.55250   3.70325   -19.389     2.924    19.763   -116.15     40.62      1.00
   2.73761   0.53805   5.43126    46.202    10.830    29.357   -116.11     65.40      1.00
   5.78054   1.03870   0.75470    46.445    15.324   -12.392   -116.11     54.63      1.00
   4.74919   1.54195   4.16979    49.483    44.599    17.567   -116.08     71.85      1.00
   4.44069   1.51146   0.83322     7.094    36.867    19.740   -116.02     48.91      1.00
   4.53000   1.32768  -0.22101    41.419    40.784    11.787   -116.00     60.09      1.00
   5.27910   0.72926  -0.11235    61.756    11.247    30.762   -115.99     68.45      1.00
   0.30830   1.05727   2.91753    24.294    38.614    -0.445   -115.95     55.09      1.00
   5.33838   2.44734   5.05798    34.639     2.364    13.456   -115.92     47.44      1.00
   0.45758   2.88661   4.07444    -5.200     9.335     7.527   -115.91     36.05      1.00
   1.88487   2.25884   2.98580    53.866    42.994    14.586   -115.90     73.90      1.00
   3.96714   2.84030   0.75102    30.591    26.935    -7.855   -115.86     55.44      1.00
   5.46242   2.62231   1.61725    48.367    21.202    32.580   -115.80     70.63      1.00
   2.57920   1.57402   1.32389    19.440     9.728   -10.747   -115.69     42.06      1.00
   4.73779   1.26948   5.70111    37.375    38.400     7.833   -115.66     54.26      1.00
   1.13143   0.93495   5.25096    10.855    -0.330     2.096   -115.66     19.59      1.00
   5.44173   1.69628   3.30467    -8.199    -3.564    46.032   -115.65     54.78      1.00
   0.06574   1.99260   4.50074     3.712   -10.598    11.084   -115.46     34.93      1.00
   3.83145   2.00953   3.04937     6.354    28.193    34.481   -115.45     51.81      1.00
   5.59769   1.19542  -0.13950    34.320     6.183    37.983   -115.45     51.09      1.00
   5.14362   0.24773   3.65808     5.113     1.006    36.795   -115.45     48.73      1.00
   2.39845   2.75104   0.25752    -5.630     0.265     5.276   -115.40     34.75      1.00
   3.11806   0.43708   5.44489    -5.448    -5.401     2.826   -115.39     30.01      1.00
   5.90697   0.73264   0.50436    29.760    37.955     5.960   -115.34     50.02      1.00
   4.48291   2.85969   5.45824    59.178    27.564    30.019   -115.29     74.85      1.00
   5.95042   1.05765   0.75978    24.182    19.270     2.986   -115.21     37.11      1.00
  -0.19924   2.84266   2.87487    35.833    -7.583    26.665   -115.10     58.47      1.00
   5.16613   0.44331   3.70649     9.571    39.102    37.323   -115.09     59.15      1.00
   0.65256   1.65988   5.47014    -0.575    36.617    21.598   -115.07     44.83      1.00
   5.37608   0.33325   0.83331    26.886    31.224     6.675   -115.05     41.84      1.00
   4.73538   0.55161   1.85484    62.198    29.368    -9.099   -114.96     71.75      1.00
   2.45080   1.85586   3.58723    46.191    11.180   -18.414   -114.90     55.33      1.00
   5.39203   2.07238   5.86799    26.267    32.891    -4.186   -114.83     45.29      1.00
   1.06700   1.40780   1.66001    38.414     6.000    33.979   -114.81     63.26      1.00
   2.85140   1.31077   1.48122     5.881     0.047    24.985   -114.79     43.50      1.00
   3.61416   0.97382   4.13311    41.039    -2.801    19.798   -114.73     54.13      1.00
   0.06416   1.05943   5.95668    15.965    -1.804    11.536   -114.72     23.66      1.00
   0.69021   0.51870   2.83452   -14.452    12.353    14.640   -114.65     38.91      1.00
   3.40596   2.41512   2.87615    40.886    30.184   -12.372   -114.64     58.25      1.00
   3.88468   0.98673   5.08105    11.746    37.236     6.096   -114.54     44.18      1.00
   2.57843   2.26915   0.07895    31.539    -2.193    -5.483   -114.52     50.11      1.00
   0.26141   1.07039   2.86701    14.884    38.371     3.349   -114.48     51.15      1.00
   1.01289   0.99680   3.58946     7.796    12.727     4.860   -114.44     31.22      1.00
   4.71806   1.88561   0.80814    23.260    33.559    41.433   -114.41     64.35      1.00
   3.68016   1.15589   1.62638    50.233    -7.727    28.193   -114.41     64.87      1.00
   3.33638   2.93015   2.78276     6.763    22.080    48.600   -114.37     60.69      1.00
   4.64337   2.06126   0.59749    10.579    31.346     5.501   -114.32     43.74      1.00
   1.73242   1.34021   0.27459    33.276    39.572    22.513   -114.31     65.05      1.00
   3.59442   1.48280   2.55264    45.942    47.777    -0.306   -114.26     68.84      1.00
   3.16737   1.11849   1.98223    21.860    24.460    39.576   -114.23     57.73      1.00
   1.53216   1.73586   2.00011    66.962    36.312    -6.046   -114.16     82.48      1.00
   2.10357   2.07988   3.02904    25.193    41.934    18.360   -114.12     57.43      1.00
   0.15270   0.49806   2.58653    54.857    41.480    19.692   -114.11     78.18      1.00
   4.90822   2.57836   0.14519    12.319    47.465     9.246   -114.11     56.49      1.00
   4.71951   0.42542   2.43400    29.273    28.560    -0.589   -114.10     45.81      1.00
   6.05179   0.94619   2.54681    27.375    41.735    13.174   -114.09     59.91      1.00
   4.25784   1.75102   3.08268    49.874    22.235    21.650   -114.09     66.80      1.00
   5.96397   2.07996   1.54994    37.582    19.957    39.422   -114.05     64.84      1.00
   5.41908   0.90764   5.30098    32.622    37.649    23.098   -113.85     53.67      1.00
   0.06624   2.73062   3.07494    15.094    34.640    11.509   -113.85     53.39      1.00
   6.08442   1.03279   1.14786    40.528    43.813    34.772   -113.80     72.60      1.00
   2.37091   1.09718   4.48418    31.727     5.677   -10.836   -113.80     38.81      1.00
   5.61846   1.60233   4.82889     3.035    25.757    48.015   -113.79     55.31      1.00
   0.53693   1.30236   2.63737   -17.320     7.869    19.421   -113.78     43.42      1.00
   5.09394   2.01019   0.02987    47.636     2.624    31.815   -113.76     60.76      1.00
   5.74623   1.27950   1.57809    39.459    22.075    -3.644   -113.63     55.01      1.00
   2.69556   1.30949   3.17979    14.497    31.236    -1.141   -113.48     38.01      1.00
   4.22041   0.15009   1.08682    33.201    22.777    37.621   -113.38     54.80      1.00
   2.37491   0.27617   5.75730    12.540    39.274    45.378   -113.37     66.00      1.00
   5.59303   1.68416   6.01118    25.632    39.784     4.202   -113.36     48.00      1.00
   2.10113   1.16877   4.64817    52.417    27.917    22.647   -113.27     67.39      1.00
   5.52125   1.29494   4.01149    24.120    -5.635    37.215   -113.22     55.00      1.00
   2.61217   1.90758   1.76614     4.066    42.877     6.606   -113.20     50.22      1.00
   0.56971   2.58349   0.11813    45.598     1.214    -5.204   -113.19     58.54      1.00
   2.76882   1.53231   1.69014    19.634   -10.792     4.837   -113.17     43.22      1.00
   0.20793   1.19497   4.38725    40.094     0.221    33.879   -113.16     56.53      1.00
   3.42694   1.61067   5.17625    -0.035     7.556    37.746   -113.13     49.71      1.00
   3.82860   1.41428   2.58608    51.319    38.701    11.327   -113.10     69.56      1.00
   3.76310   2.01587   4.35919     9.410    16.300    36.637   -113.08     49.58      1.00
   3.45158   2.35607   3.99057   -18.636    25.161    10.994   -112.95     42.01      1.00
   0.60611   1.28247   3.18524    18.730    -2.750    43.694   -112.78     56.89      1.00
   4.85287   1.96037   5.72040     5.362    32.188     4.914   -112.70     37.94      1.00
   6.19331   1.79454   3.72755    17.471    16.632    -3.266   -112.64     41.63      1.00
   2.69785   2.36074   3.53925    21.472    40.131    26.037   -112.48     57.53      1.00
  -0.08847   2.68310   6.04154    20.612    16.986   -14.940   -112.46     42.80      1.00
   0.63085   0.44924   3.21822    23.482    19.693    -2.238   -112.39     41.53      1.00
   5.89124   0.99168   0.81914    46.442     4.536    29.324   -112.35     57.79      1.00
   6.02022   2.89877   5.75399    23.084     8.882   -14.552   -112.27     43.24      1.00
   2.43801   0.39685  -0.25651    19.001    12.635    38.778   -112.11     55.11      1.00
   0.88936   1.90985   0.77686    -5.570    22.616     9.483   -111.92     38.31      1.00
   0.05467   1.36298   0.91564    52.618    37.307    34.200   -111.90     76.40      1.00
   3.23129   2.26420   5.89523     4.529   -20.323    23.960   -111.82     47.00      1.00
   3.60715   1.15292   1.21179    18.708    33.671    33.506   -111.82     57.37      1.00
   4.20134   1.47967   2.58078    -0.240    28.981    26.863   -111.82     45.62      1.00
   4.24659   1.12749   1.90661    33.413    -5.067     5.154   -111.78     40.74      1.00
   2.08559   3.10118   2.76578    41.502    -0.542    -1.785   -111.76     52.24      1.00
   5.47048   1.45775   1.47256    28.419    37.677    36.152   -111.71     64.62      1.00
   4.13318   1.51426   5.31605    17.922     5.838   -11.299   -111.56     33.00      1.00
   5.95712   1.40562   6.57542    37.109    27.553    -6.830   -111.40     50.28      1.00
   1.84547   0.93633   0.70348    68.626    10.008    14.206   -111.31     82.41      1.00
   2.32097   2.37286   3.03817    23.224    42.899    23.860   -111.18     59.16      1.00
   4.46135   0.75435   5.00470   -12.247    25.341    42.781   -111.09     56.11      1.00
   1.75773   2.42136   1.47910    34.176    26.269   -26.034   -111.01     60.40      1.00
   0.10441   2.56885   0.04159    22.558    -1.286    24.857   -110.99     45.46      1.00
   4.70488   0.58821   0.29559    46.072    10.628   -20.184   -110.92     51.35      1.00
   0.24077   1.66957   3.46624    12.628    33.118     4.348   -110.86     47.57      1.00
   3.08433   0.52155   4.37263    17.451    21.357   -10.753   -110.64     34.61      1.00
   3.19078   0.72857   6.17045     3.904    -2.353    21.828   -110.63     40.92      1.00
   1.78438   1.63051   1.89100    64.598    34.924   -11.166   -110.60     80.59      1.00
   1.97318   2.33350   4.43672     3.013    30.344    -5.066   -110.46     44.69      1.00
   3.31022   0.84698   3.18687    20.198    29.412    30.332   -110.37     49.87      1.00
   6.01939   1.10990   3.03320    13.013     1.400     6.537   -110.24     38.44      1.00
   6.23685   1.61580   3.10721    26.704    15.430    42.981   -110.20     61.32      1.00
   1.20462   0.83709   1.31364    -4.843    30.293     6.074   -110.18     42.49      1.00
   3.12051   2.03276   3.41989    34.949    29.992   -11.757   -110.17     50.89      1.00
   5.36209   0.24105   1.08254    15.893    28.509    11.310   -110.12     35.39      1.00
   4.34473   2.03224   1.40171    34.578    -8.939    14.730   -110.07     51.17      1.00
   1.71907   1.45918   5.88281    46.227    -5.668    32.823   -110.01     66.74      1.00
   1.89056   2.10361   0.05508    21.545    37.983     8.515   -109.91     55.47      1.00
   4.96712   2.16441   6.03869    51.788     9.577    32.368   -109.84     64.94      1.00
   3.50843   2.72817   2.67404    29.611    -9.263    -2.332   -109.78     49.07      1.00
   5.55262   1.11448   3.17635    -5.959    44.996     9.985   -109.63     50.95      1.00
   0.19981   2.37362   0.26340    19.104    -2.907    23.158   -109.53     42.76      1.00
   5.15501   2.93872   5.72306    75.409    15.323    32.033   -109.52     86.40      1.00
   0.75282   2.83672   1.88151    32.166     3.148    -1.940   -109.44     46.56      1.00
   2.06449   1.78218   3.54077    57.487     5.127   -18.129   -109.43     64.92      1.00
   6.21470   2.18887   4.00208     8.444   -10.570     4.870   -109.41     37.96      1.00
   3.42610   1.02362   1.21300    21.538    -2.562    42.037   -109.24     57.51      1.00
   4.97882   1.32134   4.91696    17.403     8.561    42.962   -109.16     53.01      1.00
   3.17734   1.17070   0.10905    31.180     3.954    18.998   -109.05     51.20      1.00
   2.11610   0.91757   0.67908    29.661    25.148    37.623   -109.03     64.32      1.00
   5.72196   1.03906   3.36966     0.632    48.133    10.123   -108.99     53.33      1.00
   3.14044   1.02886   0.12679    11.911     1.919    23.875   -108.98     44.08      1.00
   0.71127   2.40529   4.59285    38.893    28.104    -6.091   -108.96     60.39      1.00
   1.76960   2.01578   2.40013    40.787    -1.273    13.081   -108.95     55.53      1.00
   5.52634   1.19967   3.47100    -4.520    36.060    -0.612   -108.85     43.10      1.00
   3.60423   2.52236   4.45444    28.031    12.125    -8.538   -108.79     40.92      1.00
   3.97038   1.34588   2.62616     0.652    29.066    27.885   -108.77     45.68      1.00
   5.88147   1.88369   3.97279    -7.010    12.240     7.005   -108.73     32.42      1.00
   1.57564   1.47218   5.99423    -1.879    14.761    -0.522   -108.70     30.91      1.00
   2.34248   1.91027   1.81713    50.315    -2.612    -9.468   -108.62     64.13      1.00
   2.84566   2.30760   2.50210     7.257    -0.689    34.103   -108.58     49.63      1.00
   0.16196   2.23517   2.24853    32.175    37.285    28.933   -108.54     65.53      1.00
   4.81725   1.36922   3.66768     0.589     2.841    50.807   -108.54     58.28      1.00
   3.41740   2.41559   2.95073    29.425    39.255    36.614   -108.21     66.25      1.00
   4.90203   0.35747   0.89736    37.167    -7.302    14.572   -108.20     40.35      1.00
   5.22304   2.60193   2.87097    31.659    35.847    28.783   -108.16     66.09      1.00
   1.54535   1.00918   0.23990    -5.785   -12.326    16.202   -108.04     36.79      1.00
   6.15358   0.74720   0.67940    -6.292    12.418    12.665   -107.93     23.52      1.00
   4.15571   1.65910   1.49276    29.329    -4.932    -0.296   -107.87     41.39      1.00
   1.26683   2.12058   2.15392    68.802    36.426    -2.811   -107.87     83.33      1.00
   4.95837   1.41710   4.19796    23.818     7.795    -5.438   -107.72     38.76      1.00
   2.33184   0.99700   1.49108    23.930    19.797    40.940   -107.68     61.09      1.00
   0.61172   1.15475   3.06642    20.578     1.440    45.196   -107.42     58.54      1.00
   4.99095   1.77391  -0.21047    37.049    40.273     3.924   -107.31     55.59      1.00
   2.20849   0.78435   4.89285    -4.915     5.629    36.495   -107.27     41.03      1.00
   5.84785   2.01289   3.11457    13.314    -3.889    10.088   -107.16     40.01      1.00
   2.16864   0.37135   3.09756    28.277    12.220    37.304   -107.13     49.94      1.00
   2.83274   1.49847   2.89152    37.173    11.577   -15.728   -106.95     46.48      1.00
   5.69604   1.02222   0.88800     8.082    14.524     2.158   -106.87     25.09      1.00
   2.52210   1.70456   3.93997     3.080    -2.412    21.865   -106.73     35.08      1.00
  -0.05237  -0.06380   0.12409    12.514    31.917    15.930   -106.66     38.07      1.00
   4.39497   0.78214   0.60535    44.649     6.041   -23.538   -106.65     51.72      1.00
   1.89265   1.31065   5.84768    35.114   -17.797    13.126   -106.61     53.86      1.00
   0.27085   1.13340  -0.04586    45.637     1.286    -3.447   -106.59     50.87      1.00
   5.78922   0.26930   0.82160    25.305    25.998     3.886   -106.33     38.43      1.00
   5.45406   1.30122   2.76425    20.566    -4.113    28.597   -106.31     48.65      1.00
   6.01531   2.09732   5.02048    41.294    10.191   -10.791   -106.29     53.54      1.00
   1.05548   1.13664   3.65067    40.291    27.252     1.092   -106.28     53.71      1.00
  -0.14145   1.82381   5.31618    11.417    -2.510    32.352   -106.20     40.38      1.00
   0.82447   1.34711   4.79137    57.344     3.043    32.748   -106.14     68.23      1.00
   3.24010   1.10340   5.83659    28.184    -2.633    19.851   -106.05     49.33      1.00
  -0.07220   1.80419  -0.08175    31.861   -10.124    21.092   -105.99     46.15      1.00
  -0.15642   0.83685   3.73578     0.027    40.774     3.872   -105.88     45.99      1.00
   0.88029   0.85250   3.22185    11.419    47.738     7.836   -105.88     53.75      1.00
   4.53083   2.08474   5.53581     8.361    31.012     5.779   -105.86     38.76      1.00
   0.39435   2.11554   3.44125    44.897    22.751   -13.106   -105.83     64.67      1.00
   5.14155   1.36889   4.15838    -3.245    -1.125    47.616   -105.73     55.34      1.00
   2.78092   2.19243   3.80326    32.815     1.450    -3.533   -105.73     42.62      1.00
   1.38228   1.97214   2.18569    23.403    45.805    23.321   -105.68     62.37      1.00
   3.43202   1.22190   1.21146     6.065     4.183    35.540   -105.64     48.67      1.00
   3.40200   0.56724   2.43965    15.418    31.435    36.143   -105.55     52.20      1.00
   2.66775   2.57193   3.23977    23.930    42.832    28.101   -105.46     60.81      1.00
   5.10707   0.06920   3.84139     4.862    -4.255    34.179   -105.13     48.43      1.00
   0.54700   0.63754   1.85961    64.734    11.015    24.094   -104.97     80.29      1.00
  -0.01578   1.86771   4.80137    31.422    48.902    10.920   -104.63     61.58      1.00
   1.25406   3.03801   2.42338    17.168    -0.135     5.165   -104.58     38.02      1.00
   0.34281   0.85465   3.43518    24.752    24.686    -4.402   -104.52     45.79      1.00
   0.73218   1.48393   3.22139     2.535    12.211     3.742   -104.42     36.52      1.00
   5.07454   1.64990   4.00838    34.991     3.756    -4.207   -104.40     48.36      1.00
   4.74705   1.99398   5.03630    53.572    18.009   -13.858   -104.39     61.51      1.00
   5.76814   1.47866   5.92809    11.404    20.388     1.434   -104.08     27.90      1.00
   2.34338   2.07237   5.86478    35.770    -2.347    32.930   -104.00     61.66      1.00
   1.60710   0.26385   2.05547    53.092    30.623    34.617   -103.95     75.06      1.00
   1.60364   0.65190   0.29271    56.679    10.360    28.810   -103.77     74.46      1.00
   5.94396   0.43083   5.73770    11.653    13.919     1.789   -103.77     19.36      1.00
   0.80654   0.84816   1.25981    62.243    20.678    23.738   -103.66     79.01      1.00
   3.97797   0.64679   2.27400    22.391    32.674    30.793   -103.56     52.48      1.00
   5.63794   0.77179   0.07358    40.439    -3.072    27.501   -103.55     48.09      1.00
   6.09743   2.14047   5.94978   -24.227    17.544    21.599   -103.27     42.33      1.00
   2.82693   1.56204   5.92931    58.459    26.021   -16.762   -103.27     74.42      1.00
   3.50007   0.83317   2.71200    13.314    24.979    41.623   -103.24     53.91      1.00
   1.16568   1.36695   4.00224    20.490   -15.265    22.504   -102.94     42.59      1.00
   5.82879   2.75796   6.57468    16.643     4.070     1.628   -102.49     35.84      1.00
   2.35376   2.06991   5.33555    36.582    -0.812    37.908   -102.39     63.05      1.00
   1.13999   0.71931   2.67139    15.379    53.297    25.831   -102.29     63.68      1.00
   1.22174   2.14647   3.72707    28.706     8.952   -17.312   -102.16     49.33      1.00
   2.00068   2.24747   5.10892    36.902     8.844    42.406   -102.04     66.16      1.00
   4.18042   1.99206   0.98619    38.998    -9.287    14.782   -101.92     53.92      1.00
   5.28174   2.91201   3.28590    10.652    11.284    42.521   -101.74     56.14      1.00
   0.26899   2.04265   3.24008     0.114    22.361     7.713   -101.72     41.57      1.00
   1.15454   1.16503   5.39411    38.025    -9.120     5.308   -101.72     45.63      1.00
   1.22167   2.11359   3.66671    -9.822     0.825    13.303   -101.53     37.56      1.00
   2.39697   0.34640   4.24166    25.641    15.530    40.601   -101.43     52.12      1.00
  -0.17548   2.74487   4.60380   -12.642    -8.038     7.812   -101.05     36.21      1.00
   4.14210   1.89986   1.06388    15.126    36.992     8.737   -100.61     50.46      1.00
   3.00171   2.26221   5.49670    29.377    13.143    31.181   -100.54     56.32      1.00
   3.13864   0.68791   0.01400    20.809    23.566    50.447   -100.07     67.87      1.00
   2.12377   1.31222   2.72171    53.479     6.888    25.964    -99.98     65.36      1.00
   4.61262   2.07975   1.16330    76.594    28.637    15.303    -99.98     89.53      1.00
   5.66329   2.38803   2.41722    23.616    31.635    26.404    -99.46     59.00      1.00
   2.79939   2.30921   3.27479    42.104    46.098    12.974    -99.42     66.29      1.00
   0.21571   1.71786   1.27039    31.692    37.894    38.624    -97.98     67.28      1.00
   0.81923   0.34295   2.52869    29.789    -2.500    38.881    -97.35     60.67      1.00
   5.72796   2.29858   1.41731    70.994    12.661    21.649    -97.13     81.31      1.00
   5.65791   2.09917   2.95218    65.770    19.483   -10.722    -96.90     81.27      1.00
   0.14494   0.62076   6.14596    17.064    24.024     5.300    -96.86     30.93      1.00
   2.83277   0.80106   2.49132    37.867    41.338   -14.185    -96.75     57.40      1.00
   0.35293   1.57205   4.92581    24.070    40.202    11.846    -96.74     51.06      1.00
   0.40003   1.56139   5.00356    31.867    -1.804    35.754    -96.55     51.50      1.00
   5.21958   1.93975   1.61394    28.797    -0.214    38.438    -96.01     56.90      1.00
   4.86780   2.06464   0.65360    12.447    29.612     3.948    -95.44     42.52      1.00
   3.47079   0.83867   4.40004    49.298   -10.182    -4.242    -95.32     58.46      1.00
   3.64564   0.86641   3.78914    53.024    -2.472    -8.075    -95.11     59.33      1.00
   5.84132   1.74808   4.55476   -11.987    -6.982    30.985    -95.05     42.79      1.00
   2.74980   0.94225   3.06018    47.613     0.392    24.257    -95.03     56.41      1.00
   6.37530   2.30139   3.30306    14.501     3.287    -1.968    -93.97     40.30      1.00
   2.66484   1.42666   2.32745    14.691    49.237    29.949    -93.81     62.96      1.00
   1.58330   2.53253   4.73799    27.467    34.117    28.905    -93.80     62.56      1.00
   4.81447   2.02432   5.54648   -24.523    11.256    25.174    -93.47     45.90      1.00
   5.52988   1.81527   3.48665   -11.621    -5.458    43.426    -93.07     53.35      1.00
   2.68531   0.72604   4.55310    29.745    16.686   -14.786    -92.16     41.53      1.00
   1.97877   0.33030   0.05363    -3.672     1.673    -5.881    -91.74     28.85      1.00
   5.28068   0.88258   5.55237    28.020    35.553    37.045    -91.20     57.35      1.00
   2.92979   0.89282   4.56257    -8.100    23.119    45.721    -90.33     56.31      1.00
   2.61800   1.12882   2.57227    10.552    50.025    22.392    -89.15     58.12      1.00
   2.46428   1.63402   1.45909    75.687     5.487     7.325    -89.04     86.15      1.00
   5.94470   2.05144   2.93319    50.529    17.762   -24.874    -88.64     72.50      1.00
   5.42276   2.67474   6.17571    49.987     8.438   -14.343    -88.60     59.34      1.00
   3.11448   2.89832   3.91526    55.261    37.969    25.143    -88.01     74.36      1.00
   1.30363   1.47917   1.35830    39.596    15.710    36.717    -87.20     66.39      1.00
   2.28205   1.54272   1.96502    10.946    34.541    -1.413    -86.99     45.12      1.00
   2.18781   1.54006   1.98331    10.917    36.052    -0.434    -85.25     46.30      1.00
   5.84309   2.66797   0.88514    41.059    13.304   -10.107    -82.29     53.88      1.00
   2.47047   0.33313   3.12852    58.748    22.158    24.610    -77.75     66.52      1.00
   3.91215   1.46451   1.00724    45.966    -9.267    19.722    -73.14     59.58      1.00
   4.76072   1.07001   5.97131    65.100    26.026    25.210    -67.06     74.43      1.00
   2.34686   1.55333   1.35519    -0.318    12.451    -3.229    -56.08     36.05      1.00
   6.32128   1.85809   4.43440   -13.986     6.311    11.620    -55.87     32.58      1.00
