Grid spacing:     1.200
Angle step:    15.000
Initial rotation:     0.00000   0.00000   0.00000
6VZX_lys_site.pdb      28.045     9.673     8.401
R5_LOX169_417_H292A_H294A_H296A.pdb       7.844    -1.179    -5.868
   3.88940   2.03492   4.10954    30.106   -10.124     8.756   -274.88     40.01      1.00
  -0.02892   2.02342   2.51565    11.334     1.787    -3.546   -272.56     40.94      1.00
   3.11887   2.60533   0.40746    12.630    32.412    12.850   -264.63     54.08      1.00
   2.86722   1.49062   1.14926     0.513   -10.170    27.866   -263.05     44.21      1.00
   2.75149   1.40124   1.20501    -0.412   -10.948    25.261   -262.51     42.68      1.00
   5.62121   1.58576   5.58664    19.122    19.705    -6.837   -259.76     36.58      1.00
   2.83911   1.46477   1.17820    -0.026   -10.275    27.251   -259.23     43.70      1.00
   5.46277   1.75956   5.50326    18.731    15.291    -8.209   -259.19     35.52      1.00
   2.21128   1.25770   0.74055    20.509    12.399    37.704   -256.44     57.68      1.00
   0.08372   1.87096   2.47415    12.648    -1.448    -1.993   -255.91     41.00      1.00
   2.20843   1.26568   0.73831    20.918    12.782    37.562   -255.13     57.87      1.00
   2.27620   0.77354   5.48938    33.190    15.256    -7.241   -253.20     49.07      1.00
   3.85067   2.15275   4.14015    21.061   -10.852    13.807   -253.17     35.64      1.00
  -0.04171   2.08999   2.55353    11.245     3.331    -4.219   -252.05     41.33      1.00
   2.31415   0.77816   5.47237    33.877    15.539    -7.400   -251.88     49.85      1.00
   2.90633   1.53783   1.08525     1.863    -9.768    28.824   -250.96     45.13      1.00
   2.26497   1.88546   5.66002    25.296     5.573    -8.042   -250.92     48.44      1.00
   3.41580   1.18554   2.60572    -0.656    -3.063     7.239   -249.72     20.09      1.00
   3.85935   1.69743   4.14345    21.675   -10.752    17.723   -248.97     37.07      1.00
   2.29582   1.86835   5.68400    25.532     6.295    -7.891   -248.73     48.78      1.00
   3.36017   1.24273   2.66033    -1.157    -1.768     5.996   -248.30     19.79      1.00
   2.73621   1.34179   1.22305    -1.258   -11.302    24.268   -246.44     42.07      1.00
   2.24819   0.75198   5.49891    32.769    15.400    -7.432   -246.09     48.65      1.00
   0.99384   1.31062   1.93178    22.213   -10.271    16.348   -244.74     47.60      1.00
   1.96276   0.85166   0.82628    24.760    -2.168    27.958   -244.64     52.99      1.00
   2.32339   0.71963   5.47114    33.002    16.319    -7.111   -244.51     49.28      1.00
   2.65698   0.19985   0.06986    28.811    31.167    10.478   -244.43     60.40      1.00
   1.90338   1.28655   1.24190    19.835     1.012    35.011   -243.24     53.35      1.00
   5.67005   1.53390   5.61113    19.344    21.045    -6.107   -242.74     36.98      1.00
   4.99184   1.48432   4.49047     7.497     0.313    -1.698   -242.23     28.55      1.00
   3.36960   2.35519   0.76696    23.641    32.949    14.257   -241.68     59.22      1.00
   4.94607   1.48626   4.48276     7.703    -0.561    -1.370   -241.19     28.55      1.00
   3.66805   1.62006   3.99765    15.384    -9.206    24.471   -240.55     36.09      1.00
   2.81943   0.16319   6.21080    29.352    31.163    11.385   -240.54     60.79      1.00
   3.72304   0.86935   2.35104     5.217    -5.395     9.509   -240.09     20.49      1.00
   3.39293   1.82718   3.59394    38.230    -2.032    22.729   -239.95     47.99      1.00
   0.58055   2.08831   1.88004    16.807   -10.567     9.746   -239.51     41.59      1.00
  -0.01567   1.78996   2.88658     9.351     6.564    -2.598   -239.21     39.90      1.00
   3.40154   1.85243   3.60005    38.150    -2.620    22.496   -238.82     47.93      1.00
   4.36109   2.33824   0.95381     6.429    18.920    40.014   -238.44     57.96      1.00
   4.09790   2.30587   0.77561     8.441    16.037    40.906   -238.00     58.18      1.00
   3.62895   1.86763   3.92645    31.900   -10.352    14.384   -237.88     41.74      1.00
   3.43734   1.08642   2.55312    -0.161    -4.306     8.116   -237.39     20.09      1.00
   0.35312   1.63797   2.13030    12.602    -8.202     4.874   -237.28     40.03      1.00
   2.93355   1.86791   0.71520    -1.433    25.378    36.945   -236.99     55.54      1.00
   3.58759   1.97838   3.89579    22.735   -10.407    18.800   -236.94     37.35      1.00
   3.66025   2.24602   3.90648    24.697    -8.043    19.235   -236.90     39.13      1.00
  -0.04165   2.05522   2.37959    19.579     2.489    -6.469   -236.14     45.82      1.00
   2.13520   1.05327   0.69518    26.509     2.709    31.360   -236.00     55.93      1.00
   2.72958   1.20638   1.21913    -1.128   -11.230    23.272   -235.41     41.52      1.00
   4.81270   1.48621   4.44856     8.327    -2.995    -0.207   -235.40     28.64      1.00
  -0.01844   1.72255   2.84624     9.737     5.008    -2.816   -235.23     39.73      1.00
   0.31550   1.67801   2.13839    12.923    -8.069     4.231   -234.95     40.18      1.00
   5.71751   2.24046   1.58006    14.815     5.441    -6.822   -234.19     41.60      1.00
   5.29230   1.49033   4.59201     6.298     6.148    -3.300   -233.90     28.76      1.00
   3.44691   3.01428   0.64499    11.421    31.239     9.493   -233.71     52.05      1.00
   4.10880   2.33489   0.77461     8.839    16.505    40.770   -233.13     58.38      1.00
   2.98445   1.38562   1.07093     1.113   -10.000    29.600   -232.55     45.39      1.00
   2.19954   1.08690   0.62490    26.674     3.654    31.503   -231.95     56.23      1.00
   3.62686   3.08397   3.83942    -1.962    29.103    17.210   -231.66     45.06      1.00
   3.24419   1.68079   2.91751     2.992     9.624     0.220   -231.48     24.00      1.00
   0.11831   1.81416   2.24449    10.750    -4.293     0.295   -231.11     39.23      1.00
   4.76202   2.27418   5.06218    20.233    -0.726    -5.929   -231.08     34.10      1.00
   4.72544   1.48822   4.41898     9.133    -4.320     0.677   -230.92     28.88      1.00
   1.82858   0.88441   0.90702     8.148    -3.409    36.134   -230.65     49.63      1.00
   2.00682   0.48438   4.88088    33.163    30.178    -3.045   -230.57     48.27      1.00
   4.83535   2.14735   5.01015    20.271    -0.505    -6.007   -230.41     33.74      1.00
   3.37156   1.44111   3.07021    -2.331    15.737     5.745   -230.32     24.20      1.00
   2.91022   1.82388   0.68598    -2.083    24.606    37.502   -230.27     55.55      1.00
  -0.04969   1.91187   2.93959     9.195     9.118    -3.248   -230.17     40.52      1.00
   2.77726   1.73227   0.78389     0.108    22.618    39.563   -230.00     55.82      1.00
   0.46323   2.27253   2.29240    -1.133    28.621    11.410   -229.14     48.38      1.00
   1.56915   2.00371   1.05453    31.469    -5.468    -4.484   -229.12     49.85      1.00
   0.39949   2.31286   2.27420    -0.778    29.330    12.458   -229.11     49.15      1.00
   4.68459   2.29111   4.95263    20.942    -1.792    -5.733   -228.83     34.38      1.00
   3.28606   1.41242   3.82016    17.659    -4.541    32.418   -228.77     39.68      1.00
   2.04045   3.24381   5.41397     9.750    29.088     6.718   -228.59     50.03      1.00
   0.06856   1.53822   5.28338    -1.952    -6.916     8.195   -228.54     24.60      1.00
   2.17691   0.47550   4.73560    33.191    30.877    -1.788   -228.52     48.62      1.00
   2.99918   1.29316   1.06585     1.020   -10.404    29.034   -228.23     45.04      1.00
   2.54422   3.22167   5.94215    10.249    29.699     7.756   -227.69     50.49      1.00
   3.24351   1.72101   2.91610     2.666    10.212     0.322   -227.41     24.53      1.00
   0.09585   1.44848   2.63649    15.761    -7.971     3.706   -226.92     42.44      1.00
  -0.22575   2.17839   2.46171    19.139     6.113    -8.731   -226.64     46.63      1.00
   3.37143   1.46061   3.07543    -2.654    15.953     6.053   -226.57     24.57      1.00
   2.89407   1.20049   1.12761    -0.141   -10.873    26.558   -226.55     43.36      1.00
   1.96377   2.90311   1.57069     8.793    -8.077     8.949   -226.52     32.88      1.00
   5.75787   1.43363   5.60468    19.154    23.328    -4.985   -226.32     37.43      1.00
   4.53851   2.32971   4.75925    22.512    -4.136    -4.001   -226.21     34.98      1.00
   4.48780   2.33447   4.71317    22.798    -4.670    -3.471   -226.16     35.11      1.00
   0.05661   1.46858   2.73419    11.206     0.074    -1.257   -226.16     39.50      1.00
   6.00823   2.26965   2.28961     8.803     9.648    -4.425   -226.05     41.43      1.00
   2.71619   0.77746   3.97958    48.060    12.011    26.802   -226.02     56.33      1.00
   3.32795   1.74545   3.51343    39.098     0.402    24.363   -225.69     49.02      1.00
   2.20111   0.46058   4.75044    34.037    31.141    -1.220   -225.65     49.54      1.00
   2.54666   1.22265   0.00278    33.221    13.593    -9.189   -225.44     57.22      1.00
   2.74957   1.69975   0.80588     0.476    21.899    39.997   -225.42     55.79      1.00
   3.03503   1.35330   1.02775     1.680    -9.857    30.142   -225.36     45.86      1.00
   0.24841   1.39690   5.41912    -3.575    -2.627     5.085   -225.27     21.09      1.00
   5.43852   1.62045   5.19120    10.262    12.798    -5.833   -224.90     30.12      1.00
   2.27528   1.40568   0.52064    20.429    12.822    37.488   -224.50     57.40      1.00
   3.11285   1.22630   3.51977    29.258     1.138    32.097   -224.33     44.29      1.00
   3.43568   1.87864   3.63150    38.269    -3.337    21.719   -224.30     47.87      1.00
   2.17946   1.36117   1.02636    28.786     9.217    34.510   -224.18     59.28      1.00
   5.67822   1.40311   5.29671    10.332    18.554    -4.850   -223.93     31.32      1.00
   1.03676   0.51160   4.97728    26.016    30.919    21.089   -223.87     45.27      1.00
   3.54659   1.05302   4.34404    21.295    -8.505    25.122   -223.71     40.20      1.00
   2.56736   0.80372   3.98403    33.063    15.713    32.719   -223.39     48.79      1.00
   3.92267   1.76291   4.21596    24.191   -10.725    13.943   -223.19     37.52      1.00
   0.82728   1.35967   2.03587    21.537   -10.574    12.609   -223.15     46.53      1.00
   4.12867   2.24381   0.89808     7.679    15.142    41.470   -222.84     57.89      1.00
   4.35467   1.88972   4.45414    17.621    -9.071     5.456   -222.72     32.38      1.00
   2.68316   0.81086   6.11073    35.353    27.344    -4.879   -222.30     62.48      1.00
   2.37882   1.47448   0.60558    20.715    17.831    36.582   -222.08     58.72      1.00
   2.58769   1.12652   1.36196    -2.843   -11.192    20.339   -221.69     39.60      1.00
   1.67441   0.50512   5.17524    33.252    28.494    -5.569   -221.68     47.63      1.00
   5.90775   2.23635   1.62567    15.210     2.442    -5.540   -221.65     41.07      1.00
  -0.07942  -0.09653   2.87091    30.073    30.983    12.873   -221.57     61.32      1.00
   5.09353   2.04615   5.36196    17.630     7.448    -8.604   -221.57     33.97      1.00
   0.39499   2.31580   3.57127    39.864     2.668    22.313   -221.23     61.81      1.00
   0.26195   1.60978   2.16075    11.890    -7.085     2.410   -221.19     39.43      1.00
   2.20540   1.37042   5.89643    19.879    -2.524     5.256   -221.08     40.21      1.00
   0.05508   1.52696   2.64818    15.344    -7.412     2.231   -220.82     42.17      1.00
   0.04601   1.48550   3.38945    34.048     7.940    29.917   -220.78     60.78      1.00
  -0.12995   2.06208   2.75669     9.929     5.384    -4.475   -220.78     40.79      1.00
   0.77635   1.61061   1.22732    -0.690    11.389    -0.754   -220.56     36.10      1.00
   4.06675   1.80500   4.36301    22.321   -11.247    11.633   -220.43     36.47      1.00
   2.20725   1.35748   5.89320    20.019    -2.338     5.050   -219.97     40.23      1.00
   3.60680   1.07744   4.34677    20.715    -9.038    24.257   -219.90     39.79      1.00
   6.27519   1.68653   2.72910    14.001    -5.363    -0.146   -219.84     41.54      1.00
   6.02693   1.42869   4.81608    13.905    23.464    -3.250   -219.57     36.48      1.00
   1.66007   1.31260   5.22473    23.984     1.355     0.114   -219.46     35.54      1.00
   2.69452   1.01923   5.98712    35.494    24.552    -7.435   -219.42     61.48      1.00
   3.26752   1.69924   3.67265    33.259    -8.212    21.231   -219.30     43.57      1.00
   0.63344   0.01078   2.35979    50.833    29.213     8.224   -219.13     74.39      1.00
   1.40531   0.83999   1.37570    25.670    -6.142    26.414   -219.09     52.88      1.00
   5.41878   1.58354   4.76003    32.869    12.881   -14.581   -219.05     46.82      1.00
   1.42620   0.86365   1.31262     8.449    -6.644    34.194   -218.81     48.62      1.00
   2.59133   1.56018   1.43176    33.104    19.923    30.977   -218.81     61.13      1.00
   2.30621   1.18950   0.53404    26.496     5.954    32.225   -218.72     56.84      1.00
   5.87591   2.56192   2.69025     9.651    16.213    -5.398   -218.72     44.33      1.00
   2.25645   2.09229   5.65621    20.782    -0.230    -2.286   -218.66     44.73      1.00
   5.72522   1.87689   0.14876    23.071    19.478    31.854   -218.57     52.49      1.00
   1.21008   0.86384   1.52190     8.083    -8.433    32.127   -218.55     47.50      1.00
   2.54209   3.33252   5.89452    10.083    28.345     4.706   -218.35     49.49      1.00
   1.59349   1.93637   1.02357    32.879    -5.546    -4.821   -218.35     51.25      1.00
   5.31360   0.03043   3.95537    50.735    29.441     8.588   -218.33     74.35      1.00
   2.69124   1.64663   0.84755     1.279    20.722    40.900   -218.26     55.91      1.00
   4.91249   1.83729   0.70543    22.990     3.349    28.138   -218.06     50.50      1.00
   5.44326   1.59391   4.76458    33.378    13.314   -14.461   -218.01     47.22      1.00
   3.32901   1.74666   3.70912    32.984    -8.911    19.717   -217.94     43.10      1.00
   0.42211   1.64324   2.15751    16.783    -9.055     4.929   -217.92     42.58      1.00
   5.58202   1.44823   3.99130    13.066    14.059    33.758   -217.84     50.73      1.00
   2.28246   1.13207   0.51295    26.225     5.523    32.199   -217.74     56.56      1.00
   2.35026   0.44481   4.61272    33.656    31.566     0.146   -217.47     49.39      1.00
   0.53298   2.25016   2.32279    -1.591    27.895    10.790   -217.28     47.66      1.00
   1.63991   0.79376   1.05412     7.842    -6.182    33.605   -217.17     47.98      1.00
   4.89388   1.83089   0.71821    23.115     3.215    27.931   -217.14     50.50      1.00
   1.70392   1.30289   5.21973    23.983     1.805    -0.358   -217.04     35.75      1.00
   3.19271  -0.08538   6.10185    51.431    29.083     9.228   -216.86     74.86      1.00
   5.95471   2.33982   2.31721     8.332    11.459    -4.345   -216.76     41.92      1.00
   1.26540   0.07235   1.55436    30.844    30.592    12.689   -216.71     61.66      1.00
   0.99329   0.16552   4.97261    27.461    28.232    27.293   -216.53     47.53      1.00
   0.47243   0.66213   5.32790    24.033    33.236    15.126   -216.50     44.30      1.00
   5.24592   1.81280   5.08740    19.194     6.566    -8.503   -216.22     33.74      1.00
   0.96332   2.64669   1.88158    20.906    26.546    18.154   -215.99     52.54      1.00
   5.73781   1.76970   0.24636    22.494    17.200    32.677   -215.94     51.68      1.00
   1.38297   1.31704   1.81395    28.300     5.928   -11.235   -215.77     52.68      1.00
   5.11489   2.23850   0.76925    14.030    10.160    33.100   -215.59     51.71      1.00
   2.56148   1.18942   1.36888    -2.951   -11.152    20.278   -215.52     39.60      1.00
   0.19507   1.29036   2.56462    16.972    -9.243     6.815   -215.51     43.37      1.00
   1.63638   0.52989   5.18962    32.824    28.075    -6.201   -215.44     47.15      1.00
   1.39321   0.73252   1.28859     7.165    -8.326    30.885   -215.43     46.35      1.00
   4.78396   1.89804   4.74907    13.636    -3.856    -0.517   -215.41     29.65      1.00
   3.26942   1.75345   2.87530     1.966     9.725     1.022   -215.27     24.60      1.00
   3.05975   1.61879   1.01742     3.241    -8.483    31.769   -214.87     47.18      1.00
   4.98259   2.04331   5.05430    11.331     1.597    -3.890   -214.81     28.69      1.00
   2.07974   0.94394   5.55107    33.410    11.387    -7.230   -214.76     47.84      1.00
   3.98153   2.20630   4.29817    19.151   -11.333    11.385   -214.76     34.38      1.00
   0.03295   1.45905   4.93906     6.530    29.607     7.210   -214.62     37.67      1.00
   5.31954   1.69793   5.05829    10.859     8.623    -5.823   -214.61     29.48      1.00
   0.07069   0.88946   5.33707    23.175    32.487     3.954   -214.61     42.55      1.00
   1.43530   1.31051   1.79769    28.265     4.991   -10.828   -214.46     52.39      1.00
   3.16010   1.99299   2.94297    -5.255    13.917     3.946   -214.04     28.46      1.00
   3.28987   1.67127   3.57389    56.562    -0.275    17.469   -213.99     61.46      1.00
   0.42489   2.05913   1.81417    -6.700   -10.238    15.359   -213.81     35.93      1.00
   2.59518   3.00459  -0.17434    12.424    31.539    12.777   -213.76     52.85      1.00
   3.09033   1.63129   1.01050     3.413    -8.472    32.255   -213.65     47.56      1.00
   5.97662   0.93021   5.79162    20.622    32.279     5.508   -213.65     41.86      1.00
   3.08421   0.96442   4.41852    41.689    -2.002    24.686   -213.11     51.99      1.00
   0.51435   2.24878   2.34334    -0.715    28.580    10.490   -212.92     48.20      1.00
   0.39463   1.66343   2.19688    15.622    -8.160     4.495   -212.78     41.94      1.00
   0.04992   1.52201   5.24718    -1.490    -7.508     8.634   -212.76     25.02      1.00
   1.06256   2.65530   1.92976    20.003    26.590    17.738   -212.55     51.77      1.00
   0.46285   2.21482   2.28783    -0.289    28.525    10.283   -212.53     48.24      1.00
   1.53527   1.98219   1.08571    30.649    -4.578    -5.006   -212.53     49.34      1.00
   3.49732   2.55027   1.69653    11.736    -1.911    37.133   -212.42     51.09      1.00
   5.03036   1.66984   4.88126    44.100    -5.163    18.672   -212.42     56.22      1.00
   5.39308   1.58654   4.71550    32.836    12.229   -14.537   -212.22     46.76      1.00
   4.71638   2.31259   1.24638     4.909    22.234    38.400   -211.97     57.66      1.00
   0.26952   2.19580   1.93727    13.430    -8.461     4.798   -211.94     39.86      1.00
   2.87746   1.55048   1.27910    -1.931   -10.619    28.111   -211.85     43.72      1.00
   2.11824   1.22681   0.65651    21.109     8.564    37.424   -211.84     56.69      1.00
   0.27585   1.11496   2.49152    18.389    -9.689     9.287   -211.42     44.35      1.00
   2.60955   1.54575   2.19601    16.916    11.678    -1.381   -211.27     37.46      1.00
   2.00755   2.11345   5.28986    26.012    -5.874    13.620   -211.25     46.45      1.00
   3.24325   1.24125   3.90061    28.220    -0.503    31.012   -211.17     44.01      1.00
   5.05796   2.01596   5.10455    10.686     2.752    -3.885   -211.17     28.44      1.00
   2.51497   0.66519   4.46793    34.735    31.880     1.974   -211.14     50.83      1.00
   0.71278   2.02278   1.87331    17.734   -11.451    12.586   -211.12     42.59      1.00
   5.14112   2.26828   0.79312    14.164    10.353    33.085   -211.03     51.88      1.00
   4.76433   2.34848   1.26334     5.081    23.169    37.598   -210.66     57.66      1.00
   1.93329   2.14324   5.22022    26.437    -5.626    14.716   -210.62     46.85      1.00
   2.47081   1.14314   1.43780    -3.342   -11.109    18.389   -210.55     38.67      1.00
   3.29867   1.10510   3.93436    54.389    -0.723    18.031   -210.51     59.10      1.00
   1.53426   0.66145   1.24786    22.686    -5.952    23.387   -210.50     49.92      1.00
   4.78297   2.05495   4.98623     3.023    -3.478     2.997   -210.43     26.44      1.00
   5.70773   0.82539   4.92111     0.503   -11.341    16.955   -210.36     33.54      1.00
   0.34387   2.10219   3.39468    29.229    -1.194    26.223   -210.21     55.92      1.00
   0.81290   1.60126   1.22707    -0.036    10.689    -1.143   -210.17     36.05      1.00
   5.50595   1.47481   0.30992     7.071     9.197    41.446   -210.15     50.28      1.00
   3.56380   2.05112   3.72405    37.269    -5.221    18.497   -210.05     46.69      1.00
   0.28595   1.22836   2.33804     3.217   -12.367    16.332   -209.87     39.81      1.00
  -0.06435   0.49050   5.80161    24.665    33.264    16.767   -209.82     45.61      1.00
   2.24379   1.29046   5.93127    19.165    -1.936     3.719   -209.77     39.90      1.00
   2.11243   0.47412   4.32464    48.029    20.715    24.190   -209.69     57.11      1.00
   0.09107   2.62456   2.39581    27.267    23.465    27.338   -209.67     61.46      1.00
   2.13623   1.62039   5.81459    21.258    -3.652     8.681   -209.65     41.65      1.00
   1.40426   1.33087   1.81629    27.903     5.492   -10.968   -209.63     52.24      1.00
   4.71919   2.12754   4.93510     3.825    -4.534     3.841   -209.42     26.74      1.00
   1.18361   2.66324   2.03425    20.561    26.411    17.588   -209.30     51.67      1.00
   0.76783   2.62473   1.74395    21.350    26.112    19.236   -209.27     53.17      1.00
   1.89275   1.67586   1.75883    31.712     0.748    29.860   -208.80     55.53      1.00
   1.86741   1.06369   5.42224     6.455     6.403     3.120   -208.79     27.31      1.00
   0.36266   2.04929   1.84508    -7.908    -8.999    13.815   -208.67     35.48      1.00
   6.01551   1.31517   5.29627    15.497    16.084    -5.047   -208.60     30.75      1.00
   0.54459   2.25446   2.36544    -1.074    28.068    10.034   -208.40     47.72      1.00
   0.62147   2.72312   1.66659     3.929    24.659    27.303   -208.38     49.77      1.00
   3.41333   1.16222   2.90752    -1.377     9.215     4.603   -208.37     18.19      1.00
   4.98602   1.88095   0.66164    22.862     4.335    28.715   -208.36     50.72      1.00
   2.42153   1.51547   0.59414    20.194    18.965    36.334   -208.35     58.76      1.00
   1.31281   0.82398   1.47836    24.973    -6.723    25.558   -208.35     52.22      1.00
   1.12471   1.70598   2.11856   -12.765    12.290     4.862   -208.31     37.92      1.00
   5.51100   1.35124   0.32699    23.905     5.532    33.107   -208.28     48.49      1.00
  -0.08788   2.03236   2.97515     9.135    11.415    -3.677   -208.27     41.23      1.00
   5.68061   2.37792   1.01999    33.197    17.402    25.559   -208.24     59.87      1.00
   5.96511   2.36404   2.51234     9.481    10.083    -5.747   -208.19     42.32      1.00
   1.87933   2.31566   5.25987    21.207    -4.880     1.643   -208.17     44.31      1.00
   1.53082   0.94298   1.28737     9.601    -4.141    36.846   -207.71     50.59      1.00
   3.17385   1.16004   2.45372     8.046    16.780     2.940   -207.67     26.91      1.00
   2.52139   1.78545   0.27538    18.411    20.414    34.651   -207.49     57.63      1.00
   5.45942   1.71631   5.32254     8.820    11.821    -4.841   -207.48     28.88      1.00
   0.19069   0.14002   5.65905    34.689    32.488    16.475   -207.47     50.44      1.00
   0.18751   1.73863   5.58988    33.888    -4.800    -6.210   -207.40     41.51      1.00
   5.07356   1.63483   4.92233    43.808    -5.674    18.054   -207.31     55.87      1.00
   3.07752   1.16170   3.57736    29.973     2.132    32.657   -207.22     44.97      1.00
   2.47430   0.99616   5.02603    10.712    12.928    -0.578   -207.19     32.03      1.00
   0.53625   0.84768   2.24581   -10.550    -9.974    20.886   -207.15     39.58      1.00
   4.22061   2.09484   1.11236    23.242    29.667    -0.562   -207.06     54.77      1.00
   2.97798   1.04789   3.37996    47.130     7.088    26.759   -206.79     55.02      1.00
   2.00449   0.97570   5.56444    32.660    10.089    -7.190   -206.65     46.63      1.00
   3.71322   2.34313   1.81609    46.136     2.524    25.172   -206.47     65.20      1.00
   5.43611   1.67054   1.90913     6.135    31.288    25.686   -206.42     53.60      1.00
   5.39520   1.67416   1.92776     6.291    31.033    26.634   -206.41     53.85      1.00
   3.77468   0.46003   4.51326     6.545    24.672    12.575   -206.33     42.60      1.00
   2.56222   0.57256   4.42143    33.953    32.195     1.753   -206.31     50.18      1.00
   0.07404   1.05258   5.49427    40.933    31.758    -0.554   -206.30     53.99      1.00
   3.21569   1.53544   3.59042    37.713    -1.661    26.588   -205.91     48.21      1.00
   0.00672   1.07352   5.51501    40.677    31.309    -1.977   -205.73     53.74      1.00
   0.77542   2.39477   4.16378    36.992    -8.068    12.411   -205.69     56.69      1.00
   2.10141   1.76827   5.77447     2.117    -4.667    17.654   -205.65     36.13      1.00
   5.84882   0.72737   5.91725    20.018    34.380    11.554   -205.54     44.13      1.00
   1.23559   0.90440   4.21593    27.014    13.865   -11.838   -205.50     39.74      1.00
   0.28037   1.34120   5.44383    -4.075    -1.964     4.361   -205.38     20.32      1.00
   5.50127   1.18651   0.42236    10.970     1.866    36.740   -205.38     44.70      1.00
   1.22432   0.90118   4.22862    27.043    13.659   -11.814   -205.22     39.63      1.00
  -0.02362   2.39748   1.21984     8.064   -17.110    10.848   -205.14     36.67      1.00
   2.19252   0.21741   0.50049    26.949    31.729     9.810   -205.12     59.66      1.00
   3.71723   0.49059   4.54216     6.432    24.586    12.406   -205.05     42.27      1.00
   4.79442   1.56318   4.42274    51.232     1.386    21.736   -205.02     63.67      1.00
   2.10681   1.75597   5.73016     2.616    -4.849    17.422   -204.85     35.93      1.00
   1.80398   1.31576   5.18817    24.205     2.141    -1.647   -204.78     36.66      1.00
   3.85920   0.44047   4.45816     7.025    24.984    12.993   -204.78     43.21      1.00
   1.13821   1.66457   2.03604   -12.354    10.429     4.522   -204.76     37.23      1.00
  -0.01646   1.99980   2.51807    10.286     1.865    -3.116   -204.71     40.37      1.00
   3.25155   1.92826   3.12242     2.765    14.981     0.865   -204.66     27.87      1.00
   2.96081   2.29212   0.31936     1.937     1.349     1.975   -204.65     39.00      1.00
   5.32091   2.47453   2.50415    16.816     0.259    -4.776   -204.63     43.53      1.00
   4.14401   2.19067   4.45057     7.291    -9.959    11.461   -204.58     29.58      1.00
   3.07199   2.85732   3.18084    -3.932    27.463    13.818   -204.49     42.32      1.00
   0.89309   1.99798   1.85087    19.629   -11.046    15.173   -204.36     43.84      1.00
   5.25901   1.66325   4.85417    44.549    -7.197    15.413   -204.13     55.59      1.00
   4.66327   1.92108   4.70299    23.186    -5.183    -3.803   -204.07     35.41      1.00
   3.29694   1.74548   3.67681    33.237    -8.151    20.272   -203.79     43.34      1.00
   2.60784   0.73665  -0.07753    16.820    27.079     2.742   -203.78     51.38      1.00
   5.42520   1.56946   4.74077    14.019    12.525    -7.901   -203.77     33.38      1.00
   5.34368   1.65959   1.93952     6.298    30.858    27.130   -203.73     53.77      1.00
   5.52362   1.83503   4.88772    36.132    16.088   -14.575   -203.69     49.49      1.00
   2.48830   1.60194   1.45631    34.476    17.824    31.917   -203.65     61.67      1.00
   2.74223   1.44022   2.14399    17.306     9.705    -1.385   -203.47     36.61      1.00
   0.27110   1.60429   5.62462    33.187    -2.649    -8.205   -203.40     40.56      1.00
   4.89947   1.89259   4.82290    13.324    -1.959    -1.736   -203.25     29.39      1.00
   4.30692   0.71806   1.75296    11.272    -3.482     6.596   -203.25     21.60      1.00
   3.28467   2.27539   3.15913    -1.059    21.725     6.660   -203.17     34.05      1.00
   4.74588   2.61331   1.60303    10.314    26.617     0.497   -203.09     48.70      1.00
   3.52425   1.26915   1.70773    34.643    -1.612    -0.533   -203.09     47.97      1.00
   3.69479   1.34972   2.04047    -5.247    -6.365    14.421   -203.06     29.05      1.00
   3.76360   2.32486   1.81609    46.373     3.551    25.680   -203.03     65.73      1.00
  -0.04822   3.14816   0.12228    -3.399    28.748    18.322   -202.99     45.24      1.00
   3.10849   2.02480   0.70567    -2.474    27.965    33.444   -202.82     54.91      1.00
   5.34949   1.68451   1.95195     6.899    30.748    27.050   -202.80     53.94      1.00
   5.55891   2.44907   1.08253    34.656    15.333    24.449   -202.77     60.49      1.00
   2.12828   1.34046   1.04196    29.192     8.164    34.165   -202.75     59.15      1.00
   0.72433   2.63179   1.69807    21.380    25.966    19.822   -202.64     53.25      1.00
   2.13932   1.23192   1.48791     4.374    -8.245     8.817   -202.58     37.49      1.00
   0.34558   1.24254   5.41945    -4.610    -0.413     4.038   -202.49     19.35      1.00
   0.17458   2.49974   2.23670     1.285    31.657    16.324   -202.36     52.10      1.00
   0.55434   2.49626   3.73615    39.544     0.048    21.062   -202.33     61.18      1.00
   1.38428   1.53799   1.88012   -11.377     4.871     5.276   -202.30     35.45      1.00
   1.33923   1.54677   2.20188   -12.308     7.755     4.629   -202.26     35.77      1.00
   5.12751   2.05032   5.45161    36.134     7.332   -15.739   -202.23     48.43      1.00
   1.53407   0.64737   1.27115    22.224    -5.665    23.301   -202.20     49.68      1.00
   1.28639   1.78582   0.95165    -4.718    -2.800     5.585   -202.16     32.88      1.00
   0.82289   1.51143   1.40349    29.384    10.485   -12.565   -202.01     52.64      1.00
   6.20536   1.77723   3.62637    38.586    21.000    20.936   -201.90     61.95      1.00
   2.11767   1.23294   1.51159     3.977    -8.077     8.517   -201.74     37.26      1.00
   0.11968   1.59394   5.38237    -1.705    -6.288     7.165   -201.61     23.99      1.00
   2.53828   1.62851   2.12434    17.118    12.915    -1.285   -201.39     38.96      1.00
   5.04866   0.44065   4.19542    38.063    28.674    17.009   -201.33     64.81      1.00
   3.59959   2.10725   3.75461    36.707    -5.976    17.578   -201.24     46.21      1.00
   4.27364   1.66524   4.37201    28.683    -8.762    14.397   -201.18     41.99      1.00
   3.11713   2.78834   3.16414    13.929    26.999     5.338   -201.07     42.73      1.00
   0.86104   1.50131   1.37153    29.798     9.706   -12.693   -201.07     52.72      1.00
   0.16341   2.11818   2.81901    -3.743   -10.206    17.602   -200.82     40.43      1.00
   3.30625   1.01875   4.38393    22.253    -6.934    29.482   -200.82     42.21      1.00
   1.12397   1.69865   2.19082   -12.702    13.442     4.787   -200.82     38.29      1.00
   0.31030   2.07827   3.34632    29.012    -0.662    26.763   -200.74     56.12      1.00
   2.68385   1.15107   5.53865    30.489    19.895    -8.290   -200.67     53.82      1.00
   4.55943   0.84082   4.00191    34.979    27.035    10.170   -200.51     56.72      1.00
   5.92127   2.31238   2.28477    18.513    10.421    -8.402   -200.40     47.17      1.00
   1.54878   1.37154   5.19779    24.698    -0.394     1.296   -200.40     35.85      1.00
   3.59803   1.29833   4.17868    32.883    -3.777    24.913   -200.34     46.41      1.00
   5.69263   0.99085   6.11336    21.018    25.690    -1.354   -200.34     37.84      1.00
   5.15211   0.87060   0.78198    12.753    -3.619    32.316   -200.32     40.86      1.00
   1.16472   1.05518   5.00277    41.033    30.462    19.093   -200.26     56.24      1.00
   1.55885   1.28978   1.71331    29.066     2.466    -9.946   -200.25     52.42      1.00
   2.07109   0.32069   4.14567    28.237    24.655    30.240   -200.23     47.26      1.00
   0.15186   1.74670   2.73795    -1.779     4.298     2.998   -200.12     36.17      1.00
   3.61520   0.50815   4.62176    25.924    26.221     3.588   -200.05     49.89      1.00
   3.22505   2.21691   0.80854    23.566    32.173    20.603   -200.03     59.79      1.00
   1.53027   1.30469   1.75380    28.485     3.020   -10.059   -199.93     52.07      1.00
   3.45485   0.55906   4.69020    23.168    24.374     2.783   -199.92     46.62      1.00
   5.41686   0.74871   0.41521    17.847    21.359    -8.745   -199.87     32.79      1.00
   3.22451   2.04462   3.13360     3.679    16.623     0.380   -199.85     29.85      1.00
   3.22350   1.29851   1.71764    -6.666    -0.663    12.076   -199.79     30.25      1.00
   5.68714   2.59557   1.48203    18.396    11.554    30.801   -199.78     53.86      1.00
   4.99577   1.72103   4.68318    36.262     4.288   -14.941   -199.76     47.88      1.00
   4.05918   1.43790   1.45654    40.741    -4.712     5.646   -199.76     54.66      1.00
   2.84907   2.22051   0.36691    16.168    32.235    22.480   -199.75     57.57      1.00
   1.99328   0.90207   5.60130    31.893    11.327    -7.308   -199.74     46.26      1.00
   5.53593   0.82129   0.23581    18.278    19.087    -9.780   -199.66     32.07      1.00
   6.02509   1.28478   5.31499    15.098    16.226    -4.555   -199.63     30.31      1.00
   3.37388   1.77563   3.66536    15.811    -8.873    27.074   -199.59     36.80      1.00
   5.87867   2.48259   2.77111    10.085    15.542    -6.121   -199.57     44.01      1.00
   5.47344   1.43237   0.32017     7.281     8.051    41.591   -199.50     50.14      1.00
   2.86172   2.40354   0.28827    14.539    32.558    19.396   -199.49     56.18      1.00
   2.50864   2.15984   1.09976    33.543    -9.247    14.680   -199.45     54.03      1.00
   2.57770   2.23716   1.12436    33.945    -8.949    15.861   -199.34     54.41      1.00
   4.19158   2.27793   4.40011    25.047    -8.014     0.185   -199.31     36.29      1.00
   1.25731   1.77482   0.96432    -5.047    -2.268     5.283   -199.30     32.82      1.00
   1.86576   1.09564   5.58807    32.767     7.087    -6.997   -199.19     45.84      1.00
   2.42933   1.64299   1.51849    24.376    13.465    36.080   -199.12     56.18      1.00
   1.23120   1.56611   2.01967   -11.215     8.815     4.434   -199.12     36.45      1.00
   1.90626   1.07700   5.57439    33.006     7.900    -7.198   -199.09     46.32      1.00
   3.22320   1.29911   1.71252    -6.574    -0.711    11.990   -199.08     30.27      1.00
   5.47509   1.15805   5.08690     0.858   -11.973    21.958   -199.04     36.40      1.00
  -0.09075   1.61966   0.56835     2.232    23.539     3.853   -199.03     37.10      1.00
   6.17592   1.59507   0.58621     2.232    23.929     4.202   -198.99     37.35      1.00
   0.01671   0.32961   5.77386    25.231    31.878    21.119   -198.94     46.29      1.00
   5.99035   2.28161   1.31839     2.508   -14.241     5.107   -198.93     34.29      1.00
   4.87793   2.36390   1.29855     4.527    24.604    36.755   -198.76     57.72      1.00
   3.45666   1.77928   3.76997    33.579    -9.110    17.872   -198.68     43.20      1.00
   2.76855   1.43332   2.15447    17.092     9.566    -1.140   -198.68     36.15      1.00
   0.77698   0.71732   1.90534     4.518   -10.998    23.445   -198.67     42.23      1.00
   4.97823   1.02131   3.86394    38.679    25.620    16.276   -198.62     60.65      1.00
   0.02075   2.41381   3.23354   -18.734    21.599    13.020   -198.62     44.39      1.00
   1.68356   2.04519   1.05602    32.202    -7.462    -2.835   -198.51     50.47      1.00
   2.39054   1.74855   5.88813    24.902     6.667    -8.337   -198.47     49.16      1.00
   1.09464   2.65617   1.92268    19.246    26.345    17.785   -198.42     51.14      1.00
   3.80386   2.32425   1.84960    46.462     3.803    25.683   -198.20     65.76      1.00
   5.47550   1.59801   5.39535    49.747    12.365   -20.457   -198.00     60.41      1.00
   2.08635   1.14737   4.42281    32.454    31.816     0.226   -198.00     50.55      1.00
   5.42066   2.38617   2.55335    17.427    -1.669    -3.235   -197.96     43.58      1.00
  -0.50175   2.63571   2.77609    10.623    19.561    -5.275   -197.94     45.69      1.00
   2.46444   1.60945   0.95759    49.259    17.333    24.617   -197.68     71.52      1.00
   5.25914   1.60061   4.92561    27.305    12.207   -15.037   -197.67     42.63      1.00
   2.23960   0.87884   4.64165    34.796    13.446    33.093   -197.67     51.18      1.00
   3.11639   1.25170   2.52226     8.033    18.183     3.796   -197.52     28.11      1.00
   3.90750   1.65545   4.78034    37.527    13.335    30.144   -197.29     59.09      1.00
   3.48859   1.21295   2.58305     3.500    -1.639     4.721   -197.29     20.02      1.00
   3.79483   1.69301   1.73972    36.653    -3.694    -2.040   -197.24     51.62      1.00
   3.97271   1.60284   4.22592    32.419    -5.760    21.103   -196.96     45.79      1.00
   4.21235   0.59219   4.16331     7.976    26.349    16.142   -196.73     45.08      1.00
   5.22990   2.56123   2.47862    15.902     2.218    -5.487   -196.72     43.31      1.00
   3.28805   2.50404   1.58179    10.083    -4.182    35.997   -196.65     49.79      1.00
   5.89852   1.47318   4.76419    14.923    21.034    -4.845   -196.56     36.32      1.00
   1.50419   1.21146   1.43999     5.971    -9.597     4.151   -196.52     37.64      1.00
   5.22062   2.25996   0.81076    13.549    11.017    32.991   -196.49     51.56      1.00
   6.03744   1.53708   4.99407    34.060    24.133    -9.172   -196.45     48.94      1.00
  -0.21855   1.24607   5.32329    20.592    27.252    -2.543   -196.43     39.38      1.00
   4.93543   1.91576   0.73084    24.136     4.270    28.044   -196.38     51.61      1.00
   0.23992   1.37673   5.01095     8.191    30.982    10.818   -196.32     38.86      1.00
   3.71617   1.85933   3.90338    28.552    20.603    -8.743   -196.28     44.09      1.00
   5.01021   1.03360   5.31902    39.862    -9.031    14.103   -196.27     54.10      1.00
   4.26585   1.84994   4.40793    26.985    -9.111    13.633   -196.24     40.24      1.00
   4.16175   0.60800   4.19460     7.623    26.376    15.987   -196.21     44.83      1.00
   2.42173   1.57220   0.97562    49.112    16.200    24.930   -196.16     71.22      1.00
   4.92061   2.14337   0.64029    14.424     7.604    33.212   -196.14     51.28      1.00
   1.31834   1.73913   0.91180    -3.405    -3.028     5.208   -196.04     32.96      1.00
   3.60132   2.49573   1.75923    11.194    -1.254    37.990   -195.96     51.53      1.00
   3.42189   0.62026   5.42777    37.170    29.772     1.603   -195.89     63.01      1.00
   1.92732   1.24396   1.67301     3.297    -5.929     5.468   -195.88     36.28      1.00
   0.32050   0.99430   2.87849    39.788    26.525    15.531   -195.85     66.07      1.00
   5.16992   2.61023   5.46259    31.412   -12.643    12.741   -195.84     43.85      1.00
   4.94626   1.98093   0.80848    25.959     5.028    27.880   -195.82     53.20      1.00
   4.11516   2.75638   4.15731     1.906    26.848    24.899   -195.80     45.51      1.00
   3.23122   2.21665   2.96687     7.985    25.518     9.259   -195.79     37.44      1.00
   5.39665   2.41605   0.90564    15.438    13.501    32.591   -195.78     52.98      1.00
   3.81967   1.66086   1.77038    36.307    -4.371    -1.056   -195.78     50.95      1.00
   0.03725   1.85900   4.43275    39.286     1.911    20.721   -195.76     54.87      1.00
   4.70863   1.38228   5.21359    42.045    -4.406    20.058   -195.74     57.09      1.00
   1.51209   1.49597   2.13091   -12.713     4.262     5.222   -195.66     34.83      1.00
   5.52883   1.49759   5.27764    10.852    14.743    -6.533   -195.65     30.60      1.00
   2.71110   0.58149   3.54359    29.874    17.530    33.794   -195.64     47.55      1.00
   2.05531   1.82565   5.64841     3.289    -5.102    18.897   -195.55     36.48      1.00
   2.17778   1.57627   1.55824     5.528     6.479    42.313   -195.53     51.73      1.00
   5.19409   1.66681   4.92775    28.743    10.115   -15.095   -195.40     43.06      1.00
   4.70489   1.80057   0.83254     5.568    -0.104    33.813   -195.38     47.26      1.00
   3.19951   2.60043   1.52774    11.384    -4.774    35.083   -195.37     49.56      1.00
   1.55116   1.38327   5.33825     7.983    -0.327     7.356   -195.33     27.19      1.00
   2.62934   2.17937   1.10402    35.282    -8.281    16.735   -195.17     55.84      1.00
   2.55807   1.96646   1.23539     3.068   -10.939    27.335   -195.16     43.85      1.00
   4.45646   1.62816   0.90643    35.587    -1.249    17.494   -195.03     54.61      1.00
  -0.00366   2.62552   1.42691    33.836    24.302    20.966   -194.98     61.47      1.00
   2.41567   2.07699   1.05754    33.031    -9.667    12.743   -194.96     53.52      1.00
   3.21493   1.30838   1.71038    30.526     1.876    -2.562   -194.95     46.21      1.00
   1.68018   1.15165   1.48813    -2.798    -2.784    40.141   -194.93     49.92      1.00
   5.46117   1.12464   5.09213     1.421   -11.899    22.072   -194.87     36.60      1.00
   5.69960   2.09727   6.02518    15.946    13.528    34.503   -194.85     48.14      1.00
   5.56319   2.46323   0.09942    24.868     8.121    29.227   -194.70     49.49      1.00
   5.74468   2.58137   1.52643    18.467    11.426    31.071   -194.67     53.98      1.00
   5.97106   2.33839   1.11221     5.412   -15.099     5.830   -194.58     34.37      1.00
   0.66133   1.76052   5.02828     5.291    -4.531    24.202   -194.52     34.92      1.00
   3.25636   1.28030   1.69033    12.106    -0.164     5.192   -194.38     33.59      1.00
   1.86194   0.82011   4.71118    34.467    20.078    31.894   -194.37     51.53      1.00
   3.19808   2.54968   1.52022    10.615    -4.914    35.044   -194.28     49.36      1.00
   2.50055   2.10417   1.07422    33.874    -9.248    14.187   -194.19     54.41      1.00
   4.62977   2.53887   1.21069     8.527    22.321    37.741   -194.08     58.51      1.00
   4.86795   1.89333   0.79968     4.985     2.512    36.015   -194.06     48.90      1.00
   5.58596   2.38075   5.84285    15.285    20.002    32.108   -194.05     49.25      1.00
   3.71332   2.37942   1.60074    30.373     3.375    31.948   -194.04     58.06      1.00
   3.93447   1.57966   1.81936    35.713    -6.036     1.887   -193.96     49.71      1.00
   2.33236   0.74430   5.39447    -4.242    14.474     7.279   -193.94     31.85      1.00
   3.21624   1.20061   2.36611     9.989    15.854     2.402   -193.87     28.08      1.00
   2.14873   1.13112   4.38510    32.016    32.060     1.293   -193.81     50.17      1.00
   4.67280   1.38404   5.22700    42.157    -4.136    20.335   -193.72     57.38      1.00
   4.15850   1.34781   1.31352    41.813    -4.761     7.496   -193.70     55.46      1.00
   1.42826   1.54000   5.14950    29.895    -2.377     1.786   -193.66     41.00      1.00
   0.43486   1.01306   5.10848    19.280    34.915    14.797   -193.61     44.54      1.00
   3.41054   2.72992   3.51012    14.091    27.821     6.361   -193.59     43.05      1.00
   2.51172   1.45439   5.90290    33.718    16.504   -11.843   -193.55     58.10      1.00
   3.44825   1.13458   2.58541    19.070    -3.202     0.335   -193.53     27.72      1.00
   5.66585   2.32391  -0.33552    14.952    19.189    32.892   -193.40     49.26      1.00
   0.91375   1.49131   1.38884    30.025     8.843   -12.354   -193.38     52.80      1.00
  -0.35444   2.25678   1.33319     1.142   -13.172     3.819   -193.21     33.73      1.00
   3.39467   1.20676   1.62221    12.030    -1.914     6.727   -193.16     33.35      1.00
   3.03723   1.97523   0.80727    -0.389    27.867    34.474   -193.15     55.20      1.00
  -0.39272   2.58041   1.62292    18.282    12.687    30.784   -193.14     54.00      1.00
   5.47925   2.35566   2.57476    17.421    -2.415    -2.537   -193.10     43.58      1.00
   2.99488   0.85177   3.27175    29.177    11.979    34.263   -193.05     46.38      1.00
   0.64063   1.78270   4.98326     5.393    -4.514    24.664   -193.04     35.56      1.00
   2.04655   1.19710   1.59638     3.266    -7.716     7.601   -192.96     36.76      1.00
   2.61979   0.68279  -0.03134    18.156    27.026     2.699   -192.94     52.04      1.00
   5.90627   0.98851   3.63532     3.462    -0.262     5.657   -192.93     33.57      1.00
   3.66803   0.94225   4.34264    29.391    -8.590    19.347   -192.93     43.19      1.00
   1.73924   1.18548   5.45477    25.440     4.865    -4.043   -192.85     38.27      1.00
   4.89428   0.77372   4.17844     2.301    -5.871    -5.296   -192.83     30.11      1.00
   2.69202   3.72101   4.19039    33.585    20.320    23.645   -192.80     60.37      1.00
   5.44768   1.25140   4.45437    29.026    12.837   -18.255   -192.77     47.23      1.00
   1.26390   1.63310   2.37137   -12.826    12.072     5.014   -192.67     37.07      1.00
   1.41922   0.52898   4.60915    19.955    30.124    28.026   -192.65     44.99      1.00
   3.99167   1.49757   1.37867    41.000    -4.314     4.810   -192.61     55.75      1.00
   1.56041   1.39981   5.30250     8.312    -0.730     7.445   -192.58     27.39      1.00
   0.32432   0.81632   4.71504    -6.857     0.093     4.471   -192.53     21.43      1.00
   0.64651   1.79031   4.97891     5.276    -4.614    24.579   -192.51     35.58      1.00
   3.42279   1.20273   1.61133    12.000    -2.143     7.212   -192.45     33.36      1.00
   0.71634   1.03044   1.99764     6.700   -12.034    25.803   -192.41     44.45      1.00
   0.63812   0.44133   2.39267    28.333    28.654    20.251   -192.40     61.24      1.00
   0.61547   0.96583   5.09024    19.058    31.885     9.691   -192.35     40.50      1.00
   6.16872   2.11909   1.94722    10.579    -5.206    -2.160   -192.30     38.75      1.00
   3.42217   2.34380   0.82223    21.309     3.666    35.384   -192.27     56.79      1.00
   0.36673   0.83205   2.77425    38.663    27.629    13.068   -192.26     65.40      1.00
   2.66917   1.36754   5.52789    25.998    16.864    -7.822   -192.22     50.31      1.00
   5.41642   0.99921   0.37344    15.121    15.577   -10.780   -192.21     30.23      1.00
   0.49544   1.29460   4.98582     8.913    32.353    15.561   -192.20     40.74      1.00
   1.48152   0.99587   4.88995    24.006    26.295    30.508   -192.02     48.05      1.00
   1.94200   0.49529   4.36409    37.347    25.182    26.633   -192.02     51.65      1.00
   1.18468   3.12750   1.38967    15.681    29.858    10.821   -191.92     47.13      1.00
   5.30759   0.93571   5.23415     0.296   -11.762    23.049   -191.87     37.41      1.00
   5.53051   2.22728   0.17892    24.383     4.615    28.038   -191.85     47.88      1.00
   0.60841   0.95995   5.10397    19.015    31.756     9.753   -191.83     40.35      1.00
  -0.66783   1.56164   3.97675    12.132    12.941    34.263   -191.77     50.32      1.00
   5.68432   2.17487   5.98347    15.958    15.187    34.327   -191.75     48.70      1.00
  -0.07624   2.65611   3.05430     7.225    23.323     3.074   -191.74     45.86      1.00
   5.17082   0.92490   5.21007     2.829   -11.493    24.721   -191.73     39.51      1.00
   1.27993   1.99823   4.65846    22.895    -7.350     8.996   -191.71     42.07      1.00
  -0.21899   1.44095   4.77858    12.889    24.483    -2.343   -191.68     36.75      1.00
   5.65959   2.35483   0.98427    32.499    17.056    25.808   -191.64     59.26      1.00
   3.68201   1.01341   2.34686     1.515    -7.252    12.330   -191.62     23.40      1.00
   5.35202   2.57110   1.99760     8.588    20.106    -2.823   -191.53     45.19      1.00
   0.58395   1.32414   1.26674    31.582    14.747   -13.459   -191.46     53.96      1.00
   4.92777   1.17807   1.02921    33.033    27.317    -0.972   -191.42     51.22      1.00
   0.82779   0.68863   5.32222    47.151    30.203    13.313   -191.37     57.92      1.00
   1.33782   2.69687   4.59617    29.524    -7.980     9.465   -191.31     52.10      1.00
   4.71207   0.87966   4.00899    36.697    27.191    12.374   -191.25     58.92      1.00
   1.63029   1.25666   5.55666    34.667     3.392    -5.961   -191.25     45.77      1.00
   0.72172   1.10258   5.06762    21.174    33.267    19.321   -191.24     45.85      1.00
   3.43441   1.11265   2.58448    19.386    -3.219     0.070   -191.23     27.84      1.00
   2.02594   2.03833   2.39700    27.528    23.900     0.028   -191.19     50.65      1.00
   1.97289   2.05217   2.37035    27.657    24.199     0.283   -191.18     51.16      1.00
   4.98794   1.27958   5.11191     5.483    -9.386    30.225   -191.16     43.28      1.00
   5.15005   1.31681   0.88106    31.836    24.921    -3.764   -191.15     49.99      1.00
   2.91203   0.91866   3.34268    28.537     9.338    35.236   -191.10     46.10      1.00
   0.47986   0.68506   2.25329   -10.672   -10.711    18.848   -191.07     38.55      1.00
   0.26966   0.80265   5.37476    22.432    34.052    11.117   -190.99     43.64      1.00
   5.48440   2.57618   3.73620    27.243    16.630    -9.326   -190.92     48.01      1.00
  -0.22598   2.62855   1.26556    34.601    22.812    22.350   -190.90     61.82      1.00
   6.21749   1.42362   2.83655    12.485    -1.920    -1.545   -190.89     39.71      1.00
   1.79943   2.03420   1.04519    34.412    -8.224    -1.513   -190.86     52.41      1.00
   6.03472   1.31019   4.99381    12.236    23.546    -3.189   -190.81     34.65      1.00
   5.53565   2.81760   2.57116    10.752    22.915    -3.859   -190.70     47.33      1.00
   3.13408   1.31295   2.43472    10.181    17.711     3.177   -190.69     29.70      1.00
   2.48718   1.72401   0.86624    18.195    18.683    38.770   -190.68     58.30      1.00
   5.28956   2.62270   1.97089     8.748    21.460    -1.589   -190.66     45.89      1.00
   3.40666   0.96414   4.47634    38.641    -7.763    19.831   -190.59     49.73      1.00
   5.42764   1.41755   4.01466    11.435    16.179    32.947   -190.52     50.20      1.00
   5.44242   0.70496   0.35808    18.095    22.134    -8.766   -190.50     33.10      1.00
   3.17276   1.97531   1.18195     6.243    -5.387    36.815   -190.47     50.45      1.00
   2.76865   1.05588   5.46588    11.966    22.330    -0.340   -190.40     43.85      1.00
   4.27834   1.72103   1.18298    -4.693    28.943     0.870   -190.33     41.70      1.00
  -0.20941   2.62336   1.29672    34.824    22.855    22.318   -190.31     62.05      1.00
   4.96524   0.90115   3.84841    38.991    26.283    14.428   -190.27     61.08      1.00
   3.43207   2.25673   3.45694    12.905    26.752     7.274   -190.27     39.66      1.00
   0.91271   1.56939   1.28604    19.393    11.407    -9.415   -190.22     45.71      1.00
   4.54193   1.46978   4.29590    11.607    -7.042     2.952   -190.13     29.84      1.00
   5.70946   1.60232   3.99095    49.508    13.757    19.570   -190.13     65.68      1.00
   1.92273   0.40882   0.94006    23.580    26.170     2.422   -190.08     54.61      1.00
   4.68107   1.44075   1.40286    15.855    -5.345    27.481   -190.07     44.43      1.00
   0.82369   1.18561   1.85787    -9.657   -13.091    24.769   -189.98     41.42      1.00
   1.72399   2.13197   1.03035    33.280    -7.986    -0.845   -189.96     50.78      1.00
  -0.03013   2.14395   0.99039    18.394    24.184    28.995   -189.93     54.39      1.00
   1.45489   1.72976   2.16065    12.997    24.887    12.396   -189.92     47.31      1.00
  -0.05035   1.84237   3.66416    39.353    20.208    21.446   -189.91     62.29      1.00
   4.85016   2.03794   1.94454    38.906    24.550    26.310   -189.89     66.43      1.00
   2.39315   2.18133   1.06960    32.530    -9.729    12.511   -189.85     52.71      1.00
   2.47282   1.57744   5.42192    23.534    12.182    -8.367   -189.83     46.95      1.00
   1.96625   1.07036   5.54529    33.829     8.405    -7.580   -189.78     47.32      1.00
  -0.03471   2.36555   3.23223   -18.064    22.557    11.700   -189.78     44.23      1.00
   3.56822   2.33740   1.77512    44.757     0.582    24.640   -189.67     63.67      1.00
   5.19188   2.98621   2.05790   -10.879    26.098    16.395   -189.64     47.51      1.00
   1.85218   2.16484   2.32357    28.170    25.477     2.313   -189.58     52.46      1.00
   1.78240   2.16300   5.42759    -3.616    -5.083    28.966   -189.54     41.27      1.00
   3.24704   2.59395   1.46502    12.354    -3.608    35.447   -189.53     50.41      1.00
   1.60045   0.83125   4.94379    17.361    20.819    36.936   -189.51     46.24      1.00
   6.10680   0.71631   5.76755    21.657    33.841    10.452   -189.47     43.42      1.00
   1.73271   2.23300   2.21936     9.276    25.367    10.940   -189.37     44.27      1.00
   1.82467   2.09409   5.44867    -4.458    -5.512    27.914   -189.35     40.43      1.00
   5.00079   1.56573   1.83923    29.085     9.906    40.200   -189.34     61.87      1.00
   2.99608   1.40621   5.54559     8.992    23.675    36.685   -189.31     56.50      1.00
   3.59838   1.20445   1.43713    -4.454    -5.201    17.227   -189.25     33.02      1.00
   5.43378   1.50187   4.09092    11.251    15.617    33.294   -189.10     49.79      1.00
   5.09907   1.74456   1.02445    43.838     4.162    21.275   -189.00     61.57      1.00
   5.76361   0.77395  -0.16780    21.651    29.370     2.339   -189.00     39.65      1.00
   5.94253   2.61185   1.18476    34.957    21.869    23.167   -188.99     61.98      1.00
   2.43874   1.62302   2.12168    17.864    14.049    -1.266   -188.85     40.24      1.00
   3.12970   1.32261   2.44373    10.310    17.790     3.254   -188.84     29.81      1.00
   4.75094   0.84873   3.99947    37.439    27.222    12.306   -188.82     59.69      1.00
   5.97361   2.18399   2.22446    16.653     8.341    -7.830   -188.81     45.09      1.00
   2.52774   1.65046   2.25554    16.451    14.010    -0.707   -188.76     38.01      1.00
   0.77354   1.66028   5.16343     3.968    -5.162    22.129   -188.69     32.35      1.00
   5.23835   2.84817   5.58613    29.746   -13.252    17.885   -188.57     44.74      1.00
   5.45466   0.85097   0.34525    17.983    19.247    -9.911   -188.55     32.48      1.00
   3.24241   1.72332   1.20198     1.203    -6.447    35.709   -188.54     48.56      1.00
   1.44475   2.47258   4.94174    -0.697    -3.748    31.649   -188.50     44.30      1.00
   5.39892   1.13601   4.19544    10.561     9.813   -12.240   -188.45     35.27      1.00
   2.58486   1.55981   0.87333     1.528    18.559    42.564   -188.42     56.22      1.00
   2.98642   1.42488   5.61309     9.896    23.438    36.306   -188.37     56.64      1.00
   0.00909   2.36000   2.85844    -6.138    -7.599    12.813   -188.35     38.65      1.00
   0.30212   2.23184   1.98344    12.717    -8.555     5.317   -188.31     39.70      1.00
   3.18217   2.35044   1.98885    13.813   -12.792     1.275   -188.28     39.36      1.00
   3.02199   1.98856   2.41914    -1.932     9.802     3.011   -188.26     28.97      1.00
   0.01302   2.18850   1.00628    18.684    25.347    28.208   -188.22     54.79      1.00
  -0.01605   0.06086   5.89428    17.085    30.856    22.645   -188.08     41.80      1.00
   5.26255   1.90344   1.04693    43.994     7.473    22.373   -188.08     63.21      1.00
   3.02892   1.97834   2.41465    -2.095     9.480     2.974   -188.06     28.85      1.00
   0.36166   2.30199   0.46280    -6.725     6.409     2.692   -188.06     30.68      1.00
   2.89412   0.87218   3.36754    28.825     9.720    35.426   -188.02     46.37      1.00
   6.11353   2.42016   2.66793   -19.907     9.293     8.009   -187.97     39.90      1.00
   0.74121   1.51459   1.19102     1.148    12.046    -1.390   -187.96     36.37      1.00
   3.44631   1.24877   1.51888    13.103    -3.146     7.893   -187.94     35.18      1.00
   0.42948   1.81216   1.99305    20.251   -13.860     7.633   -187.85     44.96      1.00
   1.98466   2.12281   2.44373    28.618    25.028     1.309   -187.81     51.85      1.00
   6.13224   1.62382   0.61630     2.344    24.306     4.590   -187.77     37.96      1.00
   1.37060   0.76855   4.82663    34.050    27.491    28.228   -187.68     52.07      1.00
   4.21441   2.74714   4.28587     3.312    27.116    24.672   -187.67     45.79      1.00
   3.38344   1.24850   1.66774    29.894    -0.427    -0.474   -187.48     44.90      1.00
   5.38968   0.86702   0.33692    15.971    19.106   -10.295   -187.44     31.65      1.00
   3.12942   0.66843   4.95340    26.876    22.943    -0.777   -187.40     48.18      1.00
   4.29271   2.50886   0.99248    47.196    20.783    24.837   -187.38     73.35      1.00
   3.16512   1.28374   1.71484    12.820     1.157     4.143   -187.37     34.10      1.00
   5.74406   1.89030   5.06156    -6.412   -11.203    25.693   -187.33     38.31      1.00
   0.25555   0.68138   2.81008    10.057     2.098    -6.957   -187.31     38.54      1.00
   2.44741   1.57491   2.05746    18.341    13.613    -1.557   -187.27     40.79      1.00
   3.39376   0.92857   2.67943    24.833    34.073    21.461   -187.24     48.18      1.00
   4.83980   1.46741   5.07755    42.920    -5.269    19.276   -187.20     56.70      1.00
   0.32941   0.15279   2.69324    27.068    28.843     5.374   -187.17     57.14      1.00
   4.55128   1.96580   0.84691    14.659    -0.080    29.823   -187.11     49.00      1.00
   0.50102   0.72034   4.68657    -8.957     2.675     4.499   -187.11     20.33      1.00
   1.22381   0.85221   4.43375    26.195    15.338   -11.385   -187.10     37.82      1.00
   0.66318   1.93921   1.85806    14.441   -12.209    12.526   -187.04     41.15      1.00
   5.25467   1.87161   4.75778     8.398    -7.963    31.744   -187.04     43.47      1.00
   3.23364   1.76115   2.02993    40.958     2.523   -10.973   -186.96     55.13      1.00
   5.34535   2.59961   1.24090    18.811     9.577    30.810   -186.90     53.74      1.00
   5.55374   2.58803  -0.36752    10.984    28.976    26.146   -186.90     50.43      1.00
   4.90790   1.05647   5.39029    39.735    -8.581    15.601   -186.88     54.63      1.00
   3.88735   1.14287   3.98677    10.281   -11.526    21.149   -186.87     33.42      1.00
   1.12376   2.62464   2.06613    39.160    27.905     9.493   -186.71     62.66      1.00
   0.25860   2.00760   3.50885    52.433     0.090    18.054   -186.70     70.49      1.00
   0.95602   1.01905   1.37021    25.487    10.502    35.808   -186.70     58.02      1.00
   0.37731   1.04930   1.90247    32.467    -0.963    29.067   -186.66     58.02      1.00
   0.58189   0.77712   2.16167    20.964   -10.017    15.248   -186.55     46.73      1.00
   3.25609   1.99381   1.19342     6.808    -4.221    37.854   -186.51     51.26      1.00
   5.43070   1.90006   0.35251    14.797    -0.398    28.691   -186.40     43.02      1.00
   3.22487   1.41251   3.37533    37.241    11.255   -11.290   -186.36     44.68      1.00
   5.25896   2.40069   0.97944    44.356    13.073    22.468   -186.34     66.62      1.00
   1.37940   0.87826   4.38339    25.898    18.064   -10.720   -186.33     38.46      1.00
   3.45716   1.91913   0.74367    18.004     0.105    35.885   -186.30     55.40      1.00
   5.09319   1.22386   5.10822     5.017   -10.152    28.326   -186.26     41.88      1.00
   5.52694   2.16410   0.20821    24.094     3.795    27.619   -186.20     47.33      1.00
   0.27431   2.65644   1.60714    33.009    25.705    18.946   -186.18     60.74      1.00
   6.21843   2.11413   1.00596    18.723    23.414    29.612   -186.16     54.54      1.00
   5.85951   1.36970   5.38228    15.143    14.695    -5.471   -186.04     30.33      1.00
   4.81284   2.38892   1.19334     4.178    24.764    37.016   -186.00     57.97      1.00
   5.69557   1.00585   0.21973    11.129    -4.428    28.307   -185.73     35.56      1.00
   4.01443   1.62831   4.94417    37.352    10.746    30.587   -185.72     59.43      1.00
   0.10445   2.85089   2.35491    16.381    19.656    33.887   -185.69     57.29      1.00
   4.02286   2.29340   0.88888    47.189    16.163    26.832   -185.65     72.46      1.00
   2.04034   1.00780   1.73189    -2.770    10.231     2.788   -185.63     35.50      1.00
   2.44006   1.89460   0.46190    22.944    30.165    30.700   -185.57     61.60      1.00
   3.83778   1.82205   4.17073     1.184   -11.179    23.554   -185.57     33.95      1.00
   4.12002   1.83038   2.02496    16.895   -13.465    30.177   -185.45     49.62      1.00
   4.24138   1.46556   4.52278     9.135    -8.908    22.495   -185.45     36.98      1.00
  -0.26454   1.56091   4.95162    25.585    26.628    -6.135   -185.41     44.36      1.00
   1.91379   1.94969   5.55548    23.763    -4.931    14.879   -185.37     44.19      1.00
   0.57413   1.82423   4.94521     5.578    -4.432    25.636   -185.37     36.62      1.00
   2.42968   1.80930   1.74172    10.191    21.815    47.736   -185.34     59.08      1.00
   4.58597   1.05406   1.87982    11.549    23.904    35.023   -185.27     50.04      1.00
   5.44853   1.59092   4.15886    11.345    14.948    33.475   -185.22     49.33      1.00
   3.39453   1.35262   2.95151     8.962     5.065    -0.378   -185.19     20.90      1.00
   0.37028   0.86832   5.46296    44.049    32.165     5.546   -185.18     55.96      1.00
   0.25870   2.23371   2.31993    39.818    31.540    -1.913   -185.16     68.72      1.00
   2.72349   1.84825   0.80369    16.681    23.781    35.510   -185.15     58.13      1.00
   5.46115   2.37235   5.94371    26.567   -14.277     5.730   -185.14     39.53      1.00
   3.25525   1.23632   1.74806    30.146     0.650    -2.329   -185.08     45.09      1.00
   3.75809   1.87864   0.57722     7.849     6.063    42.326   -185.06     56.51      1.00
   3.12057   1.55150   2.88790    22.912     8.333    33.863   -185.03     44.67      1.00
   4.69582   0.73099   4.94922    29.601    -0.392    41.089   -185.01     62.81      1.00
   1.53701   1.14732   5.34495    -1.873     0.996     9.126   -185.01     23.20      1.00
   0.06542   1.27140   3.16653    10.357    16.932    -8.188   -184.94     42.37      1.00
   4.20336   2.01208   1.98201    34.426    -9.655    24.157   -184.93     57.06      1.00
   1.50244   2.94972   1.12788     7.817    -7.577     7.841   -184.93     32.07      1.00
   2.22944   1.81653   1.63047     8.278    15.768    49.666   -184.91     58.66      1.00
   4.65987   1.59262   1.24891    12.050    -4.513    27.195   -184.88     43.81      1.00
   1.95621   1.63989   4.57357    15.709    10.215   -13.128   -184.88     39.41      1.00
   5.20507   1.34331   0.83974    31.277    24.312    -4.311   -184.87     49.39      1.00
   0.28309   1.67081   3.57242    37.786     3.996    26.020   -184.86     60.49      1.00
   1.55245   2.16767   5.25238    32.526    -3.020    16.268   -184.85     50.34      1.00
   4.86619   1.08131   5.38037    40.327    -7.892    16.151   -184.81     55.30      1.00
   5.06580   0.99691   5.28856     2.267   -11.096    26.647   -184.77     40.62      1.00
   4.27376   1.80852   4.52414    19.226   -10.981     7.164   -184.76     34.21      1.00
   4.88913   2.53799   1.33011     7.036    25.093    35.801   -184.74     58.21      1.00
   5.46168   2.35268   5.93486    26.804   -14.046     5.236   -184.74     39.50      1.00
   3.08344   0.92057   3.47736    35.278    -2.735    -5.995   -184.73     37.87      1.00
   3.79269   2.39196   1.69884    30.307     3.647    32.372   -184.69     58.06      1.00
   2.54734   0.68125   0.42158    34.190    18.538    -6.870   -184.68     59.15      1.00
   3.06837   1.61747   1.60347    12.775    29.052    34.660   -184.67     54.90      1.00
   4.51821   1.92534   0.83360    14.547    -0.541    29.619   -184.61     48.71      1.00
   2.02133   1.65432   1.61044    25.650     4.846    35.844   -184.57     55.24      1.00
   5.80143   1.57857  -0.06579     5.124     3.273    36.861   -184.56     43.46      1.00
   4.61325   2.09251   2.20163    39.994    19.815    28.290   -184.56     64.96      1.00
   2.22976   1.35474   4.15581     0.784    30.435    12.215   -184.47     38.73      1.00
   5.58096   2.46276   0.13311    25.074     7.889    28.855   -184.43     49.42      1.00
   5.02965   1.92279   0.61058    10.968    -4.955    23.024   -184.37     40.64      1.00
   4.03878   2.07427   1.94791    32.487   -11.348    21.013   -184.36     54.92      1.00
   5.00980   1.60069   1.87896    30.038     9.706    39.703   -184.35     62.27      1.00
   3.02751   0.41881   5.06039     4.302    20.823     8.235   -184.26     37.95      1.00
   2.53552   0.76046   0.38130    33.762    17.991    -7.389   -184.25     58.83      1.00
   3.48740   1.51675   2.17259     1.132    -3.163     7.535   -184.24     26.96      1.00
   2.20641   1.99319   1.02554    31.418    -9.720     8.615   -184.22     51.63      1.00
   2.39493   1.17210   4.29957    32.119    32.999     5.241   -184.18     51.14      1.00
   0.20959   1.60645   3.46874    38.105     6.187    26.997   -184.15     61.74      1.00
   4.04735   1.62987   4.95649    37.266    10.229    30.645   -184.13     59.32      1.00
   5.73035   2.59986  -0.11814     1.869    28.448    29.615   -184.13     50.90      1.00
   1.69936   1.07792   5.45289    16.756     5.453    -0.156   -184.08     30.79      1.00
   2.89447   1.67540   2.63388     1.948    22.730    11.821   -184.02     33.48      1.00
   5.17181   2.52687   2.42394    16.974     2.049    -6.383   -183.98     43.85      1.00
   1.17026   1.08432   1.19905    26.459    14.627    35.365   -183.93     59.20      1.00
   5.13597   2.63323   2.44095    15.364     3.957    -5.890   -183.92     43.28      1.00
   3.32715   2.04246   0.80803    -4.139    29.927    28.914   -183.91     53.44      1.00
   5.48008   1.75459   5.44121    19.922    15.249    -9.966   -183.87     36.47      1.00
   3.16245   0.05723   2.77038    18.100    29.868    24.016   -183.86     42.13      1.00
   0.74578   0.97896   5.52629    21.317    12.852    -9.258   -183.80     31.53      1.00
   3.46151   1.00152   4.43977    20.328    -9.224    26.353   -183.78     40.69      1.00
   3.47020   2.40513   0.97323    21.665     3.857    35.128   -183.70     56.56      1.00
   0.30120   0.79557   5.49737    26.786     5.966   -11.274   -183.69     32.36      1.00
   0.91983   2.33340   4.18367    21.874    -0.270    28.408   -183.68     50.15      1.00
   5.46822   1.61823   4.15350    11.101    14.326    33.570   -183.67     49.10      1.00
   2.35602   0.80715   5.39857    27.574    -0.029    -1.717   -183.66     39.53      1.00
   2.80493   0.75844   4.21428    34.276    33.072     5.358   -183.63     51.38      1.00
   5.48329   1.33422   3.96531    13.225    16.915    32.808   -183.62     51.27      1.00
   1.66402   1.09173   5.45336    16.685     4.918    -0.026   -183.58     30.45      1.00
   2.25904   0.88209   4.60116    34.838    13.702    33.704   -183.54     51.53      1.00
   5.70524   1.47102   4.74022    11.630    17.723    -6.106   -183.54     33.87      1.00
   3.07100   2.54352   1.44459    10.132    -5.970    34.128   -183.51     48.65      1.00
   1.55353   1.13389   5.35029    -2.117     1.377     9.034   -183.50     23.24      1.00
   3.68055   1.26926   1.55609    36.691    -3.446     1.459   -183.49     50.32      1.00
   3.76155   1.61385   4.75434    38.410    15.879    29.398   -183.45     59.97      1.00
   5.33996   2.28011   1.39193     2.685    12.700    -2.096   -183.45     38.21      1.00
   2.07095   1.34329   4.15678     1.240    28.707     9.235   -183.45     36.71      1.00
   4.77171   0.88493   3.93480    36.222    27.011    12.689   -183.44     58.58      1.00
   5.21495   2.37651   0.97253    44.475    12.115    22.491   -183.44     66.53      1.00
   0.34666   1.22743   5.48319    31.592     1.210   -10.565   -183.42     38.04      1.00
   4.86539   0.89956   3.96717    39.241    26.711    13.718   -183.41     61.13      1.00
   5.54168   2.53747   3.71245    26.262    15.976    -9.630   -183.40     47.63      1.00
   1.93116   1.15026   4.43444    31.915    30.445    -2.387   -183.39     49.46      1.00
   0.60301   1.68549   5.03810    33.075    -3.947    12.840   -183.36     44.02      1.00
   2.15834   0.49533   0.46641    23.305    -9.218    19.489   -183.32     48.19      1.00
   3.10222   2.52264   0.31433     3.721    -2.432     3.230   -183.30     39.55      1.00
   1.95581   1.09230   0.97235     8.387    -1.589    37.725   -183.28     50.78      1.00
   2.59639   2.31814   1.17535    32.721    -9.330    15.878   -183.26     53.27      1.00
   0.00418   2.18790   3.07497   -19.747    16.685    10.513   -183.10     41.95      1.00
   2.51572   2.27953   6.29177    26.969    27.689    25.460   -183.09     60.74      1.00
   0.83584   1.23194   4.97991    10.548    31.882    22.185   -183.08     42.89      1.00
   0.89372   1.03705   1.39906    26.402     9.514    35.568   -183.01     58.11      1.00
   2.83791   2.12847   2.59146    11.315     1.435    35.001   -182.98     42.85      1.00
   2.29833   1.31715   2.91681    13.640     0.097    35.950   -182.95     42.84      1.00
   1.90591   1.91278   5.57380    14.350    -4.984    18.303   -182.94     39.68      1.00
   5.52125   1.66267   5.84013    11.261    11.653    -4.145   -182.91     28.95      1.00
   3.63789   1.91019   3.96391    29.879   -11.726    13.230   -182.88     40.39      1.00
   5.51907   1.82627   5.53211     4.711     6.401     0.217   -182.86     25.29      1.00
  -0.30317   2.11293   2.21400    17.080     7.186    -8.932   -182.83     45.04      1.00
   5.45434   2.42430   3.63082    26.091    13.826    -9.692   -182.81     46.64      1.00
   5.41966   1.51068   5.58631    47.550     9.722   -21.972   -182.80     58.58      1.00
   5.03695   0.85628   4.10122     1.406    -2.167    -6.999   -182.77     29.96      1.00
   5.12236   1.86968   4.98418    19.119     1.710    -6.365   -182.72     32.81      1.00
   5.59449   1.10932   1.06504    34.245    32.955     7.496   -182.71     56.17      1.00
   0.12456   1.56184   2.97351    -2.815     2.515     4.488   -182.69     35.29      1.00
   5.28532   1.99999   1.01002    45.181     9.071    21.907   -182.68     64.62      1.00
  -0.04791   2.00787   5.42544    36.084    -8.542    -1.271   -182.65     44.50      1.00
   4.80351   1.65450   4.63503    35.661    -0.280   -13.743   -182.64     46.98      1.00
   4.37543   0.61982   4.08153     8.880    26.425    17.541   -182.63     46.17      1.00
   2.53500   1.28894  -0.02094    14.003    11.176    -2.331   -182.58     43.72      1.00
   0.74434   1.53274   1.56615    28.444    12.638   -12.639   -182.42     53.19      1.00
   5.20476   1.01127   5.30586     0.263   -11.553    25.081   -182.41     38.74      1.00
   4.16459   1.81574   2.01692    17.517   -12.781    31.000   -182.38     50.23      1.00
   3.82893   2.15571   0.86110    47.449    12.208    27.430   -182.37     71.81      1.00
   3.60044   1.28796   1.30867    15.443    -4.680    10.426   -182.34     38.34      1.00
   1.68732   2.24701   2.22644    10.919    25.440    11.717   -182.32     45.09      1.00
   4.26754   1.64568   4.37357    31.174    -8.077    16.394   -182.31     44.46      1.00
   5.72268   1.01094  -0.32499    19.125    31.363     4.025   -182.28     41.45      1.00
   0.88553   1.01587   1.42210    25.405     9.397    35.659   -182.24     57.68      1.00
   6.08807   1.30829   1.80601    33.147    30.940    -2.135   -182.22     60.29      1.00
   0.29337   0.65138   2.76270     9.837     1.084    -6.412   -182.16     38.30      1.00
   2.98452   0.88917   4.85587    23.885    -8.832    30.712   -182.16     45.52      1.00
   2.46650   1.47353   1.95859    26.801    11.857    -5.335   -182.14     46.94      1.00
   5.09733   0.27405   4.53738     5.544    -8.479    31.303   -182.09     47.15      1.00
   0.52014   2.64015   3.83914    14.321    35.297    18.919   -182.06     56.03      1.00
   0.13366   1.42879   3.03704    -1.329    19.188    -2.960   -182.04     39.88      1.00
   0.02198   2.06641   1.86750    -4.785    -9.021     7.325   -182.01     34.39      1.00
   5.50521   1.19805   4.21125    10.917    12.685   -11.859   -182.00     36.00      1.00
   3.31973   0.44099   4.82367     4.951    22.275     9.479   -181.96     39.35      1.00
   0.79942   2.30887   4.06843    21.600     0.699    29.406   -181.95     50.73      1.00
   5.13835   2.88660   2.39900    13.578    28.055    -3.704   -181.95     50.43      1.00
   1.37388   2.01555   4.32729    -0.574    22.277     3.679   -181.88     38.83      1.00
   2.44306   1.68347   2.14729    17.255    14.678    -1.024   -181.88     39.93      1.00
   2.42563   1.72228   5.87293    34.976     9.119   -12.473   -181.82     57.50      1.00
   3.35629   2.66314   3.34377     0.178    26.104    10.900   -181.75     39.53      1.00
   0.99419   0.74420   4.36451    26.046     9.980   -11.155   -181.74     36.71      1.00
   1.52359   2.36683   5.07066    -1.327    -3.823    31.468   -181.71     43.48      1.00
   2.11390   2.26584   1.90592    11.211    22.177     2.182   -181.70     41.81      1.00
   1.32676   1.33740   1.69695    29.784     5.320   -11.538   -181.68     53.60      1.00
   1.90008   1.48293   4.87261    20.685    -1.356     0.429   -181.64     34.71      1.00
   1.62700   2.26228   2.17754    10.644    25.863    12.204   -181.59     45.57      1.00
   3.57782   1.28885   1.32056     4.658    -4.211    14.733   -181.58     34.77      1.00
   2.84361   0.64739   3.14116    27.865    19.436    34.070   -181.57     47.80      1.00
   0.72280   2.37520   4.09576    18.191    -8.853    19.994   -181.56     46.54      1.00
   3.94091   1.05153   3.77701    41.542    26.225    24.109   -181.54     60.12      1.00
   3.07560   2.63769   1.46064    11.385    -5.689    34.393   -181.50     49.04      1.00
   3.02843   1.56538   4.41049    15.587    30.756    26.090   -181.50     50.72      1.00
   6.06765   1.97566  -0.08533   -14.501     8.346    37.538   -181.49     47.21      1.00
   4.87509   2.01373   1.94095    38.694    25.331    25.818   -181.45     66.35      1.00
   0.36807   1.59135   2.69482    17.806    26.041    23.981   -181.41     55.71      1.00
   2.44438   0.49126   0.56921    34.136    21.716    -5.204   -181.38     59.81      1.00
   3.60297   2.38310   1.45458    31.060     3.137    31.184   -181.35     58.44      1.00
   0.40190   1.36853   4.09983    27.219   -16.124    17.332   -181.33     49.49      1.00
   4.59827   2.33226   1.90997    49.580    21.681    23.302   -181.30     72.72      1.00
   0.66154   0.87923   5.86926    24.790    -1.717    -2.198   -181.30     28.65      1.00
   1.33997   2.23574   5.01794    26.157    -0.038    22.605   -181.29     47.89      1.00
   0.17913   1.16530   2.06908    31.456    -4.745    26.097   -181.28     56.33      1.00
   5.72501   0.89150   5.83393    16.582    34.699     7.408   -181.24     43.14      1.00
   0.37250   1.89129   2.10145     2.810     3.105     0.953   -181.23     36.53      1.00
   3.85602   1.92728   1.20500    17.703    33.589    12.707   -181.23     54.04      1.00
   2.00526   1.52230   1.42460    30.103    -0.688    29.659   -181.20     55.63      1.00
   0.12261   1.67636   2.87926    -2.357     3.671     3.373   -181.20     35.75      1.00
   0.24254   1.73349   5.60064    31.901    -7.723    13.343   -181.19     41.14      1.00
   5.44355   0.32193   4.22425     5.072    -9.605    29.447   -181.17     45.98      1.00
   2.49465   1.94559   0.39990    21.446    30.349    29.408   -181.15     60.64      1.00
  -0.07949   1.61548   0.50289     1.333    22.685     3.749   -181.12     35.97      1.00
   4.80850   0.55693   0.34360    11.499     5.006    46.720   -181.11     54.17      1.00
   5.46562   1.05756   4.13621    26.465    12.146   -20.689   -181.08     48.09      1.00
  -0.12960   0.22311   2.99440    40.674    30.516    15.611   -181.06     68.43      1.00
   2.60438   0.75848   5.06172     9.613    16.441     2.317   -181.06     33.40      1.00
   0.78961   1.25572   4.97874     9.915    31.970    21.937   -180.95     42.81      1.00
   2.52719   1.63302   2.07663    16.684    13.122    -0.919   -180.95     39.12      1.00
   2.51580   2.27391   0.00049    26.725    27.451    25.568   -180.91     60.54      1.00
   1.84311   1.97297   5.48343    14.945    -4.584    19.529   -180.90     40.30      1.00
   4.02511   0.69554   4.69973    37.476   -17.035    -7.396   -180.89     52.20      1.00
   5.33291   1.97517   1.10869    44.394     8.349    22.399   -180.88     64.12      1.00
   3.14664   2.58988   1.55129    10.272    -5.451    34.643   -180.86     48.74      1.00
   5.81612   0.85416   4.39133    29.253    -2.217    35.674   -180.83     57.73      1.00
   1.27641   2.24886   4.95674    26.546     0.592    23.098   -180.80     48.38      1.00
  -0.18084   1.41157   1.67352    -6.572    28.485    13.089   -180.80     45.91      1.00
   4.25228   2.63280   1.28478     7.854    29.768     6.740   -180.79     49.80      1.00
   0.87250   1.45879   4.54567     1.462    -7.533    27.976   -180.76     36.88      1.00
   0.69408   1.49965   3.70960    10.050     3.611    -2.996   -180.75     35.80      1.00
   2.49256   1.69914   1.66996     8.582    13.777    42.811   -180.65     53.25      1.00
   2.23795   1.56398   2.05124    27.268    15.937    -5.520   -180.61     48.91      1.00
   5.52490   1.69359   4.66265    -4.921    14.183     0.437   -180.61     29.93      1.00
   2.09026   2.06775   5.47616     8.297    -1.823     3.776   -180.61     36.88      1.00
   1.37294   2.22166   5.04392    26.282    -0.252    22.436   -180.50     47.84      1.00
   3.67156   1.99653   0.31968    10.397     9.317    41.932   -180.48     57.79      1.00
   2.87037   1.54636   1.84223     8.776    31.895    38.933   -180.47     56.42      1.00
   0.77333   2.03791   1.82979    -2.766   -12.067    22.074   -180.46     38.69      1.00
   4.76519   1.17658   4.45738    25.006    -0.670   -16.568   -180.45     41.83      1.00
   2.53237   2.30829   0.00605    26.766    28.005    24.833   -180.43     60.62      1.00
   4.07341   0.53974   1.93817    13.437    -9.481    15.920   -180.35     27.51      1.00
   1.16914   1.38868   1.96678    27.676    10.575   -12.311   -180.33     53.55      1.00
   5.76264   0.50878   3.24957    24.418    25.610     5.456   -180.33     52.56      1.00
   1.45848   2.01578   4.39562    -0.610    23.652     4.760   -180.33     39.59      1.00
   2.05995   1.21087   4.47447    33.626    31.837    -0.231   -180.31     52.04      1.00
   4.11988   2.60699   0.49729    24.335     4.624    31.840   -180.30     57.20      1.00
  -0.14353   2.09545   2.07021    13.120     6.189    -5.906   -180.26     41.97      1.00
   1.47248   2.08954   4.37588    -0.167    23.855     4.980   -180.25     40.41      1.00
   1.25879   2.25080   4.94090    26.598     0.544    23.292   -180.23     48.49      1.00
   3.57882   1.40542   2.16523    11.430    -3.363     4.584   -180.22     28.88      1.00
   2.39184   1.11459   6.01787   -11.780     2.033    12.660   -180.22     35.07      1.00
   4.09464   1.29238   1.52819    39.177    -4.941     6.841   -180.16     51.89      1.00
   2.22074   0.75372   5.39900    24.020    14.715    -4.230   -180.16     40.68      1.00
   0.21609   0.76231   4.78939     1.438    -3.520     3.224   -180.16     21.54      1.00
   3.52277   1.20006   1.48752    13.340    -3.700     8.837   -180.15     35.13      1.00
  -0.01568   0.82913   5.52934    22.793    35.179     9.669   -180.14     44.97      1.00
   3.93677   1.97860   1.20024    16.943    33.070    11.234   -180.11     53.38      1.00
   2.18806   1.20895   2.96472    12.090     1.202    37.071   -180.11     43.24      1.00
   3.61769   2.41611   0.94231    20.781    33.100    13.395   -180.08     57.51      1.00
   2.67279   2.71813  -0.11816     2.726    30.279    23.394   -179.97     52.59      1.00
   0.89082   2.01656   1.97214    31.102   -10.386     9.646   -179.94     50.82      1.00
   5.40683   1.30173   3.81852    11.200    19.505    31.519   -179.89     51.01      1.00
   1.17481   0.85391   4.32429    26.279    13.477   -11.177   -179.89     38.00      1.00
   4.77273   2.66725   5.00401    33.543   -11.252    16.161   -179.88     45.97      1.00
   2.16169   2.01251   5.56715     7.571     1.122     0.314   -179.81     37.28      1.00
   6.05151   1.74700   2.96187    12.266     3.505    -6.101   -179.77     40.44      1.00
   5.93704   0.96569   3.59640     3.358    -0.726     5.724   -179.75     33.72      1.00
   4.41467   1.69952   1.14557    -3.802    26.323    -1.972   -179.75     39.78      1.00
   5.27074   2.49222   2.48359    17.181     0.825    -5.021   -179.74     43.73      1.00
   0.01803   0.88515   3.15326    42.601    21.294    24.768   -179.65     68.38      1.00
   4.49485   1.78529   0.84806    13.410    -1.682    29.260   -179.57     47.37      1.00
   5.90677   2.54008   2.36137   -19.125    11.025     8.561   -179.56     40.35      1.00
   5.23630   0.74440   0.67516    17.636    -6.126    26.555   -179.55     37.56      1.00
   3.76042   0.45568   5.16116    37.754    30.347     5.189   -179.52     63.63      1.00
   1.30252   1.07648   1.10593    25.069    16.775    35.371   -179.47     59.18      1.00
   2.16575   2.21982   1.92986    11.791    21.454     1.437   -179.46     41.62      1.00
   1.87132   2.07912   1.73921    34.568    26.305    -2.119   -179.44     58.17      1.00
   2.81143   1.20058   5.16453    -7.871    35.779    19.921   -179.42     52.66      1.00
   2.35279   2.67755   2.29622    14.096    25.108     3.699   -179.40     42.71      1.00
   3.78497   1.10379   4.31675    26.335   -10.777    16.659   -179.40     40.47      1.00
   5.41579   2.54816   3.52550     8.259    14.041    -2.857   -179.39     37.38      1.00
   0.97850   0.98876   1.35237    24.699    10.668    36.188   -179.37     57.88      1.00
  -0.75270   1.52243  -1.10964     5.427    15.889    -5.337   -179.34     29.67      1.00
   2.63741   0.77429   4.13317    35.954    23.512    25.393   -179.30     50.79      1.00
   0.56275   1.72314   5.00064    33.433    -3.904    13.566   -179.26     44.86      1.00
   0.51178   2.62450   3.80840    13.906    35.110    18.634   -179.26     55.72      1.00
   2.17923   2.39756   1.33431    15.521     0.298    -9.840   -179.22     41.42      1.00
  -0.05138   1.80538   3.70851    37.886    19.071    22.093   -179.19     60.86      1.00
   5.97893   0.75938   1.40693     9.407    25.221    -0.528   -179.15     38.46      1.00
   5.48337   2.37943   3.62879    25.498    13.225    -9.661   -179.01     46.18      1.00
   4.40662   1.45645   4.55933     8.587    -9.134    19.926   -179.01     35.92      1.00
   3.61565   0.63433   3.12042   -21.817    15.973    16.857   -179.00     33.66      1.00
   4.92523   2.06080   0.89917    42.673     5.305    21.034   -178.93     62.79      1.00
   3.43374   1.22519   1.62202    30.723    -0.829    -0.252   -178.93     45.57      1.00
  -0.07430   0.93926   1.08308     7.068    21.224    -2.598   -178.87     35.29      1.00
   1.23297   2.56600   2.10990     1.519    26.383    22.718   -178.79     47.74      1.00
  -0.10125   1.42317   1.61484    -7.175    27.695    11.781   -178.77     45.15      1.00
   1.82823   2.41443   0.67337     6.383   -11.225    20.801   -178.74     39.91      1.00
   2.00535   2.34855   1.25016    15.257     3.512   -11.131   -178.72     42.07      1.00
   2.52799   2.05221   0.10595    27.597    24.449    28.066   -178.71     60.73      1.00
   3.36952   1.61527   4.49296     8.910    23.661    36.468   -178.65     51.85      1.00
   4.49355   2.20056   2.20818    40.908    16.626    28.939   -178.62     64.93      1.00
   5.88795   1.33212   4.11667    11.479    10.480    35.918   -178.57     50.46      1.00
   1.60569   2.28269   2.18061    10.582    25.975    12.649   -178.54     45.74      1.00
   5.09921   2.42427   1.32197     2.782    27.279    34.377   -178.54     57.44      1.00
   1.77082   2.27351   5.40336    -4.618    -4.837    29.483   -178.53     42.15      1.00
   5.80754   1.27741   4.11447    11.513    12.398    35.931   -178.52     51.09      1.00
   3.02617   1.35592   5.71788    11.346    21.218    37.509   -178.48     57.18      1.00
   2.99691   0.25636   4.03283    21.914    19.357    -4.270   -178.44     33.38      1.00
   5.97622   1.20426   3.36045    27.550    27.891    15.778   -178.44     56.93      1.00
   0.52597   2.68802   1.61833    22.869    25.531    21.025   -178.33     54.46      1.00
   2.12768   1.73946   5.33682     5.472     2.625     1.918   -178.33     33.56      1.00
   2.69594   1.15943   4.93442   -11.793    10.308     8.165   -178.31     31.47      1.00
   4.56084   1.59966   4.19529    51.162     6.125    24.827   -178.30     64.32      1.00
   3.15923   1.56836   2.07873    28.844    39.310    27.596   -178.30     61.01      1.00
   0.59488   1.07168   5.82527    27.344    -4.850     1.009   -178.25     31.69      1.00
   6.18305   1.82542   4.41638    37.903     3.991    22.587   -178.24     54.48      1.00
  -0.18104   2.92477   2.11876    17.068    17.959    34.642   -178.19     57.49      1.00
   1.72181   1.20193   1.31377     7.570   -11.526     6.650   -178.18     39.01      1.00
   2.39693   1.61178   2.13260    18.334    14.952    -1.251   -178.18     40.94      1.00
   2.33001   1.25417   4.17223    -0.129    30.722    12.876   -178.16     38.49      1.00
   2.45396   1.40050   5.86028   -10.020    -1.092    13.096   -178.16     34.84      1.00
   4.43847   0.83615   4.69084    38.219   -11.844   -14.283   -178.12     53.60      1.00
   5.40407   2.11254   6.03756    47.902    -1.628   -15.222   -178.05     57.51      1.00
   4.49895   2.20955   2.21665    41.178    16.564    28.898   -177.98     65.11      1.00
   5.80595   0.58101   3.23119    24.539    25.936     6.446   -177.95     52.90      1.00
   5.46147   2.15640   1.25741    -5.679     4.858    -1.053   -177.94     32.74      1.00
   0.70345   0.89911   5.48966    19.499    12.528    -8.748   -177.91     29.10      1.00
   3.49744   1.25658   1.35748    15.136    -4.407     8.618   -177.88     37.69      1.00
   6.13378   1.84911   4.30178    19.401     4.082    29.637   -177.87     47.24      1.00
   0.98222   0.69015   4.37251    25.290     9.686   -10.571   -177.78     35.53      1.00
   1.42850   1.02622   4.95996    40.451    27.029    24.315   -177.78     55.99      1.00
   2.11786   2.29472   1.91546    10.783    22.219     2.324   -177.75     41.58      1.00
   0.28941   0.16473  -0.22858    -7.656     1.596    10.765   -177.71     13.75      1.00
   1.29187   0.84793   4.93961    34.128    28.199    26.477   -177.68     52.03      1.00
   6.09785   1.80513   4.32837    19.710     5.005    29.800   -177.68     47.34      1.00
   0.76520   2.56143   0.88575    31.111     2.128   -10.069   -177.67     47.02      1.00
   6.10171   2.44251   0.65034     4.261    -0.279     4.596   -177.63     30.30      1.00
   5.38053   1.77998   5.74886     9.362    12.944    -4.939   -177.62     30.22      1.00
   2.16506   1.23009   0.46223    21.297     6.038    36.786   -177.60     55.75      1.00
   4.17164   1.62611   4.27336    39.584    14.063    29.904   -177.57     58.57      1.00
   0.16976   1.09371   5.23389    26.980    24.474    -5.341   -177.57     40.64      1.00
   5.43102   2.60962   3.69422    27.961    16.844   -10.083   -177.56     48.75      1.00
   2.11337   0.83877   5.45515     5.913    11.462     3.112   -177.53     30.02      1.00
   2.62726   1.55967  -0.08548    25.038     5.290    -5.556   -177.52     49.56      1.00
   3.10726   1.58028   4.42969    15.872    30.032    27.570   -177.48     51.36      1.00
   3.27019   1.45206   2.97461    29.062    27.675    31.588   -177.45     52.63      1.00
   4.54845   2.34843   1.87403    49.904    21.151    23.590   -177.44     72.93      1.00
   5.26304   2.01615   1.00706    45.882     9.124    21.665   -177.42     65.24      1.00
   1.35343   0.80985   4.47918    25.420    18.558   -10.515   -177.39     37.40      1.00
   0.36263   2.06417   3.63900    45.115    -1.344    19.905   -177.36     64.54      1.00
   5.39362   0.91720   5.25612    35.900   -10.311     7.393   -177.30     48.26      1.00
   0.69232   2.39475   4.06644    17.807    -8.675    20.828   -177.28     46.76      1.00
   4.61324   2.09006   2.03951    38.647    20.258    28.511   -177.28     64.86      1.00
   5.71041   1.87965   6.09750    16.259     9.225    34.606   -177.22     46.70      1.00
   4.54058   2.14138   4.13221    18.670    11.372    -9.563   -177.20     35.47      1.00
  -0.13529   1.82401   4.44752    37.362     4.589    22.672   -177.19     53.91      1.00
   4.81253   1.86299   0.75435    24.885     2.787    26.442   -177.18     51.24      1.00
   2.47077   2.05125   6.02788    21.312    -1.965    -0.050   -177.16     45.99      1.00
   3.27375   2.13072   4.43258    15.572     1.196    -4.278   -177.13     33.84      1.00
   0.14467   1.60291   2.74841     0.429     1.808     2.691   -177.13     36.04      1.00
   2.63260   1.67048   1.74116     7.994    26.972    43.770   -177.12     57.82      1.00
   0.11707   0.91583   3.72397     6.425    -8.993    10.262   -177.11     36.37      1.00
   3.54632  -0.00260   0.66213    22.966    -4.941    -4.534   -177.10     41.48      1.00
   0.01449   0.03954   4.20530    23.284    -4.639    -4.877   -177.08     41.51      1.00
   2.82549   1.15177   4.96558   -11.457    13.222     8.254   -177.06     33.58      1.00
   5.15390   0.95449   0.96265    -8.793    -2.678    40.300   -177.02     46.01      1.00
   5.73411   1.80941   0.56794    18.888    10.527    34.264   -177.01     50.17      1.00
   5.54075   1.58986   5.41728     8.753    20.044    -5.497   -177.00     32.68      1.00
   2.34336   0.66625   5.31597    23.266    16.287    -3.418   -176.99     40.56      1.00
   0.54444   2.46052   0.73394    29.628     4.923   -11.268   -176.98     46.40      1.00
   1.57310   1.50540   1.59487    19.104    -7.430    26.306   -176.95     47.80      1.00
   4.61578   1.76171   0.90770    35.941     0.072    19.405   -176.92     55.86      1.00
   5.98466   1.41028   1.73687    -5.792    29.694    15.123   -176.90     47.14      1.00
   4.47033   0.64564   4.00287     8.753    26.539    18.531   -176.89     46.60      1.00
   3.17344   2.11792   4.36808    16.320    -0.190    -3.875   -176.89     33.88      1.00
   0.31385   0.99013   2.55979    13.239    -6.722     7.011   -176.84     40.65      1.00
   4.26104   1.55783   1.29679    -8.066    31.994     4.573   -176.81     42.38      1.00
   4.50345   2.20875   1.80597    38.886    19.650    28.883   -176.80     65.97      1.00
   5.51607   2.69189   3.82078    28.542    18.534    -9.393   -176.79     49.48      1.00
   2.18703   1.33602   3.02293    11.598    -1.352    36.052   -176.77     42.30      1.00
   3.11575   1.03649   3.51361    34.971    -1.333    -7.537   -176.60     38.38      1.00
   5.17583   1.72801   2.13936    10.371    29.509    29.725   -176.59     55.11      1.00
  -0.09794   1.81032   4.33973    19.742     3.802    29.754   -176.59     47.20      1.00
   5.75249   1.15031   0.93167    33.081    32.587     4.406   -176.56     54.85      1.00
   2.59149   1.52204   0.12451    10.691    11.844    -2.265   -176.56     43.46      1.00
   2.29570   2.90142   2.71012    16.074    22.821    26.585   -176.54     48.08      1.00
   3.00251   1.07052   5.09721    -9.927    19.467     9.553   -176.51     38.50      1.00
   5.54638   0.80460   4.52483    29.822     2.010    37.672   -176.50     59.70      1.00
   2.32768   1.53191   2.97035    14.208    -3.309    33.578   -176.47     41.60      1.00
   4.58203   1.51546   1.34880    18.164    -5.908    25.479   -176.45     45.25      1.00
   4.59204   1.73981   4.51473    26.828    -8.774     8.872   -176.40     39.80      1.00
   2.88731   2.02043   2.56719    11.177     3.458    35.838   -176.33     43.36      1.00
   2.40128   2.53801   2.32031     7.480    23.965     4.809   -176.32     39.97      1.00
   1.23361   0.29340   5.05923    13.886     1.197    -1.704   -176.31     14.82      1.00
   4.15213  -0.05030   4.96338    12.109    29.521    21.566   -176.30     54.33      1.00
   4.50836   2.13492   2.10841    39.352    17.825    29.138   -176.25     64.47      1.00
   5.43604   1.73594   1.92728     7.360    31.543    26.613   -176.24     54.79      1.00
   0.12568   0.97318   4.99963    30.502    -0.387    -9.395   -176.23     38.81      1.00
   1.06360   1.62711   5.19833     2.674    -5.655    16.342   -176.22     29.48      1.00
   4.36678   0.74202   4.07408    34.581    27.002     7.602   -176.19     55.83      1.00
   0.25443   1.27726   4.79893     1.873    -0.258    37.105   -176.15     42.91      1.00
   4.90466   1.17031   0.81434    17.445    -4.792    12.111   -176.12     33.58      1.00
   3.61838   2.13167   0.75324    18.859     4.751    37.299   -176.09     57.17      1.00
   2.46648   0.55654   5.36111    31.773    19.428    -6.779   -176.06     49.22      1.00
   3.85969   1.51098   1.20733    34.013    -4.816     7.269   -176.03     51.66      1.00
   4.45682   2.18663   1.03054     8.639    -7.981    16.467   -176.02     41.49      1.00
   5.47006   2.45080   1.53851     2.068    29.376    30.913   -175.98     56.63      1.00
   1.12792   0.36392   1.81664    26.440    28.683     6.557   -175.96     57.56      1.00
  -0.13853   1.39197   1.71129    -5.483    28.248    12.257   -175.96     45.69      1.00
   4.99515   1.11340   5.25999     3.293   -10.260    28.583   -175.93     42.01      1.00
   4.89970   1.17074   0.81861    17.310    -4.836    12.030   -175.91     33.50      1.00
   0.59044   0.71004   4.67479    -9.706     3.867     4.240   -175.91     20.04      1.00
   3.72817   2.17341   0.32005     9.957    12.686    42.079   -175.91     58.58      1.00
   0.16295   1.80663   3.34869    53.192     4.044    20.362   -175.90     72.07      1.00
   0.62941   2.61437   1.79076    42.288    26.044    12.873   -175.87     65.41      1.00
   4.48337   2.10523   4.06881    18.771     9.842    -9.620   -175.87     34.91      1.00
   3.83087   0.61544   3.42706    21.770    26.428     0.125   -175.78     39.11      1.00
   0.26335   2.25271   1.54606     8.377   -11.259     8.455   -175.74     36.10      1.00
   2.21384   2.39361   1.33838    16.157    -0.292    -9.565   -175.74     41.69      1.00
   1.14703   2.07416   0.99236    22.909    23.815   -12.475   -175.72     52.52      1.00
   0.85095   2.62585   0.90424    30.960     0.306    -8.910   -175.72     46.28      1.00
   0.54183   1.59649   4.45606    30.510    -4.364    19.443   -175.69     47.15      1.00
   0.80080   1.45028   1.22892    20.394    13.846    -9.799   -175.67     46.60      1.00
   3.93151   1.53956   1.13345     7.930    -5.117    18.300   -175.66     38.91      1.00
   1.03027   2.64281   1.06393    31.671    -1.212    -8.590   -175.65     46.95      1.00
   5.46830   1.92374   4.72737    16.410   -10.507    23.492   -175.61     41.12      1.00
   1.35454   1.63487   1.07957    32.795    -0.466   -10.195   -175.61     52.69      1.00
   1.94038   2.60049   5.33057    10.259    27.261    37.921   -175.59     58.20      1.00
   2.66649   2.05340   0.35309    18.237    31.113    26.669   -175.59     59.00      1.00
   3.39118   0.98503   2.19935     9.459    12.008     1.397   -175.51     25.05      1.00
   3.07254   1.33588   1.79620    -7.186     1.688    10.867   -175.44     29.98      1.00
   1.50677   1.74940   1.13901     5.108    -5.799     4.624   -175.44     35.48      1.00
   5.63178   2.66012   2.69231    38.715    19.277   -14.263   -175.42     63.96      1.00
   3.47219   1.59506   4.50899     9.620    22.257    37.996   -175.40     52.63      1.00
   1.25258   1.61204   1.45393    -8.183     1.500     4.140   -175.38     34.44      1.00
   3.82539   1.62777   4.74553     9.633    15.797    41.466   -175.36     54.26      1.00
   0.97344   2.65913   0.98932    31.243    -1.139    -8.512   -175.35     46.40      1.00
   2.82427   2.29718   3.64023    -3.510     9.868    -5.903   -175.33     32.05      1.00
   2.08807   1.90306   1.04202    30.284    -9.768     6.397   -175.28     50.64      1.00
   0.31648   0.76864   5.50880    26.504     6.428   -11.416   -175.28     32.08      1.00
   3.01171   0.99256   5.64327    46.839    22.487    -8.345   -175.27     67.80      1.00
   0.46637   1.02645   1.82157    32.895     0.676    30.020   -175.25     58.71      1.00
   2.07942   0.74340   4.87363    27.770    -4.729     2.179   -175.24     32.36      1.00
   4.14778   1.45715   1.15884     8.831    -5.621    20.352   -175.19     38.99      1.00
   5.97974   1.27245   1.86835    34.008    31.560    -0.647   -175.16     60.74      1.00
   2.89935   2.13162   2.61420    12.607     2.053    34.894   -175.16     43.12      1.00
   5.83349   1.94002   1.18502    22.418    13.426    32.859   -175.15     54.93      1.00
   4.67567   1.85116   0.82491     5.541    -0.136    32.794   -175.15     46.82      1.00
   1.32007   1.64284   1.08574    32.340    -0.064   -10.298   -175.15     52.29      1.00
   1.21917   1.61745   1.13806    31.385     1.752   -11.149   -175.13     51.89      1.00
  -0.41399   2.87740   0.10301    52.752    19.454    16.666   -175.12     66.97      1.00
   3.42001   2.24696   1.34549     9.858    -0.992    38.742   -175.09     52.49      1.00
   0.61283   1.04338   1.61879    25.596     4.823    35.081   -175.08     56.78      1.00
   3.19122   2.23775   2.93626     7.983    26.442     9.975   -175.06     38.36      1.00
   2.16873   2.64788   2.10612    -3.491    24.556    10.305   -175.03     40.34      1.00
   0.04917   2.38163   1.87397    27.450    -5.351    -4.942   -174.99     49.17      1.00
   4.65703   1.36917   4.36534    21.061    -6.262    -0.055   -174.96     35.56      1.00
   0.79112   0.68908   4.52528    25.848     7.816   -10.692   -174.96     35.50      1.00
   3.75683   0.99164   0.78944    28.729    -8.223     9.444   -174.88     48.05      1.00
   3.73159   1.61923   4.67607    38.487    16.817    29.652   -174.80     59.95      1.00
   1.55723   1.64850   2.09807    12.958    24.225    10.360   -174.77     46.49      1.00
  -0.00961   1.35725   1.67689    31.314    28.999    -4.748   -174.76     58.63      1.00
   5.24278   0.80075   0.50397    14.192    21.716    -9.557   -174.75     32.08      1.00
   3.95878   2.65880   1.03828    11.897    22.720    40.672   -174.74     60.75      1.00
   3.47906   0.73735   2.63991     8.406    -0.747     3.040   -174.66     15.62      1.00
   4.26995   0.85182   1.35285     4.174     0.065     7.901   -174.65     22.63      1.00
   2.40129   0.82205  -0.14065   -13.371     6.069    11.276   -174.64     35.92      1.00
   1.83954   1.18854   5.01683   -12.762    -0.649    13.609   -174.60     27.31      1.00
   5.84874   1.94510   0.63927    16.591    18.685    34.283   -174.58     52.83      1.00
   4.08588   1.47162   1.17455     8.601    -5.565    19.595   -174.56     38.75      1.00
   4.83140   0.59460   0.30433    11.827     6.147    46.851   -174.55     54.68      1.00
   5.30863   0.97916   2.71416     1.821   -10.396    21.914   -174.46     37.48      1.00
   6.11645   1.61347   4.40610     5.333     4.136    36.145   -174.46     46.48      1.00
   4.32661   2.74635   4.32860    10.074    29.045    15.204   -174.44     44.31      1.00
   4.09025   1.47394   1.16595     8.765    -5.564    19.667   -174.43     38.89      1.00
   5.03495   2.06144   5.23984    -1.391     4.701    -0.917   -174.43     26.65      1.00
   3.26404   1.66687   0.85550    36.037    -3.949    25.473   -174.43     60.80      1.00
  -0.14656   0.50675   2.85213   -10.167    -8.813     8.766   -174.40     33.86      1.00
   5.57501   1.74921   0.60430    20.133     7.147    33.270   -174.38     49.57      1.00
  -0.05202   1.56217   5.25427    -2.143    -7.959     9.614   -174.38     25.80      1.00
   4.83957   1.83876   5.95830     6.129    36.737    29.062   -174.34     58.29      1.00
   5.12485   0.30207   4.51123     4.924    -8.516    31.385   -174.34     47.02      1.00
   0.26283   1.33916   4.47704    32.504     1.991    25.536   -174.28     50.19      1.00
   0.22790   1.37491   5.45213    32.459    -1.584    -9.002   -174.28     39.17      1.00
   0.26086   1.64384   4.58373    14.182    39.790    11.816   -174.24     49.82      1.00
   2.16937   1.31449   3.00816    11.502    -0.943    36.013   -174.24     42.35      1.00
   1.92567   1.52174   4.89444    20.934    -0.949     0.028   -174.19     35.54      1.00
   2.84617   2.24945   2.45824    -1.511    15.481     3.287   -174.16     32.41      1.00
   3.87256   1.40136   1.80884    35.913    -5.754     2.782   -174.10     48.65      1.00
   3.81224   0.85687   4.98606     3.490    28.293    15.718   -174.09     47.46      1.00
   0.09567   1.82420   2.38359    10.279     0.131    -2.444   -174.09     39.67      1.00
   5.67991   1.06016   0.95624    32.501    32.911     6.468   -174.08     54.20      1.00
   0.72782   1.65576   5.09803    33.341    -4.435    10.263   -174.05     43.49      1.00
   4.07010   0.86271   1.52854     3.133     2.131     6.683   -174.04     21.98      1.00
   3.84788   2.36459   1.56629    31.848     6.751    32.551   -174.04     60.05      1.00
   3.58253   1.26890   1.34494     3.272    -4.459    14.513   -173.95     34.00      1.00
   2.46721   0.63119   6.04076    23.266     8.744    -3.708   -173.94     44.70      1.00
   0.89119   1.72247   5.08322     4.429    -6.021    20.142   -173.89     32.48      1.00
   3.57992   0.88071   4.31924    31.044    -7.484    20.501   -173.88     44.15      1.00
   0.02181   1.01576   0.99194     6.606    19.263    -3.134   -173.86     34.30      1.00
   0.30361   1.65991   3.98271    38.621    -1.011    22.856   -173.84     57.71      1.00
   3.59864   2.44125   0.90447    20.764    33.235    12.751   -173.82     57.60      1.00
   5.08623   0.96851   4.09622     8.893     0.944   -10.736   -173.81     32.84      1.00
   5.29275   0.79324   4.64801    30.209     6.079    38.982   -173.80     61.39      1.00
   1.30293   1.62882   1.11816    32.334     0.358   -10.661   -173.76     52.50      1.00
   1.14747   0.42201   5.60756    14.093     7.543    -2.968   -173.72     20.72      1.00
   4.42445   2.22783   4.85031    35.155    -3.666   -11.657   -173.72     46.13      1.00
   3.26651   0.88752   2.88743    21.999     5.401    -5.297   -173.70     27.18      1.00
   2.20950   1.15675   4.85377   -11.370     1.770    10.100   -173.64     26.13      1.00
   2.82121   1.89117   2.86792    39.468    26.923     1.118   -173.64     54.55      1.00
   5.45851   2.02555   0.21061    14.156     0.661    30.791   -173.64     44.08      1.00
   1.17765   0.81950   3.30751    49.436   -10.602     0.486   -173.63     63.30      1.00
   0.00750   1.91056   0.24705    -5.894    -1.018     3.801   -173.61     25.17      1.00
   3.76028   0.59971   4.29351     4.900    23.406    12.031   -173.59     39.21      1.00
   3.01145   0.80508   0.86906     2.379   -12.394    24.516   -173.59     43.22      1.00
   5.02982   0.76285   4.82750    31.293     9.523    39.351   -173.59     63.07      1.00
   3.09044   1.35015   2.86302    25.596    31.159    33.251   -173.58     53.40      1.00
   2.52404   1.28318   3.13603    -4.515   -14.917    11.685   -173.55     27.90      1.00
   1.36031   0.93916   4.23016     8.730    15.275    -4.323   -173.53     26.69      1.00
   3.82544   1.51727   1.58877    21.140    -6.023     8.401   -173.53     40.64      1.00
   1.22889   1.79684   3.50403    -5.845    24.903     7.537   -173.49     40.11      1.00
   3.88027   2.35591   1.59442    31.603     6.902    32.818   -173.49     60.01      1.00
   2.88767   1.37012   4.27478    14.077    31.980    23.563   -173.46     47.99      1.00
   0.40252   0.42559   2.51470    37.322    29.733    11.991   -173.39     65.42      1.00
   5.18283   1.74140   2.17828    10.662    29.126    29.633   -173.32     54.98      1.00
   1.27552   0.47080   4.85806    27.668    29.904    23.756   -173.32     46.65      1.00
   3.36061   0.71684   3.94051    27.433    32.397    16.496   -173.25     49.96      1.00
   2.41651   0.22792   4.54065    13.338    15.430    -2.677   -173.24     25.13      1.00
   3.02870   1.48872   2.58727    10.703    19.818     4.839   -173.22     31.62      1.00
   4.98762   2.10158   1.31569    24.088    19.362    -9.934   -173.22     50.75      1.00
   4.82347   2.64448   1.98161    15.624    -2.876    -4.170   -173.10     43.75      1.00
   5.26063   2.07126   5.49195    22.359     2.341    -6.612   -173.07     34.83      1.00
   3.06134   0.92923   5.60626    46.529    23.636    -7.415   -173.03     67.70      1.00
   3.81554   0.89279   4.97251     3.248    28.055    15.108   -173.01     46.96      1.00
   0.10663   1.82932   3.38279    33.698     4.431    29.626   -172.94     60.32      1.00
   5.16567   1.47381   5.06816     3.706   -10.618    29.646   -172.93     41.99      1.00
   5.92022   1.07811   3.32908    26.717    27.812    13.180   -172.91     55.85      1.00
   0.13625   1.93430   4.56993    37.747    -0.340    19.688   -172.88     52.82      1.00
   3.18235   1.90112   3.98687     2.119    -8.720     9.169   -172.88     25.47      1.00
   4.24791   1.23833   4.21295    33.600    -9.743     2.656   -172.84     43.82      1.00
   0.10398   0.28780  -0.11811    -7.325    -0.575    12.268   -172.81     15.00      1.00
   2.13389   0.35369   0.31388   -10.777   -14.891    30.341   -172.77     44.29      1.00
   5.69072   2.52491   0.80909    42.233     4.762    21.088   -172.75     60.35      1.00
   2.55144   0.86332   5.31798    -7.723    15.712     8.973   -172.73     34.56      1.00
   5.86534   2.19668   0.98699     0.124   -14.705     4.109   -172.72     31.70      1.00
   2.59928   1.27319   3.72044    17.462   -10.584    23.289   -172.72     33.40      1.00
   0.30560   0.68944   4.62747     1.685    -2.689     2.585   -172.71     22.15      1.00
   5.13658   1.30660   0.54982     9.407    -5.202    20.358   -172.69     33.76      1.00
   2.63461   1.68172   0.04161    11.159     9.217    -2.432   -172.68     43.03      1.00
   0.49401   2.07874   3.83528    21.881    -6.157    24.214   -172.66     49.43      1.00
   5.87486   2.07701   5.05909    39.587     0.784    22.900   -172.61     52.27      1.00
   2.83516   1.40128   4.33267    24.984    31.920    20.938   -172.59     51.68      1.00
   1.19571   1.72987   1.05336    -6.274    -0.299     4.510   -172.59     33.04      1.00
   3.26052   0.94456   4.55801    37.915    -6.694    22.405   -172.58     49.92      1.00
   2.20804   1.31620   5.13576    14.221     7.637    -4.490   -172.49     34.37      1.00
   4.52141   2.38091   1.38002    14.454    29.962     6.396   -172.45     51.70      1.00
   4.80874   2.18442   1.91071    40.055    23.969    25.959   -172.39     67.45      1.00
   5.84464   1.57362   5.16380    10.302   -10.978    14.154   -172.38     31.80      1.00
   4.44847   1.40380   5.44928    23.582    -2.328    30.525   -172.38     50.92      1.00
   0.35794   1.09601   1.76652    24.520     1.200    33.755   -172.35     55.09      1.00
   0.58979   1.84054   4.99413     4.806    -4.572    25.651   -172.32     36.42      1.00
   1.29478   1.82603  -0.12364    15.085    29.422    25.368   -172.32     50.82      1.00
   4.31050   2.12894   1.01035     7.622    -7.313    14.645   -172.28     40.40      1.00
   5.64861   1.97379   2.56787    28.333    -9.112     0.080   -172.24     50.26      1.00
   3.00856   0.73437   0.84592     2.684   -12.765    23.656   -172.24     42.91      1.00
   4.93366   1.59482   1.87503    29.159     8.388    40.160   -172.24     61.66      1.00
   2.76872   0.69519   3.23983    27.909    17.994    35.395   -172.20     48.09      1.00
   4.37274   1.42618   5.43059    24.521    -1.436    31.222   -172.18     52.00      1.00
   2.36001   1.99159   2.12227    39.416    13.942    38.183   -172.18     63.17      1.00
   2.20576   1.76759   1.70329    24.897     8.904    38.164   -172.18     55.77      1.00
   5.74534   0.46291   3.25733    24.589    25.524     4.773   -172.17     52.59      1.00
   2.40519   1.09402   4.19285     0.306    31.543    15.212   -172.15     38.92      1.00
   2.12544   1.18524   1.20213     7.113    -8.640     7.977   -172.13     38.98      1.00
   0.79438   0.77972   5.11194    18.430    12.953    -8.883   -172.07     28.02      1.00
   3.27394   2.05431   4.20050     9.480    -3.354    -0.213   -172.07     28.05      1.00
   2.16473   0.97568   1.78456    -5.527    -9.228    13.400   -172.06     35.64      1.00
   4.54645   2.11493   4.42567    29.434    23.288    28.238   -172.06     54.29      1.00
   5.40346   1.02283   3.89797    20.967     7.784   -17.345   -172.04     43.04      1.00
   2.41291   1.38148   5.81170    -9.270    -2.054    13.773   -171.92     34.36      1.00
   3.12706   2.27476   1.44931    43.688    -4.076    22.130   -171.88     62.73      1.00
   4.01833   1.60053   4.65211     9.767    11.346    42.530   -171.87     53.62      1.00
   2.33603   1.34711   1.07987    22.158   -12.143    21.129   -171.86     50.13      1.00
   0.30739   1.14647   5.45829    30.539     1.529   -10.441   -171.85     36.70      1.00
  -0.06190   1.14518   5.32278    20.400    29.061     0.125   -171.84     39.64      1.00
   2.30199   1.63834   1.51061    35.248    10.336    32.366   -171.79     60.48      1.00
   3.30661   0.77737   5.50723    47.708    25.243    -4.149   -171.78     68.77      1.00
   1.50050   0.96155   1.40712    17.418    -4.341    32.592   -171.75     51.34      1.00
   5.66328   1.33448   0.93710    31.977    32.806     3.428   -171.73     55.45      1.00
   4.21717   2.83706   1.84983    13.332    12.157    -6.936   -171.70     43.66      1.00
  -0.20666   1.33128   1.71675    -5.368    29.062    13.121   -171.67     46.09      1.00
   0.04017   0.94553   5.34551    24.140    31.819     1.959   -171.67     42.72      1.00
   1.18175   0.83077   3.23816    51.200   -10.134     0.204   -171.65     65.21      1.00
   2.29368   1.42327   5.26212    27.124     8.113    -7.211   -171.62     44.87      1.00
   2.86492   0.87344   4.41094    25.417     0.546    33.692   -171.59     44.53      1.00
   5.68959   1.78102   1.91424    25.079    34.019    14.588   -171.57     59.93      1.00
  -0.33358   1.37514   4.10336    11.527     9.449    35.827   -171.56     50.13      1.00
   1.10035   1.68776   2.17814    28.896    -9.168    20.189   -171.54     52.22      1.00
   1.32313   0.92916   4.23331     8.737    14.445    -4.467   -171.50     26.36      1.00
   0.10550   2.62544   0.79459    32.957   -21.561    16.884   -171.48     50.74      1.00
   3.74197   1.87500   1.20958    29.011    33.036    12.937   -171.47     59.62      1.00
   4.89894   1.19544   1.06527    33.248    27.568    -0.464   -171.46     51.73      1.00
   2.44458   1.61672   2.12014    18.233    13.604    -2.156   -171.46     40.45      1.00
   1.32746   1.71779   0.74172    27.742    -3.111    -5.769   -171.45     46.48      1.00
   2.02311   2.96278   2.49337    15.587    21.863    27.760   -171.42     48.34      1.00
   2.02899   0.49167   0.81011    24.020    24.213    -0.188   -171.42     54.02      1.00
   1.44355   0.50602   1.93775    52.146    18.253    -8.133   -171.40     72.56      1.00
   3.15505   1.08274   4.41043    30.626    -3.764    30.081   -171.38     46.97      1.00
   1.20486   2.51908   5.42310    24.767     4.986   -18.564   -171.36     50.65      1.00
   0.21147   1.83986   3.47572    16.142     0.600    33.899   -171.33     52.15      1.00
   4.73133   1.39067   4.35636     1.066    -5.955     6.765   -171.33     28.60      1.00
   4.28733   0.74466   1.77407     9.979    -3.171     6.024   -171.28     20.85      1.00
   5.87338   1.04404   1.88824    26.549    31.890     0.744   -171.27     54.79      1.00
   5.90027   2.13842   0.49581    23.107     4.518    -5.637   -171.18     38.94      1.00
  -0.05485   2.01989   2.22783    20.259     4.578    34.296   -171.16     55.81      1.00
   3.85567   2.78019   6.15513    -2.687    25.107    39.258   -171.15     58.44      1.00
   4.33340   1.52441   5.43944    23.559    -0.157    32.586   -171.11     52.28      1.00
   5.56967   1.93826   3.12102    43.512   -15.110    15.449   -171.11     63.96      1.00
   0.00785   1.29032   3.19589    -8.384    17.156    -1.581   -171.08     37.41      1.00
   3.28116   0.78908   2.84964    22.557     3.920    -5.054   -171.07     26.93      1.00
   3.66584   1.76714   1.71746    37.000    -2.486    -5.237   -171.05     52.80      1.00
   2.53637   1.87844  -0.33591    20.424     7.647    -6.389   -171.03     47.28      1.00
   3.52296   1.65652   1.52550    31.523    -1.047    -1.892   -171.01     48.97      1.00
   2.86871   1.06872   5.29630    -4.030    37.238    23.917   -171.00     55.67      1.00
   1.85375   1.48251   5.27855    52.661    12.875    33.739   -171.00     68.93      1.00
   3.06467   1.28411   3.44128    37.073    -1.622    27.908   -170.90     47.52      1.00
   2.44251   1.31749   0.36957    25.157     9.670    33.178   -170.86     57.31      1.00
   3.02602   1.88229   2.87211    47.343    24.731    -5.926   -170.84     59.74      1.00
   3.00838   1.34913   4.30784    14.881    30.976    27.102   -170.80     49.65      1.00
   5.74911   1.10456   4.34571     6.687    15.050    38.134   -170.76     51.63      1.00
   3.40320   1.75824   0.90449     6.139    -4.223    37.795   -170.68     51.81      1.00
   5.23519   1.21283   2.83834    -0.209    -9.666    17.199   -170.64     35.32      1.00
   1.47502   1.10825   5.35312    -2.471     0.357     9.396   -170.64     22.42      1.00
   1.05622   2.57843   5.31879    24.551     2.534   -18.253   -170.62     50.05      1.00
   0.00565   2.38307   2.54434    27.904    20.162    30.246   -170.62     61.93      1.00
   3.64435   0.47520   4.51357    34.324    25.852     0.550   -170.60     54.31      1.00
   2.38799   1.54529   5.16279    12.025    34.960    -1.810   -170.57     51.49      1.00
   5.24221   2.21075   1.42628    23.381    15.635    -9.922   -170.56     49.76      1.00
   3.34486   2.09671   4.25143     9.643    -2.060    -1.065   -170.55     28.57      1.00
   3.91088   1.54226   1.07002    18.107    -5.241    15.454   -170.51     43.10      1.00
   5.61843   1.33420   6.00891    19.454    20.488    -5.475   -170.48     35.96      1.00
   5.13128   1.92177   1.06432    43.663     5.477    21.129   -170.40     62.69      1.00
   4.50866   0.44285   1.53938     6.862    -7.672    16.490   -170.37     23.37      1.00
   4.27731   0.99038   1.77923     7.925    -9.654    22.330   -170.32     33.97      1.00
   6.11469   1.44431   3.17083     1.174    22.028    -8.298   -170.31     41.50      1.00
   1.19491   1.40741   1.66017    29.996     6.085   -12.669   -170.29     53.94      1.00
   5.55669   1.78313   5.52622    37.730    25.394    23.479   -170.23     57.53      1.00
   0.50365   1.30265   1.91336    33.295     4.760    33.161   -170.19     61.43      1.00
   1.46885   2.21349   5.15415    32.890    -2.361    17.179   -170.18     50.95      1.00
   1.17297   0.98187   4.29289    -7.510    11.903     1.621   -170.17     23.48      1.00
   3.92231   0.81106   2.01559    23.528    -8.356     8.703   -170.13     33.45      1.00
   5.43724   0.80387   3.41129    32.622    -8.371     4.103   -170.13     49.38      1.00
   1.17691   0.80695   3.32990    48.930   -10.665     0.765   -170.12     62.68      1.00
   0.65484   2.42785   1.96349    42.693    25.645    13.319   -170.07     66.53      1.00
   2.58344   0.71286   5.10003     9.451    16.596     2.798   -170.07     33.49      1.00
   5.82630   1.38668   5.69486    39.605    18.910    27.418   -170.01     56.40      1.00
   1.56296   1.80795   1.03904    -2.730    -5.930     7.610   -170.00     34.26      1.00
   6.11715   1.53336   3.49965    37.662    23.791    18.267   -169.99     61.95      1.00
   0.80813   0.78324   4.53893    -8.853     6.639     2.906   -169.99     20.33      1.00
   3.05371   2.55984   3.36645    24.639    -6.043    31.252   -169.97     45.89      1.00
   5.00821   1.04573   3.88437     1.687    23.498    31.265   -169.97     50.70      1.00
   1.79888   2.20290   2.14957    12.807    -3.345    44.158   -169.96     52.05      1.00
   4.34926   2.90461   2.09792    22.811    12.727   -10.599   -169.91     49.12      1.00
   5.17386   2.41076   1.50770   -14.186    15.313     6.559   -169.91     39.62      1.00
   3.73677   2.37453   1.43399    32.316     6.170    32.153   -169.85     60.36      1.00
   4.50588   0.77157   1.55900     9.807    -8.566    20.214   -169.84     30.81      1.00
   5.61221   2.18470   1.70483     7.302    10.304    -6.034   -169.83     39.39      1.00
   5.26250   0.18503   3.90950    25.773    25.639     1.755   -169.83     53.68      1.00
   3.37749   0.53826   4.97966    35.147   -16.106    10.582   -169.81     49.69      1.00
   2.80798   0.53335   5.18825    22.802    20.730    -1.086   -169.81     44.37      1.00
   3.34325   0.43619   4.73493    33.696    24.956    -1.582   -169.78     53.33      1.00
   3.66158   1.62303   4.66137    38.420    18.226    28.964   -169.78     59.93      1.00
   5.57827   1.44685   5.98535    19.199    18.555    -6.515   -169.75     35.61      1.00
   0.18443   2.38805   1.26488    20.778    24.820    25.271   -169.69     54.82      1.00
   5.86069  -0.56237   1.90324     7.638    18.489     4.595   -169.64     34.29      1.00
   1.23790   2.11430   1.01780    22.858    21.719   -13.132   -169.62     51.75      1.00
   3.89523   1.68985   2.46927     3.644     3.446    42.676   -169.61     49.22      1.00
   0.81000   2.27584   4.50574    27.809     4.588    26.346   -169.58     51.30      1.00
   4.37491   1.36017   4.22983    33.012    -8.462    -0.741   -169.58     43.23      1.00
   2.53856   0.68789   5.87113    23.241     8.040    -3.349   -169.58     43.72      1.00
   4.61910   1.01296   4.02183    28.257    26.708    16.366   -169.57     53.55      1.00
   4.50475   1.61429   4.12051    50.756     7.560    25.664   -169.53     64.20      1.00
   5.66000   2.68542   3.83500     8.455    18.022    -1.492   -169.47     38.75      1.00
   1.99714   2.74044   4.12661    31.343    -3.017    -5.077   -169.47     52.03      1.00
   5.14976   0.95452   0.88131     2.888    -3.152    38.212   -169.47     44.11      1.00
   5.89547   1.77211   4.35904    37.758     8.765    23.479   -169.46     55.23      1.00
   0.80411   2.27608   4.50049    27.701     4.664    26.362   -169.44     51.26      1.00
   2.10889   1.94002   2.39707    26.398    22.378    -1.054   -169.43     48.96      1.00
   5.56558   1.43923   3.98549    49.019    17.309    19.050   -169.42     66.08      1.00
   2.40467   2.69578   0.29920    28.919     2.046    32.350   -169.40     56.93      1.00
   1.63167   1.94022   4.92010    21.676    -4.788     3.859   -169.39     40.26      1.00
   1.15931   0.77913   3.26440    51.102   -10.169     1.395   -169.39     64.95      1.00
   1.06419   1.85204   2.35859    34.666   -10.326    12.280   -169.36     54.79      1.00
   0.52473   1.29715   1.90581    33.368     5.046    33.268   -169.33     61.56      1.00
   4.90854   0.49863   4.31465    36.785    29.062    18.596   -169.31     64.35      1.00
   2.27820   2.38980   3.32419    34.153    -9.447     8.314   -169.23     47.72      1.00
   0.79188   0.23425   3.55910    22.356    -0.559    -7.276   -169.21     39.95      1.00
   2.29024   2.10779   0.48377    17.749    32.817     9.811   -169.16     54.57      1.00
   4.92151   0.80815   0.91180    -4.352    -7.890    37.809   -169.12     43.59      1.00
   3.94665   2.24629   1.13331    -8.866    31.748    15.504   -169.09     49.00      1.00
   0.24458   2.14322   4.02692    30.343    12.838    26.979   -169.08     55.22      1.00
   3.84942   0.61121   2.17942    12.694    -9.195    13.486   -169.07     25.67      1.00
   5.76462   1.09597   4.34605     6.783    14.951    38.249   -169.06     51.67      1.00
   0.50597   2.09877   2.28888    36.381    29.463    -5.420   -169.02     65.47      1.00
   1.86321   2.65560   3.92829    31.654    -4.006    -3.649   -168.99     51.57      1.00
   0.28385   1.24510   2.72649    28.879    21.020    28.000   -168.96     61.18      1.00
   5.82503   1.51235  -0.04925     4.126     1.369    35.824   -168.93     41.92      1.00
   5.63174   2.06904   3.17315    42.522   -15.898    12.104   -168.91     63.03      1.00
   5.21825   1.34502   4.54654     3.654    11.747   -10.677   -168.90     31.52      1.00
   5.92048   2.61741   6.22725    14.182    19.712    32.997   -168.84     49.64      1.00
   2.84055   1.54149   5.53836     9.561    26.493    33.315   -168.81     55.84      1.00
   1.98030   2.30473   1.74701    11.060    24.059     3.516   -168.76     43.19      1.00
   5.29488   1.67960   0.41766    12.440    -3.043    25.807   -168.68     39.82      1.00
   3.72614   1.70617   4.89256    46.652    18.482    26.560   -168.68     66.25      1.00
   2.75075   1.45557   1.31442    32.923    24.765    29.276   -168.65     62.62      1.00
   2.86679   1.34003   4.24090    13.550    31.929    23.228   -168.64     47.25      1.00
   5.69885   1.67895   3.06450    19.484   -12.432    31.692   -168.61     54.69      1.00
   2.27256   2.34010   3.31649    34.357    -9.423     9.166   -168.58     47.80      1.00
  -0.04156   2.15070   1.58745     5.430    -5.743     1.958   -168.55     34.55      1.00
   2.59939   2.50404   2.87204    14.766    25.650    21.724   -168.50     45.56      1.00
   5.44780   0.80229   3.30563    34.762    -9.168     4.820   -168.47     51.09      1.00
   2.09182   2.51405   0.75790     9.238   -10.951    24.138   -168.46     42.81      1.00
   4.53981   1.46476   4.99733     8.767    -3.303    37.332   -168.42     48.86      1.00
   2.41731   1.07493   4.17863     0.342    31.469    15.251   -168.38     38.71      1.00
   4.18915   0.38551   3.10851    44.891    33.615     5.242   -168.38     60.72      1.00
   1.21020   1.68833   3.36031    -7.230    23.019     5.895   -168.35     38.84      1.00
   6.07497   2.00125   5.27608    19.087    -3.281    28.479   -168.35     41.79      1.00
   0.99519   0.81529   4.65252     6.896    13.654    -4.635   -168.33     22.85      1.00
   3.76678   2.33313   0.31450    10.272    16.036    41.557   -168.33     59.29      1.00
   1.02159   2.37489   0.40055    33.009   -10.621     4.593   -168.33     46.69      1.00
   3.11244   0.55873   4.00635    24.878    33.681    12.567   -168.32     47.36      1.00
   0.71943   2.53523   1.99393    42.674    25.398    12.609   -168.32     65.94      1.00
   2.15420   2.09632   5.38384     3.757    -1.518     5.023   -168.30     35.55      1.00
   2.65226   0.52047   6.00267    24.596    12.089    -5.526   -168.27     47.31      1.00
   4.18014   0.53986   4.29329    46.346    27.142     0.900   -168.25     64.99      1.00
  -0.26624   0.69446   3.26063     4.359    21.192    37.018   -168.24     55.56      1.00
   2.78577   1.66700   1.35646    24.055    21.448    34.023   -168.23     57.87      1.00
   1.78220   1.61618   0.30907    12.476   -11.631    16.630   -168.21     40.18      1.00
   4.28458   0.58974   0.66503    11.472    29.467    26.304   -168.20     47.97      1.00
   5.68758   1.01703  -0.13958    21.228    16.383    -9.667   -168.20     33.29      1.00
   5.70851   2.50080   1.64821     1.109    30.884    27.404   -168.19     55.71      1.00
   4.84244   1.11781   0.89362    16.537    -4.726    11.224   -168.18     32.37      1.00
   2.30846   1.51343   2.22976    39.189    15.671    -8.303   -168.18     56.70      1.00
   2.30823   1.59738   2.07177    -0.488    14.495     6.369   -168.17     34.26      1.00
  -0.04962   1.30156   5.64770    33.520    -5.018    -7.959   -168.16     39.03      1.00
   5.83159   1.27024   4.10111    10.916    11.861    36.561   -168.14     51.28      1.00
   3.85544   2.65206   5.18777    -4.529    -0.241     4.338   -168.13     31.42      1.00
   5.45536   1.60000   0.06768    42.761     0.062   -20.846   -168.09     53.70      1.00
   5.12293   0.32061   4.54634     4.394    -8.544    31.218   -167.90     46.73      1.00
   5.50072   3.03787   5.98232    52.758    21.458    15.125   -167.86     67.11      1.00
   4.62351   2.06880   4.84713    28.313    -8.203    -0.557   -167.85     39.17      1.00
   1.86487   1.82237   5.04138    20.410    -1.515     0.641   -167.84     38.94      1.00
   2.42598   1.25737   1.40168    -1.833   -12.137    17.976   -167.80     39.23      1.00
   2.68754   2.71371   0.55398    20.726    25.197    -5.914   -167.78     52.15      1.00
   0.59513   2.49296   0.66518    -5.818     1.607     3.369   -167.74     30.41      1.00
   6.18305   1.87020   3.03195    10.238    12.203    -5.248   -167.74     41.53      1.00
   0.70276   1.76788   4.78205    16.981    37.681    23.482   -167.72     52.65      1.00
   0.04377   2.75000   1.21038     6.331    22.063    30.997   -167.71     51.10      1.00
   5.40899   1.55117   4.07666    10.618    15.388    34.235   -167.70     50.10      1.00
   1.15562   1.54842   5.24554     1.688    -4.888    14.678   -167.69     27.91      1.00
   2.18334   1.88564   1.04973    30.815   -10.420     8.093   -167.65     51.53      1.00
   5.89220   1.85185   0.56716    -8.240    13.036    39.899   -167.63     50.49      1.00
  -0.28254   1.48121   5.59592    26.213    -6.039    23.449   -167.61     41.04      1.00
   4.80022   0.50860   5.96698    36.900    -3.736    31.371   -167.57     59.10      1.00
   3.35964   1.58791   2.19480    19.435     0.751    -1.857   -167.57     34.81      1.00
   5.86015   1.80167   4.33891    37.534     9.032    23.394   -167.56     55.12      1.00
   3.60304   0.97064   4.93974     0.275    25.956    11.610   -167.55     43.54      1.00
   1.04338   2.50308   4.43173     0.246    -2.461    33.834   -167.55     46.19      1.00
   3.29897   1.22474   1.47412    30.858     0.932    -1.446   -167.52     47.51      1.00
   0.44166   1.84136   1.16461    26.864     4.993   -11.234   -167.51     46.64      1.00
   4.76013   2.01004   2.13327    39.303    22.911    26.905   -167.48     65.36      1.00
   1.70567   0.53308   4.68846    57.428    23.820    18.663   -167.48     64.70      1.00
   4.29683   0.41838   2.96652    44.060    33.650     5.711   -167.45     60.06      1.00
   1.99916   0.84719   3.07997    11.667     6.062    39.663   -167.44     45.38      1.00
   1.32174   0.62115   1.52340    -7.241    -9.346    29.712   -167.42     43.99      1.00
   2.41202   0.76388   5.46954    25.942     1.791    -2.072   -167.36     39.55      1.00
   5.88955   1.83420   4.33586    37.192     8.533    23.212   -167.34     54.75      1.00
   2.63182   2.55966   1.15537     9.222    -9.235    29.789   -167.34     45.99      1.00
   2.75603   1.03367   5.62369    29.703    19.929    -7.319   -167.34     53.59      1.00
   3.86923   0.96809   4.89559     1.470    27.296    14.328   -167.33     45.57      1.00
   5.59072   1.30438   4.28787    12.664    14.448   -10.729   -167.31     36.49      1.00
   4.62760   1.50507   2.69484    36.228    -9.364     5.710   -167.30     48.54      1.00
   4.97424   0.84267   3.79927    38.166    26.645    13.068   -167.22     60.52      1.00
   0.87017   3.41570   1.02536    15.730    29.643    10.653   -167.22     45.95      1.00
   5.33336   2.55616   3.60359    28.250    15.654   -10.567   -167.22     48.53      1.00
   5.19998   1.84983   0.47436    12.933    -3.121    25.145   -167.22     41.09      1.00
   4.72719   2.39937   4.67756    26.259    21.523    26.785   -167.21     50.83      1.00
   4.65562   1.11846   1.73391    11.152    25.291    34.028   -167.18     50.60      1.00
   3.49729   1.04554   2.64292    24.893    -3.605    -1.346   -167.17     31.18      1.00
   1.37234   1.68784   5.35273    10.620    -3.847    11.358   -167.16     31.47      1.00
   3.40152   1.16613   4.21222    47.101    -9.768    15.870   -167.14     54.04      1.00
   1.61107   2.28629   2.07526     7.638    25.597    12.782   -167.10     44.64      1.00
   3.87999   0.65602   2.75537   -25.806    11.782    21.133   -167.06     36.90      1.00
   1.95457   1.87408   2.27307    -1.439    20.297    10.031   -167.05     38.16      1.00
   0.57311   0.62747   4.67547    25.417     5.422   -10.057   -167.04     34.40      1.00
   5.60485   1.22045   4.14818    14.230    19.193   -14.960   -167.01     41.15      1.00
   3.82334   2.29220   0.29506     6.970    -2.686    35.621   -166.95     51.31      1.00
   0.34383   1.48367   1.69207    31.301    24.837    -9.089   -166.93     58.67      1.00
   1.62581   1.32545   0.04755    28.148    39.909    -0.905   -166.91     62.46      1.00
   2.80077   1.57709   1.87176     9.453    31.446    40.412   -166.91     57.23      1.00
   0.09789   2.72082   0.66119    -1.445    -5.986    13.399   -166.89     31.03      1.00
   5.60080   0.67600   2.52747    39.274    -7.844    14.247   -166.88     54.21      1.00
   0.51091   1.55661   2.29820    27.471    -9.268     1.643   -166.85     49.99      1.00
   1.98162   1.87499   2.28724    -1.201    20.263     9.999   -166.82     37.98      1.00
   5.64652   1.24683   0.01163    18.992     9.898   -10.251   -166.78     30.63      1.00
   4.03960   0.88087   1.53155     2.584     2.530     6.472   -166.78     22.16      1.00
   1.87419   2.12021   1.96552    10.367    24.159     6.734   -166.77     43.46      1.00
   4.43941   1.68914   4.59415    42.943    -7.788   -10.185   -166.76     52.19      1.00
   5.18246   0.79978   2.62582    32.642    -8.455    13.025   -166.74     46.54      1.00
   0.22352   2.09358   3.96687    30.381    13.663    27.273   -166.72     55.70      1.00
   2.74894   1.27107   5.14429    -8.100    35.574    17.624   -166.71     51.65      1.00
   0.15184   1.42373   5.05471    34.763    29.344    -3.105   -166.68     50.36      1.00
   0.09624   0.72445   4.69858     4.251    -5.397     4.436   -166.66     24.85      1.00
   4.22427   0.57502   0.78168    12.818    29.485    26.605   -166.65     48.20      1.00
   3.83632   2.17114   1.01568    -3.076    30.205    21.107   -166.64     50.24      1.00
   2.70435   2.70621   0.57931    21.093    25.339    -6.007   -166.62     52.40      1.00
   6.07808   1.69195   4.31016    40.470     5.824    23.101   -166.61     57.28      1.00
   2.36366   1.56779   5.14864    12.007    34.345    -2.651   -166.61     51.10      1.00
   5.88632   0.54135   2.25041    40.506    -6.465    17.551   -166.58     55.97      1.00
   4.76304   1.39839   4.35095     1.241    -5.551     5.965   -166.58     28.41      1.00
   4.21760   2.99617   4.44171    31.681    -9.954    23.281   -166.51     47.36      1.00
   1.43566   0.99688   4.20527     9.197    16.967    -4.189   -166.48     28.20      1.00
   5.75402   1.20028   4.05744    12.046    13.669    36.022   -166.40     52.06      1.00
   1.47255   1.94841   4.66999    12.285     3.672   -13.658   -166.37     40.23      1.00
   0.32867   1.46389   1.69257    31.535    25.044    -9.081   -166.36     58.84      1.00
   5.71035   2.33321   2.34710    16.542    17.952    -7.872   -166.34     47.99      1.00
   6.07880   1.49226   3.54918    38.171    24.351    17.198   -166.32     61.95      1.00
   0.71564   1.61856   4.63531    18.398    39.162    19.908   -166.32     52.54      1.00
   1.14214   1.85330   2.65722   -12.482    18.055     5.715   -166.27     39.64      1.00
   2.35074   0.92056  -0.10605   -14.291     5.411    12.394   -166.24     36.42      1.00
   5.74448   2.07905   1.30220     4.391    -1.918    -4.780   -166.23     33.09      1.00
   5.67383   1.02825   5.16820     6.304   -10.145    12.420   -166.22     30.16      1.00
   1.01698   1.85778   5.03177    24.808    -4.742    11.695   -166.21     40.31      1.00
   4.32089   1.66472   0.89430    12.778    -4.024    26.258   -166.20     45.19      1.00
   1.87582   1.78195   0.45409    28.946    33.511    14.862   -166.16     60.67      1.00
   1.48387   0.88790   4.23294    -1.540    19.269     2.293   -166.15     24.95      1.00
   1.11852   2.26184   3.93055    64.858    10.725     1.696   -166.14     79.50      1.00
   2.82105   1.82219   2.67173     1.886    24.202    14.276   -166.08     35.92      1.00
   3.88921   0.38716   1.00030    12.043    27.130    31.295   -166.08     49.11      1.00
   6.00992   1.04777   5.55825    19.985    33.753     3.103   -166.06     42.97      1.00
   3.67772   0.95130   4.98515     2.043    27.209    12.600   -166.04     45.26      1.00
   4.66034   1.13477   1.73188    11.357    25.482    33.942   -166.03     50.82      1.00
   5.68288   1.42416   1.57041    37.661    29.672    30.009   -166.00     68.15      1.00
   4.29998   1.66712   4.37869    40.172    10.814    29.553   -165.99     58.46      1.00
   5.79663   1.49703   5.16322     8.956   -11.172    13.488   -165.99     31.17      1.00
   5.50896   2.24349   6.32492    62.586     9.172    12.993   -165.95     72.35      1.00
   4.02517   1.18923   1.76697     5.954    -8.441    16.608   -165.92     31.89      1.00
   0.73545   1.58084   3.83804     9.463     6.315    -3.844   -165.89     35.50      1.00
   5.08697   2.28252   5.33927     6.745    -3.062     4.661   -165.83     27.20      1.00
   2.98882   2.30750   3.26786    36.840     4.088    38.803   -165.83     57.12      1.00
   4.77602   1.63036   6.06992    10.000    35.396    34.194   -165.73     60.90      1.00
   0.51035   0.96934   2.39905    12.246    -7.360     8.267   -165.72     40.50      1.00
   1.35036   0.84436   3.80106    34.460    14.075   -14.156   -165.71     48.12      1.00
   0.51909   1.77675   4.91749    34.547    -3.448    14.443   -165.67     46.64      1.00
   2.49595   1.35878   5.59246    45.387    15.190    23.884   -165.58     64.66      1.00
   0.60208   1.27568   2.58049    26.585    28.444    13.626   -165.58     58.37      1.00
   3.03795   2.19030   2.75842     8.272    26.852    11.238   -165.52     39.15      1.00
   2.59362   1.34036  -0.04520    13.779    11.185    -2.739   -165.47     43.88      1.00
   1.41410   1.01581   4.22690    -8.791    15.756     3.018   -165.47     25.47      1.00
   1.05996   2.67898   2.10989    31.580    27.166    14.519   -165.42     58.23      1.00
   3.14758   0.81598   0.68075     4.012   -12.338    26.057   -165.40     44.60      1.00
   3.69851   2.06819   1.17389     9.143     5.036    42.022   -165.39     55.55      1.00
  -0.04548   0.40725   2.76634   -10.276    -9.658    10.849   -165.35     34.63      1.00
   2.45202   1.77718   2.03625    14.986    14.894    -0.529   -165.34     39.44      1.00
  -0.03146   1.52663   5.02478    34.081    27.592    -6.281   -165.32     49.86      1.00
   3.02783   1.37043   5.62595    46.694    23.987    22.807   -165.30     70.81      1.00
   2.70892   0.95918   6.04500    13.949    11.385    -2.011   -165.28     42.34      1.00
   6.09800   2.48985   6.44539   -10.121    25.838    33.087   -165.23     51.81      1.00
   0.39751   1.18769   1.28976    32.797    18.158   -13.137   -165.21     54.90      1.00
   2.16186   1.70561   5.89438    -0.540    -3.896    16.112   -165.21     35.67      1.00
   4.35712   2.30052   5.79954     2.541    11.233    -0.513   -165.21     35.55      1.00
   1.44265   0.99292   4.19689   -10.032    15.654     3.891   -165.19     25.56      1.00
   5.83574   2.61709   0.85690    43.143     6.803    21.483   -165.16     61.22      1.00
   5.29261   1.75545   5.84829    43.307    14.192   -20.024   -165.14     56.77      1.00
   5.75123   1.40416   4.86910    10.903    17.510    -6.139   -165.14     32.70      1.00
   3.31339   2.28693   0.92615    21.153     1.224    34.630   -165.12     55.69      1.00
   4.47610   1.67180   3.81901    50.491    10.629    26.322   -165.09     64.24      1.00
   4.27982   1.83427   3.89597     7.803    24.581    31.958   -165.09     48.49      1.00
   1.90220   2.79647   2.06272    14.566    28.737    14.102   -165.06     46.93      1.00
   2.06403   1.04023   3.09649    11.034     2.050    38.636   -165.04     43.85      1.00
   4.22257   1.58991   5.45361    42.522     2.206    26.276   -165.03     61.66      1.00
  -0.01590   1.75196   3.29198     7.732     9.570    -1.992   -165.02     38.57      1.00
   1.30938   1.82404   6.10242    14.149    29.231    25.345   -164.99     50.30      1.00
   3.06189   0.94316   5.15321    27.286    23.504    -3.622   -164.97     50.73      1.00
  -0.01581   1.91055   0.54168    19.083    20.094    -6.441   -164.96     42.29      1.00
   1.32312   1.64645   5.33704     9.849    -3.906    11.656   -164.95     30.55      1.00
  -0.11680   1.74306   0.61608     1.271    22.521     2.960   -164.93     37.15      1.00
   5.84095   0.87669   3.32932    25.725    27.507    10.053   -164.92     54.54      1.00
   2.72820   2.25164   2.87281    20.632    27.210    15.092   -164.90     45.62      1.00
   2.87235   2.23801   1.19731    37.108    -6.380    20.624   -164.83     58.10      1.00
   5.07145   0.03753   0.85776    25.671    31.530    18.697   -164.81     44.76      1.00
   2.58822   0.72880   2.78404    14.513   -16.630    23.571   -164.78     38.49      1.00
   1.43585   2.24267   0.40140    35.881     7.390   -20.299   -164.77     57.45      1.00
   2.86164   2.51976   6.24161     3.635    -3.831     4.540   -164.75     39.46      1.00
   4.24447   1.23589   4.25520    33.219    -9.905     3.058   -164.72     43.74      1.00
   1.59323   2.19976   2.18124     9.715    25.249    12.750   -164.70     45.20      1.00
   5.86371   1.47005   2.39893    17.906   -11.140    20.035   -164.68     46.55      1.00
   0.37795   1.57505   5.67519    30.894    -7.414    10.581   -164.68     38.77      1.00
   4.97675   2.54647   1.02019    19.017     6.571    30.579   -164.67     53.34      1.00
   5.85697   0.90312   0.04486    11.691    -4.098    29.436   -164.66     35.59      1.00
   0.26052   1.11434   1.82404    24.232    -0.204    33.170   -164.66     54.54      1.00
   3.35827   2.36977   2.55675     7.056    -9.622    27.869   -164.63     40.37      1.00
   2.00535   1.89709   2.36796    -0.475    20.923    10.160   -164.61     38.08      1.00
   4.60870   1.44160   2.68314    36.397    -9.412     6.821   -164.61     48.34      1.00
   0.54312   1.40160   4.17546    24.535   -17.396    12.997   -164.58     46.33      1.00
   4.49204   2.09713   2.10247    38.929    17.994    29.526   -164.58     64.20      1.00
   2.17042   1.94970   5.38271    24.550    -2.463    -1.399   -164.54     44.82      1.00
   2.86111   1.91711   2.90569    38.609    26.940     1.221   -164.53     53.77      1.00
   5.09468   1.87788   1.32674    49.985     0.788    16.845   -164.51     66.58      1.00
   2.38114   2.00594   1.98832    12.801    17.475    -0.446   -164.46     39.87      1.00
   3.32539   2.73993   0.10524    48.291     1.205    16.978   -164.39     68.78      1.00
   2.94658   1.84006   1.21998    40.399    -4.000    26.044   -164.39     62.56      1.00
   0.57151   1.78795   4.08395    31.533    -4.171    21.187   -164.38     51.66      1.00
   4.53985   2.19424   0.24243    35.668     7.228    28.130   -164.33     60.79      1.00
   5.73636   2.05548   0.81159    -4.180   -13.867     2.166   -164.30     29.35      1.00
   0.51162   1.80617   1.07215    28.108     3.307   -11.438   -164.28     46.77      1.00
   4.11859   1.88189   3.92825    38.680    14.050   -18.648   -164.28     51.52      1.00
   0.93378   1.92773   0.95539    24.594    29.203   -10.536   -164.28     55.66      1.00
   2.12264   2.34722   2.08884     5.590     1.564    -8.953   -164.27     35.73      1.00
   6.13699   1.66083   5.29723    34.293    -7.964    -3.536   -164.26     42.27      1.00
   2.54237   2.66504   2.88336    12.966    25.075    25.437   -164.23     46.84      1.00
   3.05439   0.90785   5.18311    -8.485    21.902    11.598   -164.23     40.72      1.00
   2.96722   2.25603   0.62570    25.045    30.354    24.907   -164.22     60.96      1.00
   5.07098   2.19276   1.83875     8.913    27.405    33.565   -164.20     57.43      1.00
   5.65712   1.50112   0.12844    34.835     3.063    25.015   -164.20     49.59      1.00
   0.97868   1.27892   2.75427     7.843    -1.309    38.059   -164.17     50.48      1.00
   0.02033   0.92346   3.14790    26.997    20.595    30.095   -164.17     60.13      1.00
   5.21585   1.79531   0.48303    12.372    -3.362    25.307   -164.11     40.64      1.00
   3.16955   0.53512   5.49915    15.629    -2.678    28.767   -164.09     46.21      1.00
   1.14174   0.75247   3.28601    50.959   -10.368     2.008   -164.07     64.76      1.00
   5.23564   1.36784   0.22882     0.275     3.544   -11.038   -164.03     23.89      1.00
   3.39582   1.64856   4.48049     7.860    23.222    37.242   -163.99     51.97      1.00
   5.43218   1.75783   0.42565    13.034    -2.087    28.223   -163.99     41.50      1.00
   1.99061   1.00880   3.07464    46.526     4.838    24.492   -163.98     59.15      1.00
   3.95295   1.81616   2.09805    51.735   -13.328    13.935   -163.98     66.09      1.00
   1.45465   1.70567   5.03854    51.622    27.684    30.612   -163.97     71.07      1.00
   2.73999   0.34658   2.09828    38.882    21.957    25.648   -163.95     58.46      1.00
   5.46665   1.07516   4.39608     5.888    19.140    36.206   -163.92     52.04      1.00
   2.83060   2.23100   2.05055    40.244   -10.785   -11.641   -163.92     56.89      1.00
   0.49236   2.71224   0.77832     6.263    29.966    20.131   -163.91     48.31      1.00
   3.48646   0.80590   5.69958    18.849     7.427    37.132   -163.90     56.15      1.00
   1.08958   1.90837   5.14831     0.196    -0.885    34.829   -163.89     41.85      1.00
   2.81992   1.34154   4.24446    13.267    32.200    22.284   -163.87     46.87      1.00
   2.75087   1.69303   1.91077     4.684    27.232    45.130   -163.85     57.32      1.00
   4.30841   1.67315   0.90554    12.575    -4.318    26.493   -163.81     45.34      1.00
   1.58798   1.62321   2.08321    12.741    24.250     9.922   -163.80     46.32      1.00
   2.08209   1.02440   4.72435   -10.509    -2.307    13.258   -163.80     23.92      1.00
   2.03566   1.91718   3.32909    14.078    -8.757    22.691   -163.80     37.96      1.00
   1.69228   0.85517   0.96035    20.834    -2.794    33.512   -163.79     53.11      1.00
   0.52658   1.51234   1.42429     0.152    17.223     0.329   -163.77     39.03      1.00
   5.30133   1.46466   0.77598    30.802    22.233    -5.958   -163.76     48.90      1.00
   2.23143   0.70787   4.16690    50.386    21.607    25.605   -163.76     60.21      1.00
   0.74499   1.51268   3.74709    -9.669     3.775     4.120   -163.74     31.51      1.00
   4.16276   1.61645   5.04365    36.931     7.174    30.483   -163.70     58.71      1.00
   3.63032   2.66859   4.55809    25.252    28.189   -11.447   -163.69     53.61      1.00
   1.73659   0.93376   4.20546    -1.433    23.137     4.367   -163.67     27.93      1.00
  -0.30619   0.64001   3.27484     3.945    22.147    36.671   -163.63     55.68      1.00
   1.46595   2.12918   5.16086    26.616    -1.431    21.530   -163.58     47.10      1.00
   6.02867   0.85306   0.27984   -20.774     0.089    27.751   -163.58     37.15      1.00
   3.79745   0.76072   1.81713    19.487     6.574    -2.015   -163.55     29.19      1.00
   5.98563   1.40541   3.31828     4.724    24.822   -11.986   -163.54     43.72      1.00
   5.70009   2.56649   3.54028     7.966   -16.765     7.634   -163.48     42.30      1.00
   3.37219   2.78112   4.71279    -2.739    -3.510     7.082   -163.48     31.45      1.00
   5.93878   2.20915   0.44847    23.666     2.647    -4.778   -163.47     38.75      1.00
   5.09686   0.54838   3.98107    27.614    -6.838     7.722   -163.45     46.05      1.00
   0.58901   2.02120   4.17877    18.719    25.852     2.933   -163.40     46.39      1.00
   3.76878   0.81836   0.83516    27.023    -7.810     6.426   -163.39     45.05      1.00
   4.07016   1.47618   1.43037    -5.524    36.705     8.633   -163.39     45.45      1.00
   5.84336   0.93489   3.34235    25.615    27.584    11.200   -163.37     54.65      1.00
   1.93726   1.00454   3.05261    45.794     4.815    24.711   -163.35     59.14      1.00
   1.43496   2.22888   2.28262    39.293    27.756     2.513   -163.32     62.73      1.00
   4.63514   1.40541   2.66514    36.874    -9.392     7.648   -163.31     48.82      1.00
   2.47087   1.41616   3.73482     9.180   -12.063    21.879   -163.30     30.88      1.00
   5.66259   1.62903   5.03092    12.112   -12.092    17.248   -163.29     35.42      1.00
   0.25357   1.82729   3.08825    20.657     6.130    34.251   -163.24     55.70      1.00
   5.36919   2.34949   0.66317    41.497     1.811    18.913   -163.22     59.02      1.00
   6.00102   0.99325   3.20618   -11.205    24.891    28.114   -163.21     50.39      1.00
   2.73181   2.24856   3.48824    -2.197     6.982    -6.837   -163.20     31.10      1.00
   0.86577   1.66922   4.29002    15.473    -9.643    -7.224   -163.14     38.85      1.00
   0.39415   1.55264   4.24802    33.768    -2.446    21.860   -163.12     51.67      1.00
   5.51502   2.15960   0.27958    16.267     3.461    30.449   -163.12     45.51      1.00
   5.35099   1.28827   4.00948    29.878    20.252    25.049   -163.10     55.81      1.00
   6.11306   1.77552   4.92295    37.798     6.438    22.850   -163.02     51.58      1.00
   1.08461   2.17002   1.76832    10.565   -13.316    27.415   -163.00     43.39      1.00
   5.58073   0.35922   3.35455    31.943    24.407    -0.013   -163.00     56.32      1.00
   5.89809   2.23092   2.50505    15.520    17.740    -6.760   -162.97     47.18      1.00
   2.91963   2.42331   1.67874     7.933   -10.824     2.263   -162.96     37.66      1.00
   2.03604   1.83141   3.37185    13.647    -8.740    24.244   -162.94     38.06      1.00
   5.59131   0.82701   4.47852    -0.912    -5.419    45.399   -162.93     55.42      1.00
   2.49814   1.52775   1.97268    17.546    12.114    -1.306   -162.90     40.19      1.00
   2.42339   2.05868   5.18093    32.144    33.075     9.721   -162.89     61.64      1.00
  -0.00106   2.65609   2.26969    25.157    21.724    29.841   -162.87     60.64      1.00
   0.45306   2.54590   0.47846    -7.330     1.053     4.037   -162.83     30.12      1.00
  -0.00052   0.37044   5.28438    23.620    22.192    33.809   -162.83     49.43      1.00
   3.51647   0.95841   2.13281     0.673     9.111     5.446   -162.81     21.12      1.00
   4.43364   1.14300   2.03651    12.420    20.871    37.080   -162.80     50.46      1.00
   4.96558   1.93038   4.46833    29.365    -2.508    29.079   -162.80     49.96      1.00
   3.66676   0.85782   1.92929     0.236     6.961     5.516   -162.80     20.47      1.00
   1.12566   0.66662   5.15010    19.498    18.729    -7.788   -162.77     31.00      1.00
   3.07302   1.81660   3.93780     2.352   -10.119    11.481   -162.76     25.86      1.00
   1.45837   0.27237   5.36540    12.680    11.235    -3.473   -162.76     21.59      1.00
   2.48778   1.88302   1.73189    26.639     5.375    32.428   -162.73     52.66      1.00
   3.22226   1.58736   3.02502    30.667     9.351   -10.422   -162.72     40.35      1.00
  -0.04263   0.38631   4.87936    25.223    -2.553    -5.116   -162.66     36.17      1.00
  -0.33615   2.73058   1.10599     6.930    19.869    32.873   -162.66     52.11      1.00
   4.78528   1.22737   1.24366    13.100    -4.978    29.450   -162.61     42.59      1.00
   2.24321   2.12720   0.94708    33.673    -9.806    10.234   -162.54     53.25      1.00
   4.84074   1.26575   5.68334    17.750    32.485    11.800   -162.52     50.21      1.00
   5.66504   0.51736   6.07595    46.759    36.943     3.551   -162.51     61.95      1.00
   3.08450   0.81276   3.10307    29.891    30.975    23.352   -162.49     48.87      1.00
   4.28023   1.68919   0.90393    12.808    -4.354    25.919   -162.45     45.29      1.00
   0.28706   1.34190   5.72221    23.963     3.052   -10.403   -162.43     32.39      1.00
   3.26643   1.43023   3.27815    32.240     8.032    29.670   -162.43     46.38      1.00
   2.68534   0.86525   4.60420    16.471     3.570    38.082   -162.42     44.20      1.00
   1.27110   1.50006   2.17650     6.790     8.740    -4.010   -162.40     39.46      1.00
   2.49417   2.26520   2.43749    17.815    -2.852    29.373   -162.39     42.68      1.00
   4.72800   1.54197   4.18785     9.388    -3.599     0.368   -162.35     28.70      1.00
   2.28944   2.85492   4.64885    11.387    -2.987     0.730   -162.34     40.35      1.00
   3.08130   0.45436   2.93615    28.485    26.539    26.162   -162.34     46.68      1.00
   1.55033   2.59788   0.47604    17.438    -2.560   -10.934   -162.32     41.86      1.00
   3.59475   2.16285   0.98983    19.581    27.114    27.875   -162.30     57.88      1.00
   6.02608   1.46764   2.31794    28.323   -10.364    17.779   -162.29     52.11      1.00
   5.34563   2.09047   3.26538    -9.962     3.246     4.596   -162.28     33.21      1.00
   2.13794   3.01580   1.02576    29.509    20.146   -10.181   -162.24     50.64      1.00
   1.97240   1.28033   4.15737     0.864    27.296     6.674   -162.18     34.73      1.00
  -0.05924   1.63320   1.75642     1.224    27.697     6.757   -162.15     45.91      1.00
   3.36381   0.87143   5.06774    29.575    26.308    -1.111   -162.15     53.86      1.00
   3.73912   1.48979   1.15247    16.823    -5.588    12.554   -162.13     41.42      1.00
   4.91050   1.43630  -0.06042    38.560    31.190    28.192   -162.10     66.95      1.00
   2.85620   1.33447   4.31852    13.962    31.936    24.564   -162.09     48.40      1.00
   4.18402   1.64827   0.32949     8.269    -4.243    34.045   -162.08     49.18      1.00
   3.22401   1.27117   4.13043    27.981     5.228    -9.597   -162.06     37.29      1.00
   1.53121   1.23751   5.36740    17.536     1.737     1.473   -162.06     30.25      1.00
   2.47874   2.65953   2.79776    15.474    24.669    23.078   -162.05     46.51      1.00
   1.55628   2.28432   1.58682    14.095    28.084     8.222   -162.04     47.73      1.00
   1.80647   0.97060   4.17357    -1.505    23.879     5.295   -162.03     28.86      1.00
   4.54687   1.09242   4.72614    43.270   -11.253   -12.385   -162.01     56.13      1.00
   3.79882   2.00466   4.02626    31.572    23.966    -7.349   -162.00     48.34      1.00
   2.80535   1.53162   4.53210    -0.194    31.125    29.514   -162.00     49.93      1.00
   0.69802   2.29022   4.37730    28.115     6.086    27.144   -161.98     52.39      1.00
   3.05688   0.51848   4.85484    -4.142    21.315    11.463   -161.96     37.03      1.00
   2.96533   0.98657   4.23900    37.396     7.479    30.194   -161.94     50.90      1.00
   4.78236   1.77051   5.38237    12.642    25.770    -1.289   -161.94     42.04      1.00
   4.76309   2.02912   4.03013    31.044    20.963    29.150   -161.90     54.88      1.00
   2.43142   0.45921   2.74161     4.752   -15.731    34.170   -161.90     43.10      1.00
   2.20753   3.03159   1.10028    29.255    19.732   -10.218   -161.89     50.24      1.00
   4.74822   1.45471   4.70267     5.617    -8.669    14.173   -161.80     32.76      1.00
   4.53714   0.28039   2.69932    43.594    33.711     2.699   -161.79     59.64      1.00
   3.08271   1.84000   1.98401     3.766     3.975     2.157   -161.78     31.05      1.00
   0.86703   1.16523   5.28191    41.390    31.752    16.749   -161.72     56.86      1.00
   6.14129   1.88217   4.29911    30.377     4.147    25.441   -161.65     51.23      1.00
   1.27843   0.68528  -0.27695    -9.220    10.643     4.596   -161.61     26.68      1.00
   1.30022   1.80230   1.83774    19.883    -9.178    24.780   -161.50     46.90      1.00
   3.17171   1.22482   0.85820     3.394    -9.970    31.110   -161.50     47.03      1.00
   2.16506   0.73066   5.11442    -4.488     8.611     7.983   -161.46     24.45      1.00
   4.81083   2.58269   1.89417     8.975    31.579     3.058   -161.45     50.21      1.00
   4.77387   2.78167   5.12099    34.838    25.298    19.281   -161.43     55.78      1.00
  -0.45276   1.29112   0.86572    -0.022    19.865     0.504   -161.41     31.94      1.00
   2.75383   0.56376   5.03305     8.229    18.906     4.794   -161.39     34.92      1.00
   2.97360   0.98915   5.15256     9.178    22.604     2.022   -161.37     41.21      1.00
   1.78400   2.33432   1.14218    13.836     7.215   -12.019   -161.37     42.21      1.00
   1.25924   1.50545   2.18773     6.851     9.040    -4.138   -161.37     39.60      1.00
   3.50416   1.07568   1.59666     0.784     9.758     5.054   -161.35     27.68      1.00
   2.09944   1.20930   4.53256    34.432    32.578     0.566   -161.31     53.26      1.00
   5.45775   1.56615   4.11470    22.651    14.825    30.153   -161.28     51.78      1.00
   1.50233   1.42571   4.29358     9.654    -3.210    -6.252   -161.28     30.32      1.00
   1.48070   1.67480   4.70210    -1.067    -7.120    14.506   -161.26     30.21      1.00
   2.80038   2.05064   1.82081     2.845    11.864     1.287   -161.21     34.47      1.00
   0.82684   0.71763  -0.04859    47.366    -4.579   -14.552   -161.21     53.37      1.00
   3.29127   2.69772   0.09083    47.831     0.635    16.603   -161.16     68.30      1.00
   2.56211   0.40892   2.30950    39.639    20.464    26.300   -161.16     58.45      1.00
   3.70205   1.61508   4.78749    29.297    19.812    32.943   -161.15     57.93      1.00
  -0.00404   1.91795   0.56759    19.546    19.976    -6.579   -161.14     42.69      1.00
   3.67996   2.43303   0.87310    21.004     8.201    36.888   -161.14     58.34      1.00
   5.02831   0.82203   1.07349   -10.177    -4.732    37.933   -161.13     43.58      1.00
   2.64960   0.41393   2.25244    40.029    20.975    26.047   -161.10     58.64      1.00
   0.58862   1.07674   5.81665    37.705    -5.058    -3.154   -161.06     41.14      1.00
   4.37906   1.72027   1.98454    37.894    -8.518    27.572   -161.04     59.54      1.00
   5.04195   1.75779   2.19476    10.511    27.788    31.764   -161.03     54.94      1.00
   0.81785   0.70693   2.12689    15.991    29.068    21.743   -161.00     55.87      1.00
   1.04597   1.55277   1.39119     2.299     7.120    -2.059   -161.00     36.64      1.00
   1.54183   2.34234   2.34198     1.324    26.201    17.471   -160.99     45.17      1.00
   5.44978   2.18937   2.63332    18.045    -5.764    -0.046   -160.99     43.27      1.00
   2.47831   1.55782   6.20976    20.731     0.465    37.616   -160.97     55.11      1.00
   0.29455   1.77742   1.06740     3.858    37.787    16.757   -160.97     54.56      1.00
   2.01579   2.44605   0.73966     7.281   -11.366    22.691   -160.97     41.58      1.00
   3.29397   1.72107   0.86204    17.003    -4.502    33.437   -160.90     53.12      1.00
   0.25586   2.07027   2.54733    25.927    26.880    25.453   -160.89     61.33      1.00
   1.37260   1.88650  -0.13353    33.141    30.927    17.526   -160.87     58.40      1.00
   1.84181   1.38887   1.51089     1.362     0.976    42.826   -160.85     51.67      1.00
   3.03804   1.83788   2.98342    34.881    13.111   -11.713   -160.83     47.01      1.00
   5.53778   1.47935   0.75392     6.744     9.214    41.747   -160.83     51.36      1.00
   0.64876   2.07429   5.27899   -23.740     4.445     5.731   -160.81     37.22      1.00
   2.65243   2.06175   1.81695     3.179    14.159     1.769   -160.80     35.50      1.00
   3.46168   2.58114   0.29862    45.756    -0.738    16.145   -160.80     66.68      1.00
  -0.28974   1.72794   5.35750    20.845    -8.117    -0.154   -160.80     31.99      1.00
   4.37878   0.69456   0.33839     7.740    30.082    24.134   -160.79     47.86      1.00
   0.45354   1.53413   1.51429     0.042    18.734     0.815   -160.78     40.03      1.00
   0.01170   1.91680   3.78228    38.209    17.316    23.215   -160.77     60.77      1.00
   4.08177   0.68027   4.86054     5.369    28.525    20.341   -160.76     49.89      1.00
   2.61862   0.72535  -0.34034    25.140     8.553    -5.456   -160.76     46.50      1.00
   4.21983   0.72070   4.05868     6.036    27.363    17.837   -160.75     45.09      1.00
   4.52339   2.17591   5.94598     3.425    14.175    -0.835   -160.74     36.49      1.00
   5.79857   1.60106  -0.09867    16.314    10.926    35.681   -160.73     47.09      1.00
   5.66379   2.22320   2.05022     6.785    -7.876    30.055   -160.69     48.05      1.00
   3.38009   1.37376   2.15097    18.962    20.217    31.912   -160.68     47.75      1.00
   4.46007   2.18860   5.90702     2.862    13.748    -0.540   -160.68     36.40      1.00
   5.94032   1.71713   5.27602    -9.482   -10.684    21.194   -160.66     34.61      1.00
   3.80596   1.72363   4.93134    36.599    14.691    30.484   -160.66     59.84      1.00
   3.43967   0.85277   5.72820    19.175     8.553    37.200   -160.62     56.57      1.00
   1.11344   1.74057   2.21616    31.395   -10.170    19.193   -160.62     53.68      1.00
   2.46624   1.37694   3.43877    26.108   -10.721    -4.981   -160.60     37.32      1.00
   4.41146   1.58604   4.96946    35.503     3.783    30.271   -160.60     56.67      1.00
   1.15649   2.39994   1.57012    20.350    29.221    12.263   -160.60     51.91      1.00
   2.82138   1.56313   5.54417     9.367    26.797    32.930   -160.59     55.74      1.00
   1.59504   1.00126   4.36480     5.276    -9.495    27.203   -160.57     31.90      1.00
   0.67146   1.66446   4.57705    29.411    -4.623    17.477   -160.56     45.19      1.00
   1.80369   2.32505   0.19202    30.565    18.224   -19.412   -160.53     58.09      1.00
   5.00402   2.62700   1.52553   -17.185    17.126     7.663   -160.52     41.93      1.00
   3.02284   1.49978   2.63582    10.098    20.679     5.390   -160.51     31.70      1.00
   4.77967   2.41016   1.67487     8.767    26.465    -2.613   -160.47     47.11      1.00
   2.95931   2.06914   0.67385    35.709    30.412    20.035   -160.46     66.02      1.00
   4.29937   0.51152   2.38190   -26.215    11.296    22.341   -160.44     37.95      1.00
   2.60093   1.53984   0.22728    10.425    11.957    -2.686   -160.41     43.62      1.00
   1.54458   0.79544   1.93124     9.705    14.446    40.911   -160.39     55.92      1.00
   1.22578   1.52082   1.39994    22.061     4.524    -9.359   -160.35     46.81      1.00
   5.88272   2.15922   1.70500     9.660    -6.170    -5.620   -160.33     37.89      1.00
   1.70278   2.01459   2.21677    -0.031    23.312    12.964   -160.32     41.68      1.00
   3.02092   1.08234   2.37107    38.364    -4.947    32.218   -160.31     56.04      1.00
   4.51132  -0.41397   4.39493     4.428    -8.123    30.504   -160.29     45.38      1.00
   1.75595   2.98725   0.65832    29.514    21.302    -9.811   -160.27     51.03      1.00
   5.33641   2.07108   5.49801     6.504     1.950     0.586   -160.27     26.14      1.00
   4.32896   1.45228   1.39490    45.052    -5.275     8.996   -160.23     58.59      1.00
   3.93376   2.89997   1.76878    23.211    14.831   -10.558   -160.22     49.72      1.00
   2.73447   1.45533   4.44259    -0.685    31.653    27.788   -160.20     48.40      1.00
   0.06771   2.65402   2.98944    20.679     9.067    33.043   -160.19     56.07      1.00
   0.74257   1.05717   1.58732    45.922     6.762    27.694   -160.18     67.59      1.00
   5.73867   1.84877   2.54565    29.863   -10.464     3.029   -160.15     51.44      1.00
   3.90710   1.42361   1.11185    -0.657    -6.229    22.451   -160.15     38.36      1.00
   2.61383   1.51805   5.10316    19.851    29.548    -8.334   -160.14     52.00      1.00
   1.31011   0.84423   4.89335    32.485    31.908    16.805   -160.14     49.58      1.00
   3.45700   1.82346   0.72196    17.120    -0.266    36.291   -160.13     55.18      1.00
   1.02375   2.71509   6.24181    15.420   -11.157    25.744   -160.13     43.03      1.00
   0.08863   2.29297   5.26448    28.070     0.942    33.386   -160.13     50.22      1.00
   0.11209   0.49466   1.48575    45.632    -1.483    21.553   -160.12     59.58      1.00
   5.88837   1.01463   3.89594    41.252    16.572    25.571   -160.12     63.90      1.00
   0.10723   1.54713   4.38442     4.553    37.859     7.399   -160.10     45.90      1.00
   0.82258   0.65465   2.34005    43.633   -11.395    14.094   -160.10     63.88      1.00
   2.84267   1.61288   3.77060     6.956   -12.383    16.459   -160.10     27.90      1.00
   5.89324   0.48712   5.63316    25.060    26.133    30.563   -160.10     50.62      1.00
   1.91421   1.75200   0.47991    29.369    33.423    15.764   -160.07     61.23      1.00
   4.29493   1.14080   4.74113    46.071   -14.038    -6.930   -160.03     57.70      1.00
   3.87229   1.58972   2.42487     2.964     4.823    43.045   -160.02     49.16      1.00
   5.37319   2.45916   6.14717    63.216    11.781    12.205   -160.02     73.45      1.00
   5.85288   2.48856   0.96947    33.279   -12.611    -5.188   -160.01     50.34      1.00
   2.27353   2.34539   5.68611    -5.616    -3.206     9.080   -160.00     36.77      1.00
   4.64868   0.60343   0.29853    21.185     7.169    43.961   -160.00     56.85      1.00
   4.59388   1.58078   2.74529    34.947    -8.926     3.763   -159.98     47.34      1.00
   1.48985   2.87674   3.07067     8.153    28.097    28.290   -159.98     53.69      1.00
   4.33682   2.30756   5.81480     2.642    11.187    -0.490   -159.96     35.75      1.00
   0.95992   2.01700   4.47615     1.527    26.927    14.301   -159.87     41.84      1.00
   1.06626   1.59893   4.93462    32.542    -5.388     7.697   -159.85     43.39      1.00
   3.60526   1.97360   0.24996    12.454     8.143    41.825   -159.84     58.17      1.00
   3.41482   1.33673   2.11081    18.723    21.025    31.291   -159.83     47.65      1.00
   4.82563   1.01513   1.55324    27.136    28.858    24.669   -159.83     53.48      1.00
   0.72801   1.59924   3.86188     9.609     6.585    -4.228   -159.82     35.66      1.00
   3.48557   2.77107   5.03817    31.155    -0.518    -8.372   -159.81     49.63      1.00
   1.59236   1.26770   0.18652    31.049    39.572     0.102   -159.80     64.10      1.00
   3.09302   2.74349   4.41161    -2.408    -4.984     8.571   -159.76     31.34      1.00
   5.80718   2.52665  -0.09123    27.905   -14.007    10.105   -159.76     41.34      1.00
   1.96274   1.58827   0.57457    30.005    31.789    20.528   -159.76     62.30      1.00
   0.40102   1.47921   4.67833    27.308    35.590     3.358   -159.69     50.82      1.00
   5.26434   1.90113   1.31930    50.225     2.733    18.035   -159.69     67.12      1.00
   0.74556   2.40557   1.54185    20.523    27.636    18.030   -159.69     53.28      1.00
   4.82245   0.74669   2.89589    33.902    -8.427    12.022   -159.67     45.33      1.00
  -0.05067   0.32018   6.02984    46.545    30.881     4.269   -159.61     56.41      1.00
   5.62684   2.12960   3.57240    22.220     9.933    -9.352   -159.61     43.98      1.00
   5.66622   0.40713   5.28573    26.179    -6.037    -1.610   -159.55     38.45      1.00
   1.92295   0.83966   1.77946    19.254    -8.748     1.348   -159.51     44.10      1.00
   4.48083   1.74570   0.77166    11.159    -6.158    13.683   -159.49     38.25      1.00
   5.37533   2.68906   5.01197   -13.153     9.077    38.446   -159.49     48.59      1.00
   5.85835   1.08385   3.44820    25.597    27.129    14.797   -159.45     54.86      1.00
   6.02584   1.00980   3.19949   -11.406    24.968    28.911   -159.44     50.89      1.00
   1.01015   0.30101   4.06196    24.865    12.693    35.779   -159.44     49.53      1.00
   5.76146   1.34025   0.02862     3.993    -0.488    35.064   -159.44     40.81      1.00
   5.28958   0.87992   2.87627    35.857    -8.484     8.739   -159.44     50.20      1.00
   4.73637   1.00561   1.66548    27.714    27.519    26.027   -159.42     53.49      1.00
   5.30465   0.34261   3.41987    11.612    -4.042    44.864   -159.42     57.41      1.00
   0.95542   2.16097   3.72864    65.117    12.263     2.115   -159.41     80.12      1.00
   1.13324   1.75157   4.95843    41.327    33.866    25.619   -159.41     64.33      1.00
   1.32340   0.64950   6.01564    -8.677    11.282     4.781   -159.38     27.17      1.00
   6.02117   1.26397   0.04957   -17.737    -1.230    34.123   -159.37     42.17      1.00
   5.70191   1.22068   3.96040    21.272     5.010    -6.017   -159.37     40.25      1.00
   2.04646   1.02160   3.07258    47.305     4.758    24.661   -159.36     59.51      1.00
   5.47139   1.43663   1.71143    39.188    24.785    33.612   -159.30     68.67      1.00
   4.25433   0.92020  -0.49773    22.138     0.118   -22.203   -159.29     46.02      1.00
   4.23052   1.65466   1.95650    25.680   -12.159    28.047   -159.29     51.90      1.00
   2.38422   2.29105   1.00690     7.529   -10.711    26.549   -159.27     44.17      1.00
   4.89901   1.87791   4.97015    24.678    -2.556    -5.965   -159.26     36.59      1.00
   1.64599   1.75437   1.84308    31.186    -3.397    27.301   -159.18     54.05      1.00
   2.51995   1.42884   3.74516     8.403   -11.945    21.196   -159.18     30.11      1.00
   4.81079   2.23165   5.85713     3.515    38.323    19.045   -159.16     55.39      1.00
   2.18001   1.69291   2.29820    26.768    18.269    -4.765   -159.14     48.17      1.00
   0.89369   1.32111   2.70699     6.696    -3.068    37.348   -159.12     50.15      1.00
   0.48924   0.80543   3.95659    -9.077     4.165     2.660   -159.09     27.30      1.00
   5.59648   1.67769   2.00649    26.094    33.913    15.751   -159.06     60.06      1.00
   3.39075   1.62004   3.74352    40.896    -9.729    17.506   -159.05     48.43      1.00
   1.89322   1.80915   4.99336    18.909    20.502   -15.236   -159.05     48.51      1.00
   1.36189   2.13093   5.08025    27.287    -0.503    22.622   -159.03     47.70      1.00
   2.95354   2.81609   4.52486    32.193    -2.434    -6.090   -159.03     50.00      1.00
   2.81608   2.73175   6.06362     5.203    -7.083     7.616   -159.01     40.42      1.00
   0.00907   1.91461   3.77018    38.149    17.247    22.840   -158.98     60.64      1.00
   4.73761   0.73024   3.69096    10.369    15.541   -18.324   -158.95     38.73      1.00
   1.43121   1.28288   5.33939    17.912     0.045     2.437   -158.91     30.04      1.00
   2.38062   2.30796   2.37540    17.717    -3.571    29.050   -158.90     42.77      1.00
   1.95305   1.16042   4.22207    29.017    30.544    -1.815   -158.90     47.28      1.00
   1.01408   0.80205   1.82064     1.841   -10.389    24.521   -158.86     42.23      1.00
   3.56872   1.37693   4.17322    42.805   -11.824    13.462   -158.85     50.49      1.00
   0.21099   2.18136   5.47244    26.982    -3.865    31.216   -158.82     47.66      1.00
   3.04483   1.87848   1.99330     3.291     4.683     1.841   -158.81     31.17      1.00
   3.02637   1.12878   2.37581    39.067    -5.523    31.125   -158.80     56.11      1.00
   2.70016   0.52248   4.08184    15.087     8.354    -2.471   -158.79     20.84      1.00
   4.92859   0.66979   2.78204    34.561    -8.296    13.640   -158.78     46.38      1.00
   3.67872   1.68872   0.57906     6.639     3.070    42.404   -158.77     55.69      1.00
   5.78763   1.65166   3.57287    19.758   -13.850    28.197   -158.70     52.45      1.00
   4.62528   0.25936   5.03179     5.476    -7.263    33.167   -158.67     48.24      1.00
   2.63697   2.07556   5.92057    16.004     1.691    -2.805   -158.67     43.81      1.00
   2.76115   2.22621   1.15696    17.027    -9.264    26.150   -158.60     48.11      1.00
   4.12620   2.63318   5.41773    -3.712     1.170     2.906   -158.59     31.43      1.00
   4.35738   1.63660   3.86200    18.533    10.012    39.700   -158.59     52.25      1.00
   2.67375   1.46756   5.14086    20.094    31.167    -6.970   -158.58     53.00      1.00
   0.95886   2.00740   0.34933    32.525    -9.220    -1.107   -158.54     45.88      1.00
   2.67997   1.27358   5.18786    -7.847    35.200    16.200   -158.51     50.95      1.00
   0.07677   1.14684   4.14991    37.848   -11.313    24.344   -158.50     58.14      1.00
   4.82554   2.19456   5.88338     3.993    38.404    19.971   -158.47     55.79      1.00
   2.30337   1.72224  -0.06026    28.239    22.011    30.429   -158.45     60.14      1.00
   4.69424   1.54843   4.16785    10.058    -4.045     0.304   -158.43     28.83      1.00
   0.86057   2.41974   3.67440    64.413    10.856     6.170   -158.40     80.45      1.00
   3.16413   1.86708   3.99825     1.366    -9.236     9.945   -158.40     25.55      1.00
   1.90281   1.87433   2.25082    -1.246    20.769     9.975   -158.39     38.74      1.00
   3.52684   2.31986   2.70410     7.106    -8.737    29.503   -158.39     40.91      1.00
   0.42144   0.84074   4.01628    -8.280     4.198     2.248   -158.38     27.20      1.00
   2.38620   2.26644   0.45709    16.240    31.563     6.459   -158.38     52.92      1.00
   5.66146   1.07929   5.18528     6.204   -10.706    12.904   -158.36     30.45      1.00
   3.31015   2.92730   0.86544    45.450    12.194    28.627   -158.30     69.06      1.00
   0.67670   1.27036   1.31425    22.732    16.785    -9.952   -158.26     48.94      1.00
   0.97239   2.85379   3.65114    -7.820    -4.326     9.255   -158.24     37.29      1.00
   5.04828   2.44904   4.30159    19.062    21.870    -6.511   -158.22     40.56      1.00
   5.23611   2.65426   4.89299   -12.265    10.298    39.103   -158.19     49.17      1.00
   0.99552   2.39321   4.45801     2.042    -0.041    35.184   -158.19     46.53      1.00
   1.16398   1.93391   1.84779    21.547   -10.352    20.635   -158.18     46.16      1.00
   1.70682   2.43099   4.94679    11.941    28.018    36.513   -158.17     57.19      1.00
   4.53231   1.90909   2.03250    37.375    -4.977    29.830   -158.17     61.15      1.00
   3.26595   1.91976   3.52761    26.837    -2.992    28.935   -158.16     43.33      1.00
   2.55251   1.45503   3.22779    -7.415   -12.402     8.139   -158.14     26.65      1.00
   4.30628   0.29555   0.84625    11.526    -2.437    44.597   -158.14     51.43      1.00
   3.97683   1.07003   0.58913    30.538    -7.808    13.407   -158.07     50.06      1.00
   5.51256   1.69196   2.04629    27.237    33.458    17.745   -158.05     60.77      1.00
   3.33748   2.89787   1.30628    22.908    18.467    -9.803   -158.05     50.23      1.00
   4.50634   1.65781   3.94560    50.979     9.326    25.719   -158.04     64.38      1.00
   0.48343   1.05402   2.42480    11.332    -6.749     7.072   -158.03     39.90      1.00
   1.75477   1.05994   1.53604    18.197   -11.685     9.941   -158.02     44.78      1.00
   5.34869   1.96025   0.44293    13.686    -1.682    27.545   -158.01     42.66      1.00
   2.69030   1.06333   4.76014    12.037    12.006    -2.112   -158.00     31.29      1.00
   3.59553   2.23820   1.98734    33.249   -15.124     6.424   -157.99     52.58      1.00
   3.58387   0.93267   3.79432     8.417    30.222    29.510   -157.95     47.79      1.00
   2.55390   1.57118   5.88796    16.695    -0.265    -0.331   -157.92     41.47      1.00
   5.71665   1.47179   1.28507    19.283    40.605    24.211   -157.90     62.13      1.00
   4.55489   1.67786   1.89759    39.805    -4.305    30.010   -157.88     61.91      1.00
   2.46971   1.79281   3.69231    21.907    -0.509   -13.328   -157.87     38.97      1.00
   4.04878   0.57498   4.27146    44.361    27.981     0.909   -157.83     62.98      1.00
   2.04625   1.11628   4.71839    21.770     9.910   -12.636   -157.83     36.76      1.00
   0.55676   2.14344   5.32817     3.682    -9.745    23.922   -157.81     37.20      1.00
   0.13486   2.28187   0.52651    19.010    10.746    -8.812   -157.80     39.65      1.00
   0.68532   1.15170   2.45218    24.999    28.424    11.666   -157.79     57.19      1.00
   0.35073   2.78742   5.21909    31.734    28.371    -3.992   -157.76     53.91      1.00
   0.44758   1.09278   4.20144    12.790   -15.903    22.170   -157.75     42.01      1.00
   5.51478   1.61719   3.14223    44.725   -12.494    22.927   -157.74     65.73      1.00
   4.63436   1.87273   3.94746    31.287    22.446    25.462   -157.72     53.82      1.00
   4.82017   1.58423   4.21536     9.250    -1.705    -0.749   -157.71     28.76      1.00
  -0.01491   0.81616   4.88152     3.249    -5.948     5.179   -157.66     23.96      1.00
   1.80763   1.73770   0.26730    13.407   -11.665    19.462   -157.66     41.65      1.00
   5.11130   2.67615   1.95804     2.107    -5.718     2.564   -157.64     38.48      1.00
   1.85914   0.94221   4.63411    -9.803    -6.649    17.166   -157.64     24.55      1.00
   2.65254   2.72598   2.50294     9.922   -10.653    14.423   -157.62     34.10      1.00
   2.98338   0.54996   3.21826    21.060    23.742    31.247   -157.62     43.90      1.00
   5.62387   1.63222   6.28517    35.978     5.023    25.576   -157.61     51.31      1.00
   5.51481   1.10434   1.07390    33.172    33.433     8.549   -157.58     55.77      1.00
   3.14925   2.81052   4.69807    32.157    -1.796    -6.943   -157.58     50.01      1.00
   0.64959   2.00728   1.14452     3.725    34.710     8.860   -157.54     51.09      1.00
   2.57737   2.44228   5.86433    56.123    -1.730    -1.210   -157.52     73.26      1.00
   5.57434   2.06422   2.57999    27.779    -8.019    -2.069   -157.52     49.89      1.00
   3.76616   0.55719   1.58151    16.154    14.067    45.893   -157.51     54.82      1.00
   2.08464   2.08341   1.82701    33.105    23.691    -5.584   -157.50     55.94      1.00
   0.95504   0.28510   4.12377    24.985    13.259    35.870   -157.50     49.76      1.00
   1.82734   2.34321   1.40301     8.386    12.670    -9.853   -157.48     40.62      1.00
   5.57454   0.79074   0.14606    19.016    19.906   -10.036   -157.47     32.82      1.00
   5.71311   1.96813   2.52264    -7.978    29.970    28.322   -157.46     53.57      1.00
   4.80961   1.00313   1.59497    27.303    28.425    25.176   -157.45     53.46      1.00
  -0.22342   2.94103   3.14874    -7.429    33.293    25.066   -157.43     53.70      1.00
   2.00863   2.63642   0.37374    31.544     9.328   -20.336   -157.42     56.74      1.00
  -0.08077   2.58167   5.11826     6.948    24.047     2.438   -157.40     38.16      1.00
  -0.06735   1.30148   3.50735    13.067     6.976    -3.030   -157.39     38.61      1.00
   4.14914   2.58147   5.47347    -4.413     2.543     2.593   -157.35     31.82      1.00
   5.79762   0.73825   1.61130    10.639    27.537     0.980   -157.33     40.52      1.00
   3.60571   1.86947   1.25052    31.403    32.601    15.104   -157.30     61.02      1.00
   4.91192   1.47654  -0.04399    38.728    32.003    27.499   -157.30     67.30      1.00
   2.76515   2.28338   4.66010     9.004     4.429    -2.250   -157.30     35.97      1.00
   5.98982   2.04998   5.98324   -13.871     6.876    38.193   -157.27     47.33      1.00
   2.32938   1.19711   1.38963     5.273   -10.670    12.409   -157.27     39.03      1.00
   3.43826   1.09610   1.64649     0.327    10.956     5.147   -157.26     28.06      1.00
   2.74795   0.90298   5.16367    40.889   -11.636    24.911   -157.25     55.47      1.00
   0.93388   1.80043   2.30652    26.082   -11.645    16.687   -157.21     50.16      1.00
   1.35113   1.77741  -0.06855    34.532    29.862    19.072   -157.20     58.97      1.00
   2.52310   1.67955   4.89156    49.082    28.657    18.802   -157.19     68.88      1.00
   1.14212   2.86821   3.11342    10.498    -2.636     0.554   -157.18     39.13      1.00
   3.70330   0.99595   3.78495    24.456    29.688     4.407   -157.16     44.61      1.00
   4.69807   2.21033   3.07729    23.656    17.654    36.250   -157.15     55.95      1.00
  -0.00920   0.45389   1.67877    43.861    -2.853    20.793   -157.14     58.23      1.00
   4.66042   1.06655   3.38574    -3.748    28.013    30.916   -157.13     50.50      1.00
   5.71419   1.57808   2.85561    41.626    -7.018    27.084   -157.13     65.18      1.00
   0.03745   1.29996   4.00611    49.253     5.093    21.382   -157.10     65.43      1.00
   0.05386   0.34460   5.25264    23.924    21.846    33.831   -157.08     49.29      1.00
   4.86699   2.56664   1.95359     2.037    -0.806    -1.447   -157.08     37.49      1.00
   0.41099   2.37802   1.27959    20.454    27.698    22.174   -157.08     54.58      1.00
   4.32046   2.10195   2.54029    52.170     4.213    23.602   -157.06     67.33      1.00
   0.07610   0.81930   4.88038    20.252    -4.157    -2.763   -157.03     31.19      1.00
   0.66189   1.41309   4.62904    17.060    38.805    15.553   -157.01     49.47      1.00
   1.06811   1.82610   5.19365    12.703    -5.124    15.590   -156.99     34.02      1.00
  -0.16598   1.19379   3.67573     1.154     4.484     3.072   -156.97     32.79      1.00
   1.36875   1.54278   4.40820   -19.787    -1.681     4.758   -156.96     32.03      1.00
   2.47704   1.27504   3.37997    27.239   -12.201    -2.635   -156.96     37.67      1.00
   0.75461   2.48469   0.84735    32.309     3.006   -10.719   -156.90     48.24      1.00
   3.43594   0.73754   5.22896    30.055    34.576    28.171   -156.88     66.51      1.00
   5.88454   2.32148   5.74000   -13.953     7.214    38.206   -156.88     47.92      1.00
   0.15956   2.65628   1.63842    35.314    25.090    19.973   -156.87     62.74      1.00
   4.38789   1.47396   1.41580    17.858    -8.346    23.270   -156.84     44.11      1.00
   4.52542   1.57369   3.27778    11.950    -7.139     6.388   -156.83     30.44      1.00
   3.53664   0.77173   5.73112    18.787     5.791    36.986   -156.81     55.89      1.00
   4.40510  -0.01445   1.50624    54.255    32.364     9.428   -156.80     64.06      1.00
   5.32594   0.51071   0.56058    28.870    31.385     9.211   -156.79     45.96      1.00
   2.49461   1.44745   3.75572     8.832   -12.124    21.124   -156.76     30.47      1.00
   2.57074   1.56715   5.99834    36.136    14.712   -12.990   -156.75     60.39      1.00
   3.73454   2.83669   2.28235    35.095   -15.849     1.491   -156.74     53.65      1.00
   0.33154   1.05536   4.12070    22.828   -18.620     3.247   -156.74     44.44      1.00
   1.96820   0.99443   1.91747    -5.698    -8.148    10.973   -156.73     34.85      1.00
   5.67327   1.53377   3.01183    20.638   -10.892    35.026   -156.73     56.68      1.00
   0.38490   0.83182   4.67874    20.474     0.584    -6.516   -156.72     31.49      1.00
   1.96538   2.02314   0.10244    31.076    23.754   -16.375   -156.71     60.42      1.00
   5.97012   1.87763   4.28786    48.239     6.133    19.581   -156.65     62.18      1.00
   2.01215   1.03079   1.87477    -5.072    -7.986     9.782   -156.64     34.69      1.00
   3.87513   2.35943   1.41857    50.601     9.501    26.231   -156.62     72.05      1.00
   3.83805   0.56714   2.04522    31.131    -1.513    -1.169   -156.62     35.53      1.00
   4.14738   1.64914   0.32830     8.945    -4.403    33.918   -156.61     49.44      1.00
   1.83331   2.20680   3.31032     0.845   -10.850    23.196   -156.59     36.94      1.00
   2.01487   1.97831   3.26647    14.971    -8.416    22.167   -156.58     38.51      1.00
   3.50253   2.08133   5.52492     1.942    19.946     0.564   -156.58     42.41      1.00
   4.36310   1.60623   5.10563    34.893     3.716    30.053   -156.58     56.58      1.00
   2.79002   1.25968   3.42239    52.938     4.841    27.476   -156.57     60.81      1.00
   0.00670   1.65979   2.36723    47.485   -10.599     2.950   -156.57     65.73      1.00
   0.78068   2.21659   4.68375    -5.819    14.941    -6.209   -156.57     36.87      1.00
   0.73219   1.87568   1.02169     2.972    32.493     4.647   -156.56     48.77      1.00
   4.10753   1.69241   1.29858    -2.109    33.841     4.029   -156.55     44.97      1.00
   1.87991   1.12901   4.05771    17.381   -10.752    19.083   -156.54     32.77      1.00
   0.63323   2.60141   1.50363    43.186    28.067    10.287   -156.52     65.54      1.00
   4.99242   1.15517   0.74808     7.852    -5.682    17.012   -156.50     30.63      1.00
   0.63650   1.65841   4.68252     9.927    -4.948    23.993   -156.49     36.99      1.00
   1.06660   0.76246   4.93804     7.220    14.422    -4.522   -156.48     21.80      1.00
   4.63510   1.68891   4.73209    40.902    -4.945   -12.494   -156.48     50.99      1.00
   3.05268   2.06072   3.36494    53.735    -1.084    21.020   -156.45     61.36      1.00
   2.77417   0.57457   6.09664     0.548    26.815    12.225   -156.43     47.05      1.00
   2.06927   0.51523   4.68326    -6.661    28.096    11.855   -156.40     34.39      1.00
   4.82952   1.14583   0.86879    17.188    -4.268    11.398   -156.38     33.21      1.00
   0.03954   1.99167   0.15966    -4.253    -3.541     4.488   -156.37     25.15      1.00
   0.39058   1.42673   1.70233    32.615    23.937   -10.158   -156.36     59.38      1.00
   5.71582   1.61569   5.01248     1.566   -12.549    20.453   -156.33     35.11      1.00
   0.29483   0.74421   5.06608    26.067     3.788   -10.160   -156.32     33.48      1.00
   0.80975   1.87729   0.12413    -1.573   -10.397    10.956   -156.31     29.61      1.00
   4.43649   2.53448   6.38421    38.816    15.068    28.087   -156.30     65.10      1.00
   0.76782   0.71744  -0.00771    46.698    -4.529   -15.107   -156.29     52.82      1.00
   1.69773   1.67488   4.94731    20.739    -2.629     2.962   -156.28     36.66      1.00
   5.15431   0.73356   0.94402    41.425    -5.358   -13.964   -156.27     47.22      1.00
   0.88127   1.50122   1.99702    19.570   -10.970    12.995   -156.26     45.15      1.00
   4.77542   1.07279   4.45715    20.055    -6.958     6.420   -156.25     37.85      1.00
   1.91823   2.45797   6.00970    42.007    31.568   -13.507   -156.23     69.45      1.00
   5.38257   0.42004   3.35848    11.639    -6.028    43.531   -156.20     56.60      1.00
   5.22373   1.54127   1.49162    40.869    13.625    34.322   -156.19     66.41      1.00
   1.66836   2.22141   5.91109    26.363    16.980   -19.114   -156.17     54.95      1.00
   2.57576   0.88152   1.53716    -5.265   -11.208    18.747   -156.15     37.81      1.00
   3.27930   2.62471   3.94930   -11.192    -4.006     0.669   -156.15     30.16      1.00
  -0.34329   0.40909   5.64029    26.113    24.710    31.558   -156.10     50.75      1.00
   5.23104   0.81226   4.36550     0.059    22.252    37.634   -156.10     54.69      1.00
   2.18847   2.16462   3.10611    32.522     2.173   -19.358   -156.09     52.48      1.00
   4.34489   0.72074   4.78693    31.704    30.072    12.204   -156.09     59.33      1.00
   5.76097   0.48811   3.94939     3.884   -11.255    25.663   -156.07     43.63      1.00
   1.78399   1.31169   4.89331    -7.823    -3.696    12.330   -156.06     25.83      1.00
   2.15859   2.84471   4.47636    11.277    -3.498     1.409   -156.04     40.06      1.00
   4.28230   1.89505   3.85585     6.503    24.043    32.414   -156.03     48.16      1.00
   1.29366   2.51348   2.27694    31.002    27.574    11.033   -156.03     57.41      1.00
   1.96905   1.32898   0.68451    27.817    15.166    38.215   -156.01     61.62      1.00
   1.17580   1.45323   2.46419    25.975    10.769   -13.168   -155.99     52.20      1.00
   0.40067   2.30115   3.89241    11.699     6.416    34.679   -155.96     50.16      1.00
  -0.02015   1.58484   3.11649    34.525     5.512   -10.846   -155.96     55.82      1.00
   1.93746   1.83157   0.28028    12.948   -10.971    21.149   -155.94     42.80      1.00
   4.93574   1.31695  -0.05836    38.349    28.755    30.424   -155.94     66.15      1.00
   4.31786   1.66875   0.67331    36.990    -2.961    20.716   -155.92     57.80      1.00
   1.47328   2.45461   4.90218     0.403    -4.743    31.446   -155.92     44.32      1.00
   2.68342   1.78573  -0.01747    12.540     6.855    -2.887   -155.92     43.26      1.00
   3.07391   2.86053   2.60458     7.765    -8.787    31.916   -155.86     42.18      1.00
   4.53985   1.50680   1.47273    44.914    -5.960    10.901   -155.84     58.76      1.00
   0.37105   1.29906   5.81114    14.382     5.650    -7.867   -155.83     25.80      1.00
  -0.33500   0.62816   5.91839    12.366    33.559    16.652   -155.83     41.44      1.00
   3.12302   0.27540   2.31109    -2.031     8.605    50.692   -155.82     52.76      1.00
   0.98530   1.97615   4.38984    24.953    -7.297    15.042   -155.81     45.05      1.00
   3.65155   1.46656   2.66241   -15.548    -8.906    34.607   -155.79     43.57      1.00
   3.30209   2.08586   1.79372    53.095   -11.459    -0.984   -155.78     67.64      1.00
   3.93755   0.99946   0.61390    30.066    -8.219    11.538   -155.78     49.14      1.00
  -0.29989   2.80038   1.98438    11.477    33.072    21.149   -155.77     57.27      1.00
   3.72034   1.29276   3.43810    -9.405    25.539    20.767   -155.68     39.00      1.00
   5.97718   1.75000   5.76552     2.754    -1.683    33.007   -155.67     39.35      1.00
   5.74606   1.42079   4.58751     3.240    25.737    -4.962   -155.65     36.64      1.00
   2.53478   1.12103   0.04435    13.965    14.258    -2.989   -155.64     44.81      1.00
   3.54673   1.85890   1.36655    12.934    -1.339     4.278   -155.63     38.70      1.00
   2.74779   1.03486  -0.38461    19.645    19.743    -4.111   -155.60     48.78      1.00
   5.15267   0.91350   0.49808    13.115    29.023     7.435   -155.60     38.82      1.00
   3.15040   2.74048   0.67650    43.085     8.360    28.958   -155.57     67.28      1.00
   2.93045   1.67110   3.77130     7.052   -12.503    15.120   -155.55     27.65      1.00
   2.73795   2.02953   5.21504    32.170    10.990   -13.238   -155.54     55.11      1.00
   4.63117   1.14183   3.39698    -4.311    27.275    32.261   -155.54     50.79      1.00
   0.89171   1.48872   1.57415     2.969    10.816    -2.482   -155.49     38.35      1.00
   4.17093   0.66519   4.78939     5.210    28.721    20.933   -155.48     50.16      1.00
   3.94403   0.98680   1.60849    37.478     5.670    -8.275   -155.46     47.62      1.00
   5.91374   0.83025   3.65556    19.168     7.188   -10.321   -155.43     42.11      1.00
   5.74471   2.10994   4.90751    40.993   -10.894     6.911   -155.43     50.76      1.00
   4.51876   0.52032   2.76369    44.383    33.797     6.851   -155.43     61.00      1.00
   1.23540   1.98087   4.22118    -0.756    19.754     2.123   -155.43     37.36      1.00
   5.32824   0.38276   0.40079    21.781    32.429    11.392   -155.42     42.43      1.00
   0.80900   1.40769   4.73810    29.901    39.221    21.022   -155.40     56.91      1.00
   1.13591   0.73518   1.03387    41.801    35.942    20.281   -155.39     72.29      1.00
   1.54835   2.01492   3.56922    31.973    -8.304     5.274   -155.38     49.27      1.00
   5.11806   1.76546   6.12841    27.271    36.681     0.106   -155.37     56.29      1.00
   2.53992   2.31807   3.53938   -11.596     7.696    -4.847   -155.35     33.56      1.00
  -0.05797   1.61077   4.41449     0.145    34.441     6.321   -155.33     42.90      1.00
   1.73579   1.29076   3.53253    20.658    26.001    -4.638   -155.32     43.31      1.00
   4.93656   1.31148   2.59839     2.332   -10.972    26.580   -155.30     40.43      1.00
   4.13346   2.75184   2.73224    10.312     2.678    42.433   -155.29     52.46      1.00
  -0.00478   1.53602   3.67668    30.952    22.153    24.260   -155.28     57.99      1.00
   2.86207   2.26557   4.72943     8.488     5.454    -2.399   -155.28     36.02      1.00
   4.63431   2.39613   4.60068    26.005    22.737    26.394   -155.27     51.05      1.00
   3.37353   1.27264   4.97019    18.092    38.047    13.342   -155.26     57.04      1.00
   2.13244   2.35392   1.56284     8.454     7.417    -9.443   -155.26     38.76      1.00
   5.23832   1.09183   4.39160     3.564    21.659    35.657   -155.25     52.71      1.00
   0.32444   0.33600   5.59693    26.189    31.553    11.216   -155.22     42.61      1.00
   1.44584   0.60419   6.02271    -7.134    13.315     4.655   -155.19     28.95      1.00
   0.69827   1.85107   1.80433   -12.370    16.571     4.848   -155.19     40.06      1.00
   0.36497   1.00136   4.17143    14.560   -15.416    24.160   -155.18     43.96      1.00
  -0.03516   1.05176   2.70304   -21.898    -7.776    13.662   -155.13     38.94      1.00
   2.03923   1.04281   2.99085    29.545     4.425    31.372   -155.13     49.37      1.00
   3.59778   2.22129   1.99420    33.441   -15.109     6.606   -155.12     52.64      1.00
   5.58447   2.79520   3.94495    29.247    20.600    -8.899   -155.12     50.54      1.00
   5.57588   0.39287   1.23027    44.828   -12.681    10.274   -155.11     49.51      1.00
   1.50808   1.81711   5.74896    38.411    -3.331    12.308   -155.09     51.42      1.00
   3.54763   1.56950   4.14098    27.656    14.910   -10.330   -155.09     41.82      1.00
   4.24601   1.32645   1.01183    28.264    -4.745    13.811   -155.04     46.56      1.00
   3.10818   0.93002   3.03588    29.256    30.982    25.499   -155.04     49.80      1.00
   3.38030   0.82686   3.18165     8.082    14.078    -0.300   -155.02     19.46      1.00
   3.90228   2.00526   2.01594    15.763   -16.503    23.748   -155.02     47.23      1.00
   1.42495   2.11327   3.07928    12.631   -11.483    13.156   -154.95     39.60      1.00
   2.54592   1.99707   2.64017     2.846    25.344    19.560   -154.95     40.19      1.00
   1.35522   2.30844   2.51157     8.719    29.682    15.711   -154.93     49.38      1.00
   3.54757   2.82875   2.47963   -14.341   -10.880    15.025   -154.88     38.15      1.00
   5.20270   1.84524   3.14789    -7.438    -1.460     6.262   -154.87     32.07      1.00
   1.28721   1.02389   0.25149     9.400    15.417    40.350   -154.84     51.67      1.00
   3.06663   1.73606   1.90188     6.091     3.478     2.118   -154.84     31.97      1.00
   2.97238   1.85798  -0.26665    18.634     4.236    -7.238   -154.81     46.41      1.00
   0.93567   1.45030   2.82907     7.100    -4.776    35.580   -154.80     48.76      1.00
   1.94108   1.32903   2.58879     1.323    16.175     1.443   -154.79     33.95      1.00
   3.55251   1.73622   0.40401    11.329     2.797    40.750   -154.75     56.18      1.00
   2.54450   0.64920   3.70809     9.529    17.854    40.035   -154.73     43.69      1.00
   3.66690   0.98967   3.79911     9.941    29.105    30.967   -154.73     48.74      1.00
   3.99496   1.20488   0.61190    30.627    -7.103    14.676   -154.69     50.80      1.00
   4.19495   2.17362   5.92738    27.578    15.109   -10.994   -154.67     51.49      1.00
   0.22458   2.62345   6.35328    -6.784   -12.756    19.657   -154.63     34.74      1.00
   2.90593   2.04380   0.21425    10.886    -6.213    13.913   -154.63     42.96      1.00
   0.46163   0.54351   5.00500    26.900    13.792    37.237   -154.62     49.59      1.00
   3.02453   2.27362   2.61580    -4.567    13.410     2.838   -154.58     31.00      1.00
   1.05975   2.72724   1.10730    24.386    -8.995     9.654   -154.57     40.27      1.00
   0.26252  -0.45145   0.62798    13.149    21.204     1.229   -154.56     30.45      1.00
   1.29194   1.61267  -0.04670    16.678    27.075    28.817   -154.56     51.49      1.00
   0.87643   0.96572   4.33846    -5.651     6.135     0.745   -154.55     22.44      1.00
   1.46983   1.05741   5.36742     5.773     0.851     6.175   -154.52     22.02      1.00
   2.72842   2.83888   2.85098    17.400    28.497     3.627   -154.50     45.74      1.00
   1.61198   0.99385   0.23889    32.814    41.077     7.588   -154.50     66.34      1.00
   2.40312   1.61007   4.56705    -7.906    22.199     1.131   -154.49     37.19      1.00
   6.05839   2.10418   1.79136    11.223    -7.137    -3.733   -154.45     38.53      1.00
   4.23721   2.23123   1.26882     9.679    31.240     3.675   -154.45     49.58      1.00
   4.97957   2.09948   1.24796   -14.208    16.363     4.593   -154.41     37.89      1.00
   3.03886   0.97228   5.00107    14.015    21.623     0.040   -154.39     41.21      1.00
   3.78142   2.46758   3.82894    11.418    27.424     8.934   -154.38     41.15      1.00
   4.16666   0.88253   1.63946    37.807     2.130    -7.196   -154.37     45.45      1.00
   1.26975   1.16047   6.00808    31.022     2.664    -8.434   -154.36     42.65      1.00
   0.76554   2.06504   1.10675     1.847    33.227     6.352   -154.32     49.34      1.00
   2.08186   0.79305   0.40598    23.940   -18.178    19.087   -154.28     49.61      1.00
   0.16177   2.79855   5.02560    31.510    27.692    -5.037   -154.27     53.47      1.00
   2.85567   1.41208   1.75424     8.412     4.983     3.938   -154.24     33.80      1.00
   0.89904   2.13906   0.26397    41.788    32.823     2.458   -154.22     62.89      1.00
   0.42414   0.44406   1.72802    52.666    27.890    27.090   -154.20     77.97      1.00
   2.62948   1.08347   3.16115    30.383   -14.238     1.690   -154.16     39.66      1.00
   1.69288   1.69778   4.88966    21.642    -3.198     3.061   -154.15     37.44      1.00
   1.53639   1.90324   1.40234   -11.186   -12.937    46.288   -154.13     53.85      1.00
   4.65473   2.28619   2.23673    42.343    18.044    27.421   -154.11     66.50      1.00
   6.34993   1.85498   4.58364    29.287     0.314    23.440   -154.10     47.89      1.00
   4.96871   1.13673   0.85335     7.083    -6.111    16.639   -154.10     30.07      1.00
   1.18311   1.23801   4.81044     4.523    -7.376    20.898   -154.09     29.02      1.00
   1.55888   2.94388   5.03507   -24.458    29.245    30.009   -154.06     56.15      1.00
   5.65621   2.15848   5.36657     5.580     4.120    37.128   -154.06     44.97      1.00
   2.63439   0.75089   5.83688    13.307     8.620    -0.888   -154.05     38.58      1.00
   4.41150   0.69176   4.40520    26.762   -12.576    -6.529   -154.03     43.14      1.00
   5.07729   1.57851   1.51831    23.233     9.380    41.828   -154.03     59.87      1.00
   1.61193   1.82774   0.47864    29.814    33.423    14.388   -153.97     59.98      1.00
   5.50053   2.32751  -0.31969    26.992     3.973    -8.097   -153.97     39.98      1.00
   4.92404   0.99062   0.89000    13.252    -6.460    11.408   -153.96     28.89      1.00
  -0.09569   0.81833   4.37219    26.393   -11.337    28.752   -153.95     52.00      1.00
   4.49152   1.06128   4.55975    27.912    29.594    13.921   -153.94     55.29      1.00
   1.89997   1.91941   1.67883     8.877    24.210     6.209   -153.94     44.03      1.00
   0.09804   1.57894   1.79230     1.663    25.298     4.587   -153.92     44.51      1.00
   4.40177   2.82354   4.72167    34.844    26.183    17.733   -153.91     55.54      1.00
   0.72201   1.63420   2.58903    52.722    28.874     0.329   -153.90     76.31      1.00
   5.11819   2.55177   5.31950    42.941    28.794    13.452   -153.90     61.01      1.00
   2.55842   1.04941   0.71495    35.772     5.272    -7.403   -153.88     57.84      1.00
   2.69689   2.00670   3.38550    -2.270     0.935    -4.516   -153.88     27.46      1.00
   0.64854   1.31619   3.65738    11.199     0.394    -1.876   -153.87     35.71      1.00
   3.54383   1.04797   1.61897     1.073     9.377     5.303   -153.87     26.96      1.00
   0.59881   1.26503   4.72892    30.445    41.267    14.619   -153.85     56.43      1.00
   2.23945   1.01705   0.09384    12.363   -14.437    33.762   -153.85     49.17      1.00
   5.86091   1.95243   1.95105    24.233    34.170    10.959   -153.85     59.85      1.00
   4.37581   1.46405   1.34643    18.852    32.812    -8.356   -153.85     48.92      1.00
   1.43672   1.94295   5.66516    39.383    -2.201    14.541   -153.82     52.81      1.00
   0.90826   2.36238   0.14324     0.936   -13.601    19.455   -153.80     35.78      1.00
   0.60505   1.55018   1.44638    -1.374    15.779    -0.302   -153.77     38.46      1.00
   3.77316   1.27801   3.53170    -7.281    27.071    21.989   -153.77     40.86      1.00
   3.10744   2.27404   5.05753    -0.174    10.222    -0.956   -153.77     36.57      1.00
   2.12545   2.10885   3.02167    34.290     0.296   -19.115   -153.76     53.76      1.00
   0.18128   0.37393   4.66860    25.077    -1.310    -6.412   -153.70     36.26      1.00
   0.40511   0.63653   4.69029    26.517     2.959    -9.220   -153.70     35.91      1.00
   5.88956   1.01905   3.46298    26.048    27.828    14.993   -153.66     55.61      1.00
   0.91729   0.60566   4.15476    25.275     5.323   -10.618   -153.65     36.93      1.00
   4.50479   2.28383   2.19334     5.464    13.878    43.522   -153.64     56.34      1.00
   3.74787   1.55233   4.53175    10.450    17.405    41.383   -153.59     53.90      1.00
   0.61958   1.89351   4.95470    41.025    -4.507    11.071   -153.58     52.00      1.00
   4.04342   2.12905   4.73874     4.794     8.067    -3.263   -153.58     30.63      1.00
   4.59212   1.91654   2.06505    38.015    -4.303    30.705   -153.57     62.09      1.00
   5.84864   0.55276   0.16741     8.825    -6.546    24.767   -153.54     29.36      1.00
   3.53887   1.06778   3.26993   -10.802    20.522    13.675   -153.51     30.50      1.00
   1.79250   0.64182   1.03283    12.337    -5.390    29.092   -153.48     47.47      1.00
   5.72530   1.31894   0.98291    33.327    32.805     2.639   -153.48     56.45      1.00
   5.21827   1.48690   0.78108    30.737    22.933    -6.104   -153.46     49.62      1.00
   1.04252   2.03533   0.48174    37.635     1.869   -13.415   -153.44     53.41      1.00
   0.38292   0.82905   4.19551    27.647     6.702   -12.417   -153.41     43.05      1.00
   4.25538   1.08518   4.26987    33.780    -9.550     5.835   -153.41     45.14      1.00
   3.30530   1.38092   4.14057    29.107     6.901   -11.029   -153.40     39.59      1.00
   0.17811   0.62836   2.83655    30.008    26.990    23.355   -153.37     62.17      1.00
   4.94135   0.85658   2.89323    32.003    -8.439    10.900   -153.34     44.88      1.00
   2.54543   2.85703   0.35689    29.430     5.674    33.215   -153.34     58.13      1.00
   1.62310   2.15800   4.53958     1.649    26.801     6.866   -153.33     43.15      1.00
   3.83086   0.32412   2.81868   -23.243    11.595    15.855   -153.31     31.59      1.00
   1.16279   0.98040   0.82524    40.368    39.046    14.597   -153.31     71.11      1.00
   3.00210   0.31358   1.82032    38.197    23.477    25.052   -153.31     58.52      1.00
   1.06509   1.30802   4.16045    15.954   -12.179    -0.385   -153.29     35.62      1.00
  -0.16856   2.08786   5.43108    35.432    -9.603     0.635   -153.29     44.10      1.00
   1.07698   0.89433   5.07733    34.936    29.633    23.858   -153.27     52.36      1.00
   4.80147   1.50960   1.25067    26.838    -2.876    25.765   -153.26     49.93      1.00
   5.85491   1.40444   1.86186    -3.481    30.961    17.119   -153.24     48.58      1.00
   4.05431   0.81382   2.63820   -26.086    12.084    24.645   -153.22     40.08      1.00
   4.56711   0.83351   3.95791     8.870    26.430    21.486   -153.22     47.50      1.00
   2.49827   1.11257   0.18205    19.379    21.166    -3.459   -153.22     50.93      1.00
   2.77005   2.68305   2.55350    11.195   -10.842    15.086   -153.22     34.79      1.00
   3.97008   2.38622   2.09061    48.090     4.841    25.730   -153.21     66.49      1.00
   0.59724   1.89220   4.94664    41.034    -4.484    11.617   -153.20     52.07      1.00
   5.02847   1.15674   2.32447    25.594    -7.631    22.054   -153.17     45.62      1.00
   2.02797   2.10213   3.97998    -4.397    -7.848    11.548   -153.16     31.48      1.00
   6.10218   0.96420  -0.26362    23.315   -10.260    13.171   -153.14     31.72      1.00
   2.78412   2.34704   1.43842    48.557    -9.408    12.066   -153.11     64.18      1.00
   0.06522   1.25382   2.06757    32.494    -6.602    24.061   -153.09     56.13      1.00
   2.08717   0.86876   1.03362    11.943    15.561    -0.113   -153.08     44.26      1.00
   5.00723   1.17124   2.34096    25.246    -7.856    21.808   -153.08     45.33      1.00
   1.47536   1.59803   1.97437    30.656    -4.710    26.764   -153.07     54.50      1.00
   0.62473   2.52655   3.79518    27.172    -5.991    20.611   -153.06     52.74      1.00
   2.97400   1.62315   3.05067    55.094    16.179    26.902   -153.06     65.69      1.00
   5.12018   0.58499   0.59750    15.803    27.648    -7.078   -153.04     35.36      1.00
   4.46820   2.32528   0.16806    37.417    10.125    28.807   -153.04     63.11      1.00
   1.08907   1.40361   4.56857    17.833     5.574   -15.275   -153.03     37.46      1.00
   5.99049   1.61571   1.78360     2.457    30.006    10.067   -153.01     47.63      1.00
   3.76118   1.99741   1.29849     7.130     5.336    42.877   -153.00     55.21      1.00
   3.26242   1.69782   0.50893    33.029    -2.584    28.823   -153.00     60.61      1.00
   4.00938   1.48270   5.88459    35.910    -3.541    26.017   -152.99     58.70      1.00
   1.55773   1.65248   3.55044    20.896    31.832     0.919   -152.96     49.67      1.00
   6.15980   1.78750   3.32522   -15.393    30.323     5.153   -152.96     45.62      1.00
   3.63114   2.02794   2.01590    50.831   -13.813    18.374   -152.96     67.06      1.00
   4.57311   1.56364   1.70226    60.397     5.148    26.494   -152.95     76.57      1.00
   0.99579   2.68492   5.55177     0.438    28.258    10.818   -152.94     43.43      1.00
   0.19837   1.64499   4.08215    35.746     4.796    25.352   -152.94     55.90      1.00
   1.95770   1.80366   1.02919    29.936    -9.289     3.102   -152.87     50.29      1.00
   4.71561   1.82181   5.46414    15.936    26.001    -1.920   -152.85     44.15      1.00
   2.35279   2.24426   0.48512    17.375    32.154     6.659   -152.85     53.64      1.00
   2.97763   0.29466   1.86956    38.495    23.614    24.771   -152.82     58.42      1.00
   4.68352   2.00185   3.93495    30.408    22.744    28.835   -152.81     54.96      1.00
   2.31396   1.77896   3.58545    10.025    12.168    -9.418   -152.81     34.63      1.00
   2.43728   1.35768   5.11182   -10.273     7.039     7.130   -152.80     31.04      1.00
   1.26550   1.14153   5.97115    31.202     2.687    -8.393   -152.80     42.39      1.00
   0.41567   2.34181   1.24005    35.629    28.895    16.604   -152.79     61.90      1.00
   0.54001   2.23394   4.24935    29.055     8.637    27.838   -152.78     53.64      1.00
   2.57550   2.48586   3.67062    31.839    -9.554     4.140   -152.76     45.42      1.00
   4.72640   0.75682   2.98636    34.067    -8.513    12.015   -152.73     45.13      1.00
   3.55971   2.29245   4.03888    58.264   -11.212     7.342   -152.68     64.31      1.00
   0.11448   0.20797   2.84206    27.432    29.743    18.138   -152.68     60.33      1.00
   2.16023   2.12852   4.93975    30.243    32.206     4.728   -152.65     59.06      1.00
   4.43344   0.58337   4.00225    45.001    28.416     3.101   -152.64     64.23      1.00
   6.20062   1.28138   4.82318     3.405     5.785    39.906   -152.63     46.84      1.00
   2.41691   2.36021   5.96830     3.137    -3.590     6.629   -152.62     38.41      1.00
   3.55123   2.73892   1.70207    19.842   -13.463     6.799   -152.60     45.83      1.00
   1.91443   1.66447   4.65863     8.553    10.581   -12.215   -152.60     36.90      1.00
   3.05064   1.38328   3.06898    56.451    18.003    23.676   -152.60     65.42      1.00
   5.93088   0.88166   2.61436    52.107    10.721    31.376   -152.59     74.92      1.00
   0.26239   2.75732   5.10545    30.981    28.245    -4.204   -152.59     53.31      1.00
   0.01117   1.64837   4.45425     0.393    35.627     8.666   -152.59     44.02      1.00
   2.39900   1.38092   0.40969    37.387    21.875    29.926   -152.57     66.90      1.00
   1.56070   2.56073   5.35832     3.684     0.651    43.009   -152.55     52.38      1.00
   0.68821   1.85439   2.31960    20.290    20.186    -9.665   -152.54     51.96      1.00
   1.27801   1.16787   6.01510    31.164     2.465    -8.109   -152.54     42.79      1.00
  -0.01899   0.11514   2.58713    -5.340    20.551    12.200   -152.52     41.56      1.00
   4.34825   2.79856   1.53926    21.621     3.251   -10.034   -152.50     49.00      1.00
   4.48310   1.99369   0.29183    34.819     2.633    26.413   -152.50     58.72      1.00
   3.56350   1.00925   2.92994     4.214    19.258    -0.426   -152.49     23.41      1.00
   3.38415   1.97779   4.15134    -0.524    -6.019     6.085   -152.47     25.27      1.00
   0.14421   1.47239   3.32549     0.668    22.727    -1.090   -152.45     40.75      1.00
   4.46381   0.87509   4.28616    30.785   -10.809   -10.462   -152.44     45.21      1.00
   2.59180   3.00241   6.36766    16.098    34.812     7.023   -152.44     54.71      1.00
   4.32015   1.34877   0.28301     4.665    -7.916    30.112   -152.44     44.44      1.00
   1.89490   1.21893   4.29908    30.256    30.655    -2.360   -152.44     48.86      1.00
   0.04879   2.86264   2.84535    57.242    11.310    16.818   -152.42     77.10      1.00
   0.88763   1.95329   0.34890    44.127    33.100     6.487   -152.37     65.03      1.00
   5.69460   2.16059   5.40812     4.529     3.554    36.874   -152.35     44.49      1.00
   4.06583   1.31288   2.35426    10.197    27.491    33.601   -152.33     49.17      1.00
   5.49454   2.14355   3.55433    24.325     9.397   -10.019   -152.31     44.71      1.00
   4.21342   1.38077   0.49805     3.005    -7.613    28.908   -152.28     43.52      1.00
   0.73831   1.17084   5.20010    42.380    33.020    11.807   -152.27     57.15      1.00
   3.87197   1.38060   4.45819    10.736    -7.337    27.862   -152.25     39.38      1.00
   5.45937   2.16955   5.27496    14.564     8.920    35.350   -152.20     46.74      1.00
   5.27844   1.45671   5.36301    20.427    34.798    10.723   -152.19     50.24      1.00
   6.04827   1.26900   4.22626    26.214     8.730    30.947   -152.19     52.67      1.00
   3.26693   2.28017   5.31032     2.364    13.840    -1.628   -152.18     39.49      1.00
   0.96036   1.96383   0.43323    37.433     3.480   -14.334   -152.17     53.18      1.00
   4.50730   0.76323   0.01652     5.312    30.747    22.808   -152.16     48.14      1.00
   2.84529   2.32322   4.71361     9.311     4.845    -2.855   -152.15     36.55      1.00
   4.16246   1.52406   1.49251   -10.584    35.834    12.187   -152.12     45.94      1.00
   3.54655   1.74321   0.47096    11.503     2.845    40.678   -152.11     56.15      1.00
   4.71523   1.30576   6.13119    10.367    28.890    42.312   -152.10     61.96      1.00
   0.49067   1.00387   1.66274    23.853     3.802    36.092   -152.08     56.20      1.00
   2.20189   1.24631   4.50418    34.395    33.263     2.520   -152.07     53.96      1.00
   1.37603   0.36775   3.16384    18.954     3.806    -7.816   -152.03     36.78      1.00
   5.48778   0.76835   3.98003    20.727    21.977    32.088   -152.03     57.24      1.00
   4.62679   1.87106   2.85670    21.281    25.152    33.896   -152.02     55.93      1.00
   2.28082   1.63439   4.77978    15.963    19.071   -11.897   -152.02     43.56      1.00
   0.43512   1.43462   6.51227    36.986     6.349   -15.249   -152.01     48.27      1.00
   0.06938   2.17667   0.51699    18.973    13.440    -8.554   -151.96     40.28      1.00
   4.32927   0.78910   5.17315    41.010     9.063    40.144   -151.95     70.30      1.00
   2.17725   1.63476   3.48439    11.627     7.564   -10.520   -151.95     33.96      1.00
   0.50119   1.19159   1.35604    23.008    20.126    -9.141   -151.95     49.70      1.00
   2.80412   3.05700   4.33400     8.218    25.276    33.030   -151.94     54.61      1.00
   3.03974   1.24845   4.81652   -10.415    12.024     6.797   -151.93     32.43      1.00
   0.80383   0.94393   6.01928    15.191    -7.469     3.902   -151.92     23.77      1.00
   0.75956   1.96882   5.44951   -24.293     9.449     5.852   -151.91     37.98      1.00
   5.47973   1.29191   1.63633    12.461    21.841    42.317   -151.91     58.93      1.00
   0.71950   1.59627   2.48792    32.960    29.915     7.155   -151.91     62.46      1.00
   3.23288   2.44729   5.50100     1.498    22.770    40.280   -151.89     57.62      1.00
   2.61422   2.08396   3.55689    11.432   -11.691    19.036   -151.88     33.77      1.00
   0.62860   1.42988   3.67546    11.018     2.057    -1.932   -151.86     36.07      1.00
   4.76464   1.02072   3.08152    32.278    -8.618     7.667   -151.83     44.05      1.00
   0.65554   1.72659   3.72908    38.816    24.931   -12.017   -151.83     61.85      1.00
   3.79153   0.86092   0.86114    26.076    -7.795     7.432   -151.81     44.40      1.00
   2.26292   0.74133   3.56935    31.656    29.348    -5.631   -151.80     45.58      1.00
   2.56589   2.41940   1.45431     8.639    -7.705    35.160   -151.79     47.35      1.00
   2.49946   2.06909   3.53661    22.819     4.586   -16.734   -151.78     43.27      1.00
   2.53331   2.08014   3.55916   -13.580     2.932    -2.424   -151.77     31.05      1.00
   6.28246   1.80650   2.41677     4.104    -5.955     0.602   -151.76     37.01      1.00
   2.82705   2.23202   4.73931     8.360     5.807    -2.249   -151.75     36.03      1.00
   0.56337   1.30633   1.29516    21.376    18.939    -9.633   -151.74     48.51      1.00
   4.66491   0.88563   5.01981    22.444    17.336    41.756   -151.72     62.27      1.00
   4.28403   1.30889   1.60052    13.906    -9.372    21.827   -151.66     39.71      1.00
   5.51086   1.68295   4.23086    10.529    12.909    34.805   -151.64     49.10      1.00
   3.88236   0.27956   1.56919    37.141    16.183    35.996   -151.64     57.57      1.00
   2.12890   1.27592   4.23460    -7.204    29.799    16.239   -151.63     39.21      1.00
   5.36035   2.29535   3.50110    26.667    10.962   -11.098   -151.62     46.59      1.00
   4.70147   0.92482   1.02935    12.182    -4.443     7.651   -151.61     26.62      1.00
   2.19256   1.73954   4.64071    23.216    34.679    -9.132   -151.59     55.28      1.00
   2.49536   2.23295   3.86322    -0.085   -10.385    16.761   -151.57     31.86      1.00
   0.59128   2.70768   1.19711    33.355   -19.057    23.137   -151.57     52.50      1.00
   3.24853   1.88376   4.15304    16.611    -7.332     1.305   -151.56     30.17      1.00
   4.52043   2.24931   5.88916    22.011    13.605    -9.274   -151.51     45.06      1.00
   5.93443   1.19192   0.59972     1.461    17.677    -1.049   -151.49     28.28      1.00
   0.90237   2.76168   5.40565    -0.094    27.197     9.119   -151.49     42.68      1.00
   2.02561   1.67394   2.09785    14.810    27.787    12.270   -151.48     47.20      1.00
  -0.04088   2.42254   0.83862    47.027   -21.481    19.561   -151.45     62.60      1.00
   1.42569   1.90362   2.12960    11.765    25.433    13.347   -151.44     47.23      1.00
   5.83598   1.72801   2.06422    34.599    33.386     5.285   -151.42     64.10      1.00
   3.64387   1.18417   3.37785   -10.540    24.230    18.042   -151.41     36.21      1.00
   2.85850   2.32763   4.72553     9.418     4.998    -3.007   -151.39     36.70      1.00
   1.97891   1.22245   1.00943    10.508     5.100    42.922   -151.36     55.21      1.00
   1.89893   1.98293  -0.02464    28.336    24.128   -15.739   -151.29     58.42      1.00
   4.16151   0.36112   2.82155    45.038    -5.726    17.597   -151.26     50.47      1.00
   1.91854   1.10118   3.08911    45.521     2.960    23.934   -151.24     58.62      1.00
   2.56446   2.30398   3.92234    -0.225    -9.972    15.261   -151.19     31.57      1.00
   1.52965   2.28599   1.35592    -0.840    20.198    -3.588   -151.17     40.84      1.00
   0.82149   2.28419   1.30020    43.590    31.035     7.863   -151.16     66.71      1.00
   5.74812   2.03321   0.89794    11.295   -11.322    -5.464   -151.15     33.52      1.00
   2.73392   2.53486   1.28365     7.522    -9.378    30.476   -151.14     45.88      1.00
   1.47223   2.87695   0.42792    29.769    23.874    -8.097   -151.13     52.00      1.00
   1.96855   1.46447   1.82116    43.292     6.223    28.832   -151.11     64.40      1.00
   1.47354   1.22358   4.93806   -10.579    -6.246    18.347   -151.11     28.24      1.00
   5.96479   1.83690   0.75257    -8.002    14.951    38.912   -151.07     50.77      1.00
   0.11285   0.84112   4.20946    17.333   -13.545    29.782   -151.07     48.53      1.00
   5.06012   0.90181   6.06707    16.865    18.923    43.912   -151.07     58.18      1.00
   0.96472   1.98215   0.43761    37.875     2.832   -13.957   -151.07     53.33      1.00
   4.01758   1.38735   2.23515    39.700    13.492    29.995   -151.06     58.09      1.00
   5.28543   2.60141   5.00906   -11.391    10.918    39.305   -151.03     49.31      1.00
   5.41754   1.72833   2.12464    28.907    32.909    19.648   -151.02     61.80      1.00
   1.69598   1.44875   4.57178    13.244     2.995   -11.306   -151.01     33.59      1.00
   1.31636   2.88600   3.87078    -6.816    -4.240     8.767   -150.99     36.90      1.00
   2.50718   0.99773   2.20287    26.709     8.067    -8.351   -150.96     44.07      1.00
   5.13595   0.71329   1.27894    40.582    -8.573     6.281   -150.93     45.97      1.00
   4.37951   1.43043   0.22752     4.783    -6.621    32.206   -150.90     45.79      1.00
   5.88544   0.64877   4.61920    20.824    -9.513    33.466   -150.90     51.63      1.00
   1.02913   1.54869   2.13573    26.577    15.022   -11.711   -150.89     53.92      1.00
   5.74909   2.52762   5.54860   -13.998     9.143    38.628   -150.89     48.87      1.00
   3.49248   1.35514   3.47808    10.797    22.527     4.722   -150.89     31.12      1.00
   4.36364   1.60930   3.74897    29.472    26.664    21.485   -150.87     52.40      1.00
   2.33983   0.70441   2.69907    41.652    13.969    28.620   -150.87     57.96      1.00
   2.92134   1.88978   3.92582    11.563    -8.155     5.837   -150.84     27.83      1.00
   3.56924   1.61563   2.11717    21.662   -17.559    23.402   -150.84     47.29      1.00
   3.75462   1.75685   5.65349    -9.733    25.054    10.396   -150.83     45.38      1.00
   5.84350   1.36238   0.75606    31.012    30.928    -1.053   -150.83     52.98      1.00
   0.81031   0.46598   1.06601    15.720    -0.403    36.162   -150.82     49.42      1.00
   4.19179   1.48331   0.81200     0.441    -5.747    27.537   -150.80     41.86      1.00
   3.80763   0.29710   0.33742    22.895    -8.107    -0.295   -150.76     42.45      1.00
   5.08600   1.55065   5.64139    17.312    31.484     4.785   -150.75     46.66      1.00
   0.64345   1.92089   2.91353     0.770   -10.430    27.498   -150.73     44.37      1.00
   1.97469   0.63042   1.29847    41.985    16.720    -8.012   -150.73     64.51      1.00
  -0.08041   0.85349   1.18772    11.653     9.673    40.319   -150.72     50.61      1.00
   3.66325   1.43510   3.53796    -6.977    25.498    19.420   -150.71     38.26      1.00
   4.32840   1.54352   3.65752    26.592    29.051    20.652   -150.71     51.54      1.00
   5.72144   0.36337   0.51967   -14.129    -1.790    19.292   -150.70     25.02      1.00
   0.62359   2.78883   5.46176    31.402    29.214    -2.617   -150.69     54.38      1.00
   1.45021   0.68966   2.39875    37.405    15.382    29.679   -150.69     63.40      1.00
   1.36174   0.80398   5.99338    -7.034     8.565     3.770   -150.68     26.38      1.00
   4.70601   1.29905   2.58236    38.576    -9.667    10.480   -150.68     50.65      1.00
   0.98510   1.62050   4.61953    30.131    -6.294    12.460   -150.66     43.84      1.00
   6.17654   2.11590  -0.09626   -15.590     8.708    36.106   -150.65     46.70      1.00
   3.39234   1.04095   2.22025    -8.095    11.209     8.934   -150.64     23.72      1.00
   3.72062   1.82498   5.64041    -9.621    24.213     8.916   -150.63     44.67      1.00
   5.88633   1.93524   3.66201    17.593   -16.580    20.914   -150.63     48.93      1.00
   2.24088   1.83471   6.17740    28.429    23.966    29.547   -150.62     60.34      1.00
   0.44498   2.02919   4.69559    26.301    -2.008    21.168   -150.60     45.54      1.00
   1.63949   2.39795   3.66312    32.910    -6.878     0.584   -150.58     51.38      1.00
   2.69414   2.38136   2.93453    12.732    27.145    20.968   -150.57     44.83      1.00
   3.73582   0.66127   4.70027    34.119   -16.761     4.770   -150.55     47.94      1.00
   2.25133   2.11382   4.94182    11.255    31.511    13.633   -150.55     50.51      1.00
   2.37346   0.94731   0.14334     9.516   -13.892    30.855   -150.54     47.23      1.00
   2.31347   1.93555   1.05927    32.751   -10.596     9.787   -150.51     53.27      1.00
   6.15028   1.12932   0.27375   -20.809     1.694    29.141   -150.41     39.49      1.00
   1.63008   2.56690   1.94726    45.065     4.688    43.695   -150.41     68.51      1.00
   2.00890   0.57661   4.00113    16.323    -5.594    34.800   -150.38     38.53      1.00
   5.76869   1.45766   1.48575    34.894    30.451    28.314   -150.28     66.13      1.00
   4.19637   0.43165   2.81669    44.666    -6.548    16.486   -150.27     50.16      1.00
   2.29694   2.83606   0.65460    31.626     3.864   -20.014   -150.27     55.64      1.00
   4.00099   2.24703   1.80652    37.786   -12.702    19.058   -150.27     59.67      1.00
   0.48618   2.15131   5.03015    37.220    -4.114    15.788   -150.26     50.67      1.00
  -0.00276   0.18571   3.43694    26.361    -2.201   -10.903   -150.25     47.86      1.00
   2.81933   0.84850   4.00730    34.932    20.404    27.953   -150.23     50.09      1.00
   1.28173   1.82585   6.02851    13.713    29.240    25.061   -150.22     49.73      1.00
   2.42780   2.58135   0.94021    10.891    -9.780    27.916   -150.18     45.57      1.00
   1.84626   2.07420   1.64346    13.206     3.921    50.983   -150.18     58.28      1.00
   4.74868   1.03533   3.13210    31.640    -8.550     7.538   -150.17     43.54      1.00
   5.54119   1.58535   1.09963    46.128    10.032    26.227   -150.12     64.62      1.00
   0.80271   2.16004   2.72100    23.501    30.370    18.566   -150.08     58.45      1.00
   0.58475   1.68702   3.35535    26.826     8.832    33.937   -150.06     57.41      1.00
   1.82997   1.07407   1.45490    19.798   -12.178    12.017   -150.04     46.16      1.00
   0.22164   1.11029   4.32696    31.007   -14.644    19.834   -150.04     50.73      1.00
   1.27709   1.09572   5.98567    30.993     4.003    -9.418   -150.02     42.65      1.00
   4.47533   1.65742   1.84509    20.876    -6.532    36.410   -149.98     54.10      1.00
   5.02428   1.72801   3.14425    -4.367    -3.241     6.912   -149.98     30.80      1.00
   5.78504   0.47737   2.50758    36.581    -7.886    17.525   -149.96     53.57      1.00
   1.33201   0.83956   2.54603    38.095    11.706    30.212   -149.95     63.11      1.00
   2.81403   1.23246   0.65721    41.455     0.854    -6.889   -149.91     61.94      1.00
   5.68411   1.24525   4.03694     0.929    19.121    -9.341   -149.84     35.90      1.00
   2.89272   2.57537   2.63120    11.603   -11.151    17.728   -149.84     35.78      1.00
   3.43915   2.10692   3.59309    -1.359   -13.558    24.492   -149.84     34.62      1.00
   4.49549   1.92319   0.27274    34.019     1.713    25.810   -149.83     57.52      1.00
   3.65331   1.46999   1.13105    17.117    -4.776    10.903   -149.82     41.33      1.00
   3.51154   2.22146   1.70986    43.737     0.959    26.546   -149.82     63.62      1.00
   2.20412   2.93980   1.81650    -9.942    -9.685    17.578   -149.82     35.31      1.00
   0.27172   1.76467   0.45420    32.540     3.653   -12.487   -149.80     45.38      1.00
   4.03314   2.08639   4.43240    16.757    11.526    38.916   -149.77     50.98      1.00
   5.12442   1.05059   3.77297    28.087    25.123    20.592   -149.76     55.44      1.00
   3.30668   1.00077   3.33405    20.496    15.831    -4.284   -149.76     29.37      1.00
   4.21227   1.73660   0.26213     9.280    -2.570    35.156   -149.75     50.30      1.00
   2.08224   0.60593   1.16959    42.657    16.414    -7.854   -149.73     64.92      1.00
   1.53019   2.27637   4.32844    31.394    34.321     8.995   -149.73     60.73      1.00
   5.46281   2.18532   0.12348    15.939     2.928    31.971   -149.59     45.95      1.00
   0.19535   1.01739   4.53553    29.860     7.041   -13.766   -149.58     43.39      1.00
   5.57876   2.27776   3.41311    28.759   -17.920     8.155   -149.55     52.50      1.00
   5.05553   1.59141   5.56325     6.749    31.539     7.204   -149.54     43.99      1.00
   1.16855   2.64746   1.65314    18.938   -11.874    24.543   -149.53     43.08      1.00
   0.09359   0.77996   1.15267    -8.753    19.234     3.569   -149.52     34.02      1.00
   0.33156   2.46355   2.69809    47.265    24.888    17.054   -149.51     72.40      1.00
   0.83797   0.63510   6.12833    48.675    -1.213   -15.689   -149.49     54.08      1.00
   4.29887   1.64709   4.81967    36.792     6.429    30.709   -149.46     57.48      1.00
   5.67676   1.06580   2.28506    38.161    23.977    31.696   -149.45     67.27      1.00
  -0.02662   1.03820   3.31546    53.894    16.871    22.501   -149.44     74.74      1.00
   2.18238   2.90691   2.94944     3.915    22.373    -7.158   -149.43     42.35      1.00
   5.66114   0.60164   2.44385    40.909    -7.757    15.369   -149.42     55.52      1.00
   4.91692   1.15528   1.34313    26.298    31.309     5.692   -149.42     49.40      1.00
   4.51255   1.98857   6.01345     2.488    18.077     0.380   -149.41     38.12      1.00
   5.93145   1.74135   0.88603    -7.518    14.316    39.166   -149.40     50.84      1.00
   0.14612   1.32226   3.71365    10.314    -6.320     0.855   -149.39     36.79      1.00
   2.76158   2.27112   1.94018     7.867    -5.234    -5.756   -149.35     35.91      1.00
   4.25862   2.15651   1.93129    38.460    -9.932    23.804   -149.33     60.91      1.00
   1.46554   2.59023   5.66190    -1.166     3.276    -6.681   -149.31     37.60      1.00
   1.74091   2.51755   0.50807     9.131   -11.441    22.093   -149.31     41.10      1.00
   3.95034   2.14623   4.81781    13.977     9.914    -7.755   -149.29     36.12      1.00
   1.67298   2.59026   3.65944    33.487    -5.664    -2.203   -149.29     52.59      1.00
   5.15394   2.50970   4.40157    19.443    23.250    -5.360   -149.29     41.43      1.00
   1.33552   2.25995   2.53291     9.630    29.861    14.984   -149.28     49.68      1.00
   1.88361   2.58238  -0.67344    -3.804    31.327    25.442   -149.26     51.71      1.00
  -0.09867   2.10061   3.48801    15.283    39.406     0.601   -149.24     55.23      1.00
   0.84532   1.78265   4.92189     7.901    -5.990    21.050   -149.21     34.78      1.00
   4.74980   2.24154   5.71330     1.286    37.660    18.614   -149.18     54.33      1.00
   4.48870   0.54397   1.88507    40.331    -8.121     2.301   -149.18     43.86      1.00
   5.22986   2.28413   4.57210     8.927    35.677     7.788   -149.17     46.09      1.00
   4.43515   1.43463   3.19635    13.652    -8.571     9.329   -149.14     31.18      1.00
   2.97462   0.40111   6.06472    26.555    31.409     7.947   -149.13     59.03      1.00
   1.07853   1.53483   2.44083    26.332    14.584   -12.256   -149.13     53.45      1.00
   3.10023   1.42749   5.66455     9.443    22.018    38.472   -149.12     57.64      1.00
   1.24022   2.13510   6.52804    33.151    11.561   -20.383   -149.12     55.52      1.00
   5.65042   1.07631   2.30796    38.072    23.453    32.079   -149.11     67.17      1.00
   1.53113   1.64880   5.80874    37.873    -4.070     9.531   -149.10     49.94      1.00
   4.85334   0.80001   4.53088    -1.466    25.739    33.408   -149.05     53.74      1.00
   2.11976   2.06237   2.38210     3.045    26.371    24.820   -149.05     45.19      1.00
   3.69034   0.81954   2.26491    34.897    -3.253    -2.453   -149.04     40.29      1.00
   2.44954   1.41978   5.52771    12.712     6.293    -1.572   -149.03     37.51      1.00
   4.97681   2.36470   3.64784    31.657    11.622   -12.327   -149.01     47.61      1.00
   1.17325   0.49442   5.61951    30.560    27.841    -7.378   -149.01     45.47      1.00
   3.98911   1.52524   1.11770    10.276    -5.202    18.074   -149.01     39.56      1.00
   1.67813   1.76841   3.70007    22.580    33.405     4.298   -148.99     51.43      1.00
   5.89412   0.87682   2.63235    32.571    10.619    39.487   -148.97     65.42      1.00
   6.04180   0.87894   4.26175    30.150    -5.850    33.301   -148.95     57.00      1.00
   1.46643   2.24651   1.58397    15.638    28.575     9.673   -148.91     49.05      1.00
   4.88021   2.40242   4.95478    27.799    22.331    27.464   -148.90     52.73      1.00
   2.41618   1.70658   2.30806    16.790    16.070    -1.127   -148.89     39.37      1.00
   2.09739   2.82337   6.21643    31.981     4.645    32.135   -148.89     58.61      1.00
   2.88205   2.65336   4.34008    -3.982    -5.081     9.660   -148.85     31.77      1.00
   3.39149   2.30509   2.53792     8.700    -8.987    29.282   -148.82     41.49      1.00
   5.79355   0.48201   2.23459    41.411    -5.491    18.147   -148.81     55.87      1.00
   2.53839   1.00392   2.93206    11.574   -18.258    15.988   -148.81     34.34      1.00
   1.18126   0.78915   5.22479    31.579    -5.673     7.057   -148.81     34.77      1.00
   1.93617   1.83074   0.96387    30.161    -8.885     3.591   -148.80     50.22      1.00
   5.69445   1.86784   3.17167    16.441   -15.119    27.582   -148.77     51.88      1.00
   4.51093   1.34585   5.47447    41.427    -2.858    22.472   -148.77     58.73      1.00
   2.20617   2.59650   2.65663    24.731    -8.807    -9.455   -148.77     43.20      1.00
   2.90074   1.83912   3.61392    57.009    -8.674    17.074   -148.69     63.35      1.00
   1.35082   1.36494   5.29477    18.755    -1.431     3.410   -148.68     30.90      1.00
   5.37365   1.58945   6.16379    44.052    -0.333   -22.249   -148.68     55.22      1.00
   1.55112   1.04605   1.06302    28.666     3.810    37.751   -148.65     59.84      1.00
   2.71841   2.23784   2.86889    20.744    26.843    15.268   -148.62     45.47      1.00
   2.11616   2.85780   4.47378    12.090    -4.040     1.326   -148.62     40.65      1.00
   1.82856   2.83897   5.37249     9.877     2.673    37.121   -148.54     51.70      1.00
   5.80937   1.81784   1.06582    47.219    15.377    23.794   -148.54     66.61      1.00
   3.75211   1.60266   4.86836    30.080    18.036    33.173   -148.54     58.30      1.00
   0.78660   1.68830   1.99889    19.827    19.927    33.487   -148.53     57.46      1.00
   2.27054   1.90039   1.50803    -5.333     5.175    -1.877   -148.52     35.40      1.00
   2.39755   0.44532   2.95747    12.514   -14.546    30.058   -148.51     40.38      1.00
   3.34704   1.77096   4.17418    33.477    -5.498    -7.473   -148.48     42.51      1.00
   1.90024   1.02714   3.59961    20.491    -6.018    -5.734   -148.48     33.25      1.00
   1.31517   1.37317   4.99578    41.978    30.337    23.539   -148.47     60.30      1.00
   4.16146   2.51335   5.54916    -5.567     4.092     2.532   -148.47     32.46      1.00
   2.08148   0.42827   5.34109    22.569    18.917    -6.475   -148.45     39.11      1.00
   6.00613   1.89926   3.71164    -4.968   -11.678     4.785   -148.43     36.33      1.00
   3.34063   0.84796   4.41325    32.315    -5.479    24.096   -148.43     45.87      1.00
   4.89999   2.42319   4.17010    19.314    20.291    -7.341   -148.41     39.94      1.00
   3.35799   0.74647   2.34764     7.733    40.911    19.932   -148.39     46.60      1.00
   2.59282   2.85483   1.57811   -13.237    -9.413     8.986   -148.38     36.37      1.00
   3.63421   0.26429   1.53227    11.526    -7.290    42.368   -148.37     49.77      1.00
   1.46326   1.58950   3.45153    33.945    -8.841    13.739   -148.37     50.39      1.00
   0.62609   2.72899   5.07260    35.316    28.526    -5.823   -148.34     58.27      1.00
   3.14313   2.19991   5.07000    -1.588    11.301    -0.129   -148.28     36.51      1.00
   1.31772   1.96616   1.88497    21.485    -9.126    25.716   -148.28     47.50      1.00
   3.53594   2.86492   2.46705   -15.009   -10.215    14.432   -148.27     38.04      1.00
   3.34779   0.31734   1.56899    12.947    24.803    34.433   -148.25     49.49      1.00
   0.44513   0.56880   0.94028    48.793     3.681    23.357   -148.21     61.62      1.00
   6.00593   1.21146   3.12568     2.562    15.318   -12.705   -148.20     39.34      1.00
   2.81018   2.10879   2.68240    10.282    26.820    13.360   -148.13     40.40      1.00
   6.08640   1.68397   5.67546   -15.227    -5.100    36.343   -148.13     44.77      1.00
   5.43527   1.57257   0.53130    20.342    -3.625    22.973   -148.12     40.95      1.00
   0.05452  -0.01090   2.43440    -4.967    17.905    10.082   -148.10     39.31      1.00
   2.89063   1.87898   3.89880    11.886    -8.560     6.272   -148.10     28.03      1.00
   0.43416   1.73652   1.05567    16.909    37.342     7.575   -148.10     55.98      1.00
   1.82575   0.26848   1.08748     5.673    30.243    21.771   -148.07     53.23      1.00
   0.36803   1.30940   4.78363    16.216    20.492    -3.567   -148.07     34.77      1.00
   2.86958   1.21802   1.82797    28.000     5.254    -4.247   -148.05     45.15      1.00
   3.06192   1.57075   1.15974    31.568    29.525    24.390   -148.04     62.46      1.00
   5.27563   1.89216   3.04098     2.161    -1.303     2.894   -148.03     32.91      1.00
   5.94452   1.93953   5.06449    13.075   -11.288    13.721   -147.99     33.90      1.00
   5.75566   1.73711   1.87738     6.271    32.324    18.724   -147.95     52.49      1.00
   3.89867   1.62494   2.12406    19.723   -17.415    24.389   -147.95     47.08      1.00
   0.64700   0.45285   5.81265    37.309    13.469   -16.296   -147.94     44.01      1.00
   4.52361   0.79304   5.11154    32.610    18.914    38.541   -147.94     66.32      1.00
   3.48773   2.53049  -0.18976    21.061     9.908    -9.838   -147.92     49.96      1.00
   0.46121   0.82993   3.28800    26.781     3.895   -11.621   -147.92     48.52      1.00
   5.64472   1.38395   0.26161    33.360     0.150    24.034   -147.91     47.58      1.00
   3.40586   1.58256   2.04669    -5.614    -1.582     9.227   -147.89     28.38      1.00
   1.55237   2.65309   1.70018    17.300    28.241     8.223   -147.88     47.73      1.00
   4.08750   2.59999   5.67797    30.693     5.357   -11.540   -147.88     50.96      1.00
   2.12536   2.55862   2.35534    15.851    -7.232    23.829   -147.82     39.72      1.00
   1.90158   0.50647   1.49244    51.528    15.894    -9.612   -147.82     71.83      1.00
   4.66742   1.57103   3.60858    61.400    32.500     1.294   -147.82     75.55      1.00
  -0.30820   2.14212   2.88136    39.672     5.880   -16.196   -147.82     61.98      1.00
   1.78809   2.13676   4.02176    33.292    -6.903    -2.602   -147.81     50.40      1.00
   2.33350   1.46427   5.56375    45.423    17.824    22.829   -147.81     64.60      1.00
   1.91366   1.38036   2.67425     1.325    18.102     1.896   -147.79     34.63      1.00
   1.36778   1.82869   1.71420    30.963    -6.831    34.283   -147.79     57.18      1.00
   1.11764   1.04323   5.37737    30.656    -3.532     5.755   -147.77     35.60      1.00
   2.72996   0.97099   4.82758    27.912    -4.905    34.606   -147.72     48.60      1.00
   6.20679   1.24989   2.22643    27.728    -8.563    23.645   -147.69     53.20      1.00
   5.10559   1.36479   3.26796    46.490    28.570    16.478   -147.69     67.15      1.00
   0.24189   1.65970   4.46189    19.157    -0.501    27.870   -147.68     44.50      1.00
   1.92218   1.66491   0.55387    30.172    32.438    18.371   -147.67     61.92      1.00
   3.83371   0.71078   1.43704    29.461    16.159    40.686   -147.67     58.85      1.00
   1.05427   0.28755   4.38370    16.128    13.471    40.318   -147.67     46.76      1.00
   3.27579   1.78271   1.98128    -2.834     2.261     6.369   -147.67     29.55      1.00
   4.90051   0.88252   3.81175    22.781    -5.902   -12.124   -147.66     39.95      1.00
   5.34800   1.45800   3.94416    27.669    18.877    27.032   -147.66     54.59      1.00
   5.82063   1.13803   5.07551    -1.824   -11.280    15.178   -147.64     30.65      1.00
   3.22203   1.98992   4.06197     1.764    -7.122     6.760   -147.60     25.53      1.00
   5.83740   1.21324   0.88931    33.214    32.554     1.934   -147.60     55.17      1.00
   2.65423   1.05417   4.62663    12.208     8.319    -1.900   -147.59     27.98      1.00
   3.97132   1.36218   5.73839    38.850    -4.717    24.648   -147.58     59.98      1.00
   1.65102   1.84527   0.13026     2.239    27.903    -2.790   -147.58     46.24      1.00
   0.50460   0.63856   1.59075    54.962    29.396    23.851   -147.58     79.37      1.00
   3.58516   0.27259   5.32211    27.972    -6.796    17.803   -147.56     49.40      1.00
   2.50754   1.48660   4.21632    30.939    33.054     9.324   -147.56     52.68      1.00
   3.23168   1.78967   2.57126     0.242    11.049     2.496   -147.53     26.71      1.00
   4.54077   0.48871   1.33370     6.498     3.264    -2.896   -147.52     14.48      1.00
   1.85760   1.50755   3.58583     3.622    28.564     6.571   -147.51     38.50      1.00
   1.80684   2.14385   4.04422    32.957    -6.725    -2.817   -147.50     50.16      1.00
   4.43235   2.29817   2.82881    31.067     0.239    -8.570   -147.49     46.73      1.00
  -0.03418   1.43930   0.05841   -19.886     0.399    30.518   -147.49     40.82      1.00
   4.84854   0.93258   3.82251     9.711    25.109    25.076   -147.47     49.15      1.00
  -0.07163   0.42924   4.31247    -3.579   -12.406    19.361   -147.45     36.40      1.00
   3.78024   1.92103   1.47268     8.626   -14.925    23.948   -147.45     45.69      1.00
   4.48662   1.56463   6.11194    29.830    27.028    -4.489   -147.39     54.75      1.00
   2.52063   1.27613   0.89602     9.270     0.228    -1.160   -147.37     40.00      1.00
   2.56615   1.08290   4.76816    27.224     2.950    38.159   -147.35     50.16      1.00
   5.71977   2.05886   1.49604    22.389    -5.436   -13.086   -147.32     45.12      1.00
  -0.11737   0.38823   1.78384    14.983    -4.011    31.556   -147.32     44.82      1.00
   2.72773   1.84300   1.31117    41.173    10.856    27.331   -147.30     63.26      1.00
   4.80579   1.01049   3.07779    31.303    -8.378     7.682   -147.29     43.54      1.00
   1.16309   2.31159   1.20235    35.559    21.737   -19.422   -147.28     60.93      1.00
   3.05916   2.08752   5.18056    -2.103    13.072    -0.049   -147.27     37.69      1.00
   4.48625   1.33967   0.95057    13.872    -2.972     7.380   -147.26     33.62      1.00
   4.47421   2.22852   6.36384    36.683     8.108    28.899   -147.23     61.76      1.00
   5.12034   0.79716   2.42297    15.833    32.358     7.681   -147.23     46.33      1.00
   0.88942   1.66313   0.25661    33.403    -5.660    -6.765   -147.23     45.73      1.00
   3.17151   1.64611   4.34203     6.122    27.029    35.053   -147.22     51.10      1.00
   3.22330   1.37488   2.35927    36.465    18.845    -8.626   -147.20     49.38      1.00
   5.36847   1.88010   0.38235    39.245     0.835   -18.569   -147.20     53.24      1.00
   6.04387   1.64830   5.76711     3.088    -2.987    31.237   -147.19     37.48      1.00
   5.32657   1.96525   1.97340    35.536    32.697    16.020   -147.15     65.48      1.00
   3.27286   1.37472   5.02295    19.415    38.454    10.551   -147.15     57.63      1.00
   2.12475   1.98411   2.97318    35.247    -3.007   -17.755   -147.15     53.68      1.00
   5.71740   1.58023   3.89246    11.547    14.502    34.659   -147.14     51.07      1.00
   3.35217   1.26011   4.14372    52.351    -7.681    16.842   -147.13     58.33      1.00
   0.02406   0.83247   1.91658    56.281    22.586    28.145   -147.13     79.03      1.00
   1.55392   1.93931   4.72869    13.634     5.090   -14.564   -147.10     41.37      1.00
   1.95453   0.20133   3.12310     5.231   -11.883    39.980   -147.10     46.90      1.00
   1.30376   1.02989   4.33196    -7.657    15.837     1.550   -147.07     25.42      1.00
   3.95777   1.60743   3.76959    -1.948    24.659    17.862   -147.03     38.62      1.00
   5.65525   1.88988   1.05475    11.726    11.599    37.773   -147.03     52.77      1.00
   3.93895   1.72792   5.33658     0.376    32.948    38.147   -146.98     61.64      1.00
   3.74957   1.73096   0.29646   -15.062   -12.796    30.731   -146.98     47.11      1.00
   2.99339   1.83758   3.84494    13.970   -10.506     7.314   -146.97     28.75      1.00
  -0.39515   0.40444   0.86268    46.560   -11.229    13.730   -146.96     51.26      1.00
   1.67041   1.32349   4.67305    35.156    22.534    41.761   -146.95     60.67      1.00
   2.97158   0.88406   5.68694    45.178    22.557    -8.893   -146.95     66.61      1.00
   0.80223   1.32816   4.14821    10.679   -15.913    12.863   -146.94     37.31      1.00
   4.91929   1.56797   3.13022    -2.551    -5.695     8.948   -146.92     30.48      1.00
   0.03671   1.09793   3.84919     7.525    -7.780     6.366   -146.89     35.29      1.00
   1.22248   1.74625   3.36936    -7.417    24.181     6.953   -146.83     39.82      1.00
  -0.06286   1.89791   5.43069    11.523    -9.798     6.093   -146.82     28.75      1.00
   0.22536   1.92288   5.96610    35.075    32.517    13.621   -146.82     55.50      1.00
   5.56603   2.11225   3.40375    28.724   -18.260    12.314   -146.81     53.06      1.00
   1.48076   1.59610   3.13254    40.827    -9.234    13.729   -146.81     56.94      1.00
   1.56707   2.32346   6.41295    22.548    33.544    12.915   -146.80     54.47      1.00
   1.27043   2.27905   0.70413    31.325   -11.335     5.437   -146.79     46.94      1.00
   3.97151   0.84516   0.60633    28.995    -8.273     8.788   -146.76     46.87      1.00
   4.23251   0.47465   4.89447    36.612    24.439    36.359   -146.75     70.10      1.00
   4.16742   0.88804   5.72886    39.802    32.481    11.881   -146.75     66.70      1.00
   1.91108   1.39151   2.67982     1.497    18.385     1.978   -146.74     34.82      1.00
   5.08949   1.90316  -0.00916    21.208    36.526     0.127   -146.71     54.42      1.00
   4.59721   1.95459   3.25829    22.041     0.087    -4.224   -146.70     36.70      1.00
   3.53335   0.93170   1.12254    15.130     5.780    -5.997   -146.69     36.63      1.00
   1.37973   0.46897   2.61671    -2.767    -5.919     7.386   -146.68     32.50      1.00
   3.81803   1.85587   5.26271    -5.441    36.559    10.522   -146.68     52.64      1.00
   1.88735   1.60554   4.44789    -2.395     7.714    -5.920   -146.68     30.30      1.00
   3.02161   2.03913   1.68719    52.762   -10.182    -5.326   -146.66     67.91      1.00
   2.95076   1.86939   2.48305    10.962     6.329    37.235   -146.65     44.59      1.00
   5.73709   1.40468   4.54231     2.935    26.363    -5.698   -146.63     37.30      1.00
   1.25392   0.64736   3.91613    24.268     9.604   -10.696   -146.62     36.68      1.00
   1.51681   0.88613   3.79972    -4.560    15.540     1.613   -146.62     24.77      1.00
   2.49216   3.41549   3.15469    44.551    16.695    21.324   -146.59     61.32      1.00
   1.82896   2.14095   0.79100    12.086   -10.015    12.738   -146.56     39.44      1.00
   2.69734   1.15123   0.54341    46.068     3.262   -10.192   -146.53     66.40      1.00
   5.95320   1.54506   2.33905    28.414   -11.010    15.408   -146.51     51.68      1.00
   0.05421   0.52328  -0.01670   -25.511    -0.051    21.388   -146.48     34.35      1.00
   5.63282   1.22259   6.03180     1.355    20.525     2.798   -146.44     28.74      1.00
   3.75648   2.52580   4.79457    37.680    -3.810   -11.007   -146.43     51.12      1.00
   1.30762   1.95895   5.32528     6.876    -2.296    29.534   -146.37     39.96      1.00
   3.19530   0.30985   5.45081    22.616    15.385    -3.420   -146.34     45.87      1.00
   6.05478   1.79051   0.27892   -12.591    10.483    38.457   -146.31     48.12      1.00
   5.65256   1.15253   3.38788    33.225   -17.117    15.054   -146.31     55.47      1.00
   3.87564   0.87751   1.92547    38.149     5.325    -9.042   -146.29     45.69      1.00
  -0.05027   0.74764   3.65350     9.308   -10.462    14.322   -146.28     39.71      1.00
   0.60708   0.47878   0.25662    37.005    11.949   -14.663   -146.26     46.75      1.00
   2.10706   3.08383   2.97016    22.494    28.010   -11.982   -146.26     53.54      1.00
   5.67879   0.61443   5.76472    26.040    29.144    27.755   -146.26     52.02      1.00
   5.60303   1.02788   2.14822    11.204    32.031    12.377   -146.20     48.76      1.00
   2.17819   1.37230   5.86609    -1.340    -2.536    13.181   -146.18     33.11      1.00
   0.68039   1.13091   2.72037    49.778    26.169     1.018   -146.18     72.32      1.00
   4.59138   1.68515   3.57867    18.198    -4.493     0.492   -146.17     32.71      1.00
   1.13504   2.44836   2.15632    19.502    19.835    30.826   -146.12     53.45      1.00
   1.26300   0.90725   2.61116    37.977    10.184    30.209   -146.11     62.77      1.00
   3.65324   1.14998   4.98275    -6.081    31.133    37.608   -146.10     59.32      1.00
   2.66249   2.29179   1.77566     2.388    -4.020    -3.278   -146.10     34.61      1.00
   0.55252   2.20455   2.96936    50.514    24.574    12.523   -146.03     73.48      1.00
   1.60269   0.40851   2.87634    17.087     4.400    -7.733   -146.02     36.56      1.00
   5.33340   1.22212   0.79505    43.046    -5.882     8.369   -146.02     51.50      1.00
   0.70162   1.37611   1.23712   -15.184    12.663     4.715   -145.97     37.29      1.00
   5.07829   2.42194   2.99609     0.125     7.467    -0.368   -145.97     34.16      1.00
   2.58242   1.52644   4.20095    30.443    33.214    11.041   -145.97     52.91      1.00
   3.84980   1.78510   5.46470    46.110     8.796    28.243   -145.96     66.90      1.00
   4.00014   1.24201   5.19119    21.654    31.150    33.151   -145.94     62.90      1.00
   0.23887  -0.03175   5.03094     5.525    -7.709    43.513   -145.91     48.19      1.00
   5.49031   2.20543   3.25606    31.920   -17.458    11.192   -145.90     55.03      1.00
   4.93434   2.52857   5.92744   -10.056    21.337    -1.596   -145.88     40.14      1.00
   4.18778   1.05724   5.94209    20.960    -1.871   -21.529   -145.86     45.26      1.00
   2.03425   1.62173   0.52592    28.520    32.653    20.048   -145.85     61.94      1.00
   1.25378   2.34121   0.59814    32.941   -11.146     6.162   -145.84     47.86      1.00
   5.16624   0.73940   1.30721    39.418    -9.234     6.576   -145.81     45.29      1.00
   4.54563   2.28307   0.83555    24.766     1.111    23.800   -145.79     52.56      1.00
   2.16113   2.08704   4.33346    26.650    -2.945    -4.542   -145.78     44.39      1.00
   1.96035   0.40634   4.26367    12.922    -5.503    36.388   -145.77     38.06      1.00
   2.79262   0.95805   5.84123    15.933     8.063    -3.000   -145.76     41.32      1.00
   0.85032   1.58402   2.93730     2.056    -7.565    33.427   -145.75     46.66      1.00
   5.79357   1.52568   1.11311    -5.660    27.495    42.937   -145.75     59.69      1.00
   3.19330   0.29460   2.58906    12.183    37.228    15.745   -145.71     41.83      1.00
   2.23296   2.92657   5.86938    37.118    30.349    -6.484   -145.69     65.42      1.00
   4.28420   1.35043   1.51243    11.014    -7.703    19.680   -145.68     37.42      1.00
   1.74923   0.87798   4.39544    37.259    26.299   -10.095   -145.64     49.98      1.00
   1.49668   1.63145   3.91768     4.734   -10.640    19.778   -145.63     34.75      1.00
   3.56454   0.73740   1.06398    25.019    -5.988     2.447   -145.62     42.50      1.00
   6.11123   1.83701   6.02907   -12.806     0.039    36.010   -145.57     43.65      1.00
   0.36646   1.71123   1.96844    15.929    13.826    36.955   -145.57     56.25      1.00
   4.36648   0.27954   3.33038     1.175    27.640    11.666   -145.53     39.75      1.00
   1.69930   1.97325   3.91603    34.038    -8.447     1.216   -145.52     49.83      1.00
   2.05043   2.04330   4.28985    26.900    -4.099    -3.345   -145.52     44.24      1.00
   3.21151   0.47614   4.67751     1.115    22.404     9.242   -145.51     36.86      1.00
   2.27962   0.75861   3.58499    31.972    29.110    -5.242   -145.49     45.58      1.00
   3.43500   1.32623   5.25163    28.334    37.124    31.439   -145.48     68.45      1.00
   3.53779   2.12843   6.51013     9.143     5.803    -9.855   -145.47     43.06      1.00
   2.16526   1.90924   2.44736    27.392    22.058    -2.170   -145.47     49.14      1.00
   1.73640   1.40274   0.74042    33.160    28.296    25.515   -145.47     63.81      1.00
   4.03258   1.33015   5.88390    20.853    32.826     9.012   -145.43     55.98      1.00
   3.89944   0.90061   6.22483     5.646    -3.494    39.833   -145.42     52.67      1.00
   4.14902   0.49794   2.88199    44.617    -7.145    15.317   -145.42     49.93      1.00
   3.40486   0.78792  -0.41651    44.054    -5.596    19.139   -145.39     63.22      1.00
  -0.12504   1.59703   0.84320    17.840    13.455    -9.518   -145.39     38.67      1.00
   3.26349   1.38705   0.68742    45.481    -3.222    23.217   -145.37     67.30      1.00
  -0.08293   2.52854   0.32611    28.515     4.970   -10.704   -145.29     44.03      1.00
   3.07768   1.44234   3.88879    58.322     2.752    24.022   -145.27     64.81      1.00
   2.41458   0.79624   5.82956    24.550     5.142    -2.933   -145.26     42.98      1.00
   2.29869   0.83077   3.62199    23.453    -3.993    32.193   -145.26     40.68      1.00
   5.78426   2.05318   4.25655    13.011     4.700    35.635   -145.25     48.73      1.00
   1.47597   0.61253   3.49554    29.447    10.215   -13.355   -145.25     43.57      1.00
   1.42217   2.92807   5.60128    21.232    30.013    -1.591   -145.22     52.59      1.00
   4.08369   1.20557   0.47505    31.940    -6.649    16.046   -145.21     51.97      1.00
   5.79297   2.46189   2.06070    45.775    33.685     8.378   -145.20     74.13      1.00
   3.25414   1.58431   2.44053    36.754    29.444    26.348   -145.20     58.00      1.00
   2.90284   2.66533   0.98209    52.958    -5.493    -8.323   -145.20     70.02      1.00
   5.64442   1.27733   0.86543    11.672    31.979    12.103   -145.19     45.61      1.00
   3.40831   1.50970   2.80372   -18.900    -9.149    31.030   -145.15     41.57      1.00
   2.62289   1.73542   3.31697    27.413    -6.052   -12.689   -145.14     41.45      1.00
   1.96476   1.70477   2.19334    28.125    20.795    -4.392   -145.14     51.54      1.00
   0.99311   2.52340   1.02657    33.002    -0.443   -10.465   -145.12     48.88      1.00
   5.73289   0.99389   2.23567    37.653    25.464    31.047   -145.12     67.12      1.00
   5.58798   0.64753   5.75543    25.055    29.002    27.219   -145.09     51.81      1.00
   3.70983   2.65436   4.50076   -13.533     3.447     0.582   -145.09     32.18      1.00
   1.22378   0.96258   3.12375    52.991    -8.697    -2.345   -145.09     67.42      1.00
   1.64769   1.63965   3.68788     0.871   -10.339    22.977   -145.06     35.06      1.00
   4.92208   0.21468   2.26288    42.311    33.640     0.859   -145.05     58.52      1.00
   5.31883   0.55659   1.70920    38.166    32.650     0.559   -145.03     55.56      1.00
   5.29928   0.22661   0.64130    29.479    31.013    13.272   -145.02     45.59      1.00
   0.59775   1.01135   6.00131    29.091    16.396   -13.130   -145.01     40.94      1.00
   4.54676   1.52973   3.13484    36.365    -8.915     0.912   -144.99     46.77      1.00
   5.54735   0.87411   5.76301    23.184    33.016    23.139   -144.96     51.78      1.00
   3.07576   1.97640   5.13007    -4.648    13.797     0.895   -144.96     37.24      1.00
   2.49382   1.01275   2.26523    27.063     9.767    -7.937   -144.94     44.04      1.00
   3.47561   2.17334   2.55819     9.126    -7.646    32.020   -144.93     42.89      1.00
   1.90566   2.30576   4.17486    33.231    -4.513    -6.361   -144.92     51.90      1.00
   2.69788   1.93257   1.01026    37.126    -8.331    18.007   -144.90     58.52      1.00
   0.58691   1.75128   3.37296    26.751     7.279    33.447   -144.87     56.95      1.00
   1.21005   0.79229   3.51018    35.642     1.687    27.310   -144.86     53.78      1.00
   2.01046   1.21816   3.06847    29.095     0.905    29.991   -144.86     48.21      1.00
   0.26236   2.16912   5.50116    26.856    -4.206    31.780   -144.85     47.91      1.00
   4.93757   0.85884  -0.00244    20.073    16.186    43.832   -144.84     58.48      1.00
   1.05339   0.57343   2.36233    53.627    20.149    -6.124   -144.84     73.80      1.00
   1.64147   1.83034   3.06921    37.276    -7.326    16.132   -144.82     53.62      1.00
   1.06911   2.67689   5.79241    30.423    31.120     0.805   -144.79     55.38      1.00
   4.84171   2.63291   5.02237    41.001    29.331    12.023   -144.78     59.55      1.00
   4.91451   1.21265   5.69392    18.308    32.514    13.390   -144.78     50.36      1.00
   0.52980   0.78621   4.88785    -2.264     3.709     0.185   -144.78     17.05      1.00
   1.40985   0.61732   3.81634    30.634    11.517   -13.283   -144.74     42.40      1.00
   1.68895   1.69243   1.53801    28.693    29.217     4.766   -144.72     57.55      1.00
   0.49712   1.74255   0.93722    -7.781     1.478     2.153   -144.68     30.09      1.00
  -0.08795   2.84806   0.70408    44.289    15.288    21.143   -144.67     61.59      1.00
  -0.03267   2.88053   1.56477    33.186   -16.478     0.931   -144.67     52.55      1.00
   4.49654   2.33893   2.21005     6.360    13.075    43.609   -144.66     56.45      1.00
   5.41342   1.85383  -0.14183    19.521    12.381    -7.758   -144.58     36.45      1.00
   4.13902   0.24116   1.27923    35.662    17.764    35.835   -144.58     57.01      1.00
   3.35371   1.55883   2.95870   -21.371    -7.087    29.500   -144.57     40.99      1.00
   4.97877   1.91793   0.09667    28.506    21.307    -9.880   -144.57     50.47      1.00
   6.04404   2.55288   2.02320    12.696    32.727    20.797   -144.56     57.32      1.00
   3.19657   1.44016   4.26931    -3.022    27.863    36.838   -144.56     51.67      1.00
   3.62155   0.74973   0.07712    -2.261   -10.450    31.379   -144.54     46.06      1.00
   4.61327   1.28745   2.08346     4.080    -6.530     1.987   -144.52     25.13      1.00
   3.25384   2.28588   4.85577    12.963    23.183    37.587   -144.52     56.13      1.00
   5.96791   1.34398   2.65224    38.364   -12.379    12.708   -144.49     58.74      1.00
   3.97700   0.74336   3.71588    51.343    29.179    14.275   -144.48     66.28      1.00
   1.10513   1.06614   4.22722    27.286    20.857   -12.005   -144.46     44.16      1.00
   2.56122   1.82803   3.78108    20.349     1.818   -13.505   -144.44     38.14      1.00
   3.34597   1.72708   0.17178    25.567   -14.690    22.796   -144.43     54.61      1.00
   1.94227   1.10372   1.55559    20.354    -9.673     2.573   -144.42     45.32      1.00
   5.15928   1.41179   3.29809    48.710    27.601    17.079   -144.42     68.82      1.00
   1.50420   2.08129   4.96611    13.114    28.680    21.633   -144.41     48.81      1.00
   2.47698   1.91865   5.23408    32.616    33.026    12.062   -144.41     61.78      1.00
   5.22275   1.67481   2.38935    17.206   -12.220    34.793   -144.40     54.01      1.00
   1.14134   2.63139   1.68005    17.509   -12.425    24.473   -144.40     42.65      1.00
   2.50107   1.08622   0.84013    33.380     5.178    -7.471   -144.39     56.03      1.00
   2.09908   0.25085   0.20601     3.753    13.370     3.256   -144.39     36.92      1.00
   5.57621   1.79501   0.34179    41.966    12.745   -14.343   -144.39     55.16      1.00
   4.61014   1.70929   0.92962    41.615    -1.614    18.668   -144.34     59.75      1.00
   5.30937   2.20018   3.14048    49.715   -10.626    18.456   -144.31     67.79      1.00
   2.31461   0.87966   5.90836    24.587     4.459    -2.235   -144.31     43.10      1.00
   4.64035   2.26193   2.59578    17.106    15.240    39.127   -144.30     56.04      1.00
   4.46760   1.27270  -0.05662    -6.181    28.298    15.377   -144.26     44.62      1.00
   3.74974   2.37469   0.25177    41.935    21.338    28.826   -144.26     71.21      1.00
   3.92716   1.08864   2.30163    38.707    21.094   -23.089   -144.26     53.48      1.00
   0.18808   0.82366   1.84791     0.021    14.774    -1.666   -144.25     36.27      1.00
   0.26823   2.43178   4.14877    20.020    37.317     6.209   -144.24     54.80      1.00
   0.34337   1.93624   1.08593    13.096    37.280    14.812   -144.23     55.95      1.00
  -0.37464   1.12894   1.74654     6.265    29.117     8.835   -144.23     45.06      1.00
   4.36057   1.13938   4.09552    35.598    26.934     8.806   -144.20     55.06      1.00
   3.02635   0.81635   0.25986    56.491     7.987    -8.333   -144.20     74.52      1.00
   0.00537   1.23472   0.05431   -20.119    -0.694    27.182   -144.19     37.61      1.00
   3.26418   1.22808   2.40590     6.254    16.815     1.952   -144.19     26.74      1.00
   4.42360   1.32323   3.16346    14.459   -10.113    11.370   -144.19     32.15      1.00
   4.75571   2.46758   1.50213    -9.133    22.399     3.647   -144.18     42.31      1.00
   1.97004   0.96109   3.44858     6.115   -18.068    18.148   -144.18     33.36      1.00
   0.00283   1.60623   3.92749     2.273    12.840     1.742   -144.16     33.87      1.00
   0.17275  -0.00889   4.08647    21.332    -4.143    -4.721   -144.16     39.88      1.00
   3.84500   2.28129   0.52470    24.329    14.736    37.031   -144.16     62.03      1.00
   0.27691   1.99613   4.46091    30.580    13.268    27.885   -144.14     52.99      1.00
   4.21520   2.13500   0.88085     3.845    26.255     4.497   -144.12     45.55      1.00
   3.51534   2.07050   2.10716    47.407   -15.783     2.081   -144.12     62.13      1.00
   3.25707   2.60440   4.14455    24.695    24.043   -13.950   -144.11     51.25      1.00
   0.50583   2.13244   4.42032    11.481     8.262    34.426   -144.09     47.42      1.00
   0.03773   1.02036   4.51997    30.740     4.555   -13.264   -144.08     44.35      1.00
   0.78375   2.19126   3.52675    64.733    15.103     6.104   -144.08     81.06      1.00
   0.39361   1.68962   4.16943    41.524    -3.795    19.090   -144.07     57.79      1.00
   5.54280   1.13178   1.80560    49.457    32.472     8.701   -144.06     69.95      1.00
   4.53179   1.06425   0.93476     5.026    -2.421    10.392   -144.06     27.18      1.00
   0.42626   0.45568   0.95414    11.530     0.227    37.631   -144.05     46.10      1.00
   3.12686   0.45105   2.10609    20.454   -11.651    32.960   -144.05     46.78      1.00
   5.28058   2.25337   3.52959    27.784    10.526   -11.733   -144.04     46.67      1.00
   5.47106   0.63528   2.01896    12.880    29.364     3.074   -144.01     42.32      1.00
  -0.04427   0.60805   3.30063     3.192   -11.997    22.306   -144.00     42.40      1.00
   5.89479   1.71871   1.22666    11.888    29.784    36.294   -144.00     59.80      1.00
   3.74858   1.08296   3.00033   -25.785    15.436    22.850   -144.00     40.37      1.00
   1.56920   1.15545   2.65360    49.279    -1.646    21.841   -144.00     66.18      1.00
   2.60817   0.81074   1.88813    -5.804    -0.565     6.418   -143.99     29.15      1.00
   4.62317   1.30999   1.02466    23.250    11.469   -27.098   -143.99     46.60      1.00
   1.93530   1.30563   2.53592     1.073    15.497     1.343   -143.98     33.94      1.00
   1.96750   1.32230   5.79112     5.020    38.435    26.643   -143.97     56.69      1.00
   2.62472   1.57105   5.02391    18.383    27.851    -7.854   -143.97     49.95      1.00
   1.29235   2.04042   4.70503     3.084    29.011    19.369   -143.96     45.06      1.00
   5.70932   2.20082   0.94392     5.477   -12.217    -0.480   -143.95     32.43      1.00
   5.73952   1.82116   3.35872    32.645   -13.419    -3.939   -143.92     53.14      1.00
   1.50347   1.50383   3.07209    42.085    -9.114    15.691   -143.92     58.21      1.00
   5.51104  -0.35483   3.06597     3.334    12.066     3.609   -143.91     36.29      1.00
   3.67105   1.79156   4.75812   -13.953    16.173     4.371   -143.90     36.88      1.00
   2.28847   1.93908   5.02732    11.665    31.852    16.050   -143.90     50.68      1.00
   1.44404   0.49312   6.09381    -7.101    15.394     5.517   -143.87     30.47      1.00
   1.59812   1.98933   4.49752    -1.625    25.637     6.762   -143.86     40.66      1.00
   5.95736   2.78230   4.49437    -6.327    23.383     7.391   -143.85     38.90      1.00
   5.65148   2.06795   3.50264    31.484    -9.505    -9.341   -143.84     51.51      1.00
   0.43489   1.09509   1.09733    -3.798    15.771     0.795   -143.81     34.61      1.00
   3.42510   1.23349   0.14545     9.985    30.742    11.166   -143.79     52.01      1.00
   0.44340   1.47078   5.65620    30.905    -6.633     9.592   -143.78     37.97      1.00
   3.03667   1.44170   2.56129    35.848   -16.331     0.179   -143.78     48.35      1.00
   5.08934   2.66276   2.42827    14.432     4.665    -7.440   -143.75     43.18      1.00
   2.14443   1.88315   2.94093    35.543    -5.057   -16.620   -143.74     53.32      1.00
   1.77438   1.43878   5.59037     2.955    -5.372    19.745   -143.73     32.41      1.00
   5.15541   1.08338   1.71443    42.792    -3.173    22.161   -143.71     56.67      1.00
   0.60068   1.25433   3.60430    11.346    -1.176    -0.493   -143.70     36.00      1.00
   0.42399   1.62832   3.18155    24.695     9.655    33.964   -143.69     57.38      1.00
   4.88263   2.20916   3.80136    34.894     5.232   -13.003   -143.69     47.76      1.00
   2.17377   2.13860   4.19389    29.232    -3.917    -5.036   -143.67     46.30      1.00
   5.02996   1.79532   5.21987    18.084    32.112     2.439   -143.65     47.13      1.00
   3.51990   0.76895   1.13113    24.287    -5.200     2.460   -143.61     41.85      1.00
   4.19653   1.28525   5.92837    33.414    -6.632    21.932   -143.60     54.82      1.00
   4.12910   0.87608   5.17142    22.197    14.487    46.719   -143.58     65.37      1.00
   1.41570   2.28577  -0.25306    30.273    33.370     9.941   -143.57     57.51      1.00
   3.33239   0.82710   2.60029    21.121    21.669    32.505   -143.57     45.59      1.00
   2.70998   1.47179   2.22098     9.256    23.418     7.548   -143.54     37.36      1.00
   5.16730   2.36681   4.71214    50.781    35.173    -7.089   -143.52     67.74      1.00
   0.28528   1.72743   6.01802    16.611    29.953    25.642   -143.50     48.41      1.00
   1.34947   1.62178   4.38676   -18.104    -2.230     2.904   -143.48     32.06      1.00
  -0.03132   2.41202   3.42037   -18.685    19.947     9.253   -143.47     42.49      1.00
   2.40517   2.11170   3.39376    -9.620     0.731    -4.380   -143.47     30.71      1.00
   3.92381   2.13190   2.36806    29.542    -1.693    -7.069   -143.45     45.28      1.00
   4.29797   2.87049   0.67508   -13.129   -11.799    10.305   -143.44     39.04      1.00
   5.68163   1.89020   3.03870    38.075   -12.700    20.105   -143.43     61.14      1.00
   5.75956   1.19785   2.73690    43.020     2.350    33.516   -143.42     68.28      1.00
   1.05323   2.49679   3.90162    64.213     9.038     4.883   -143.37     79.84      1.00
   0.87050   2.36979   3.57063    -2.158    -8.875    36.847   -143.37     48.91      1.00
   1.77190   1.42354   3.56460   -16.417    -2.295     2.124   -143.36     29.61      1.00
   1.23584   1.39424   0.72298    39.358    40.492     4.925   -143.36     69.97      1.00
   2.29201   1.80080  -0.17787    27.006    23.124    29.447   -143.34     59.28      1.00
   3.06185   1.45509   0.92561    34.974    -7.799    21.898   -143.32     58.85      1.00
   1.90141   1.88243   1.07299    -1.738    34.015    30.754   -143.32     55.41      1.00
   0.05985   1.34178   4.41038     8.332    20.302    -0.252   -143.31     34.25      1.00
   3.73069   1.61591   0.22691     8.143    31.097    11.271   -143.28     51.45      1.00
   1.56655   1.40956   5.45386    30.885    -5.914    13.261   -143.28     42.39      1.00
   5.06988   1.67192   5.71219    26.586    -9.284    19.043   -143.26     43.59      1.00
   0.80633   1.10232   2.09862    18.020    25.320    31.254   -143.25     58.69      1.00
   1.77103   1.52540   4.47294     7.464     4.267    -9.099   -143.25     31.45      1.00
   1.24115   1.09836   0.29583    10.378    16.776    39.661   -143.25     51.98      1.00
   1.63502   1.37097   0.81319    34.750    26.899    26.581   -143.24     64.42      1.00
   5.37623   1.13945   5.78851    36.720    34.109   -10.565   -143.24     56.90      1.00
   3.61046   1.34364   2.81091   -17.861    -6.256    36.208   -143.23     44.22      1.00
   3.98315   1.57021   5.91576    35.303    -2.527    27.060   -143.22     58.89      1.00
   4.14163   2.90774   0.75043    57.574     7.427    18.511   -143.21     77.46      1.00
   5.43297   1.46045   5.44650    21.719    34.455    15.623   -143.20     51.12      1.00
   4.63691   1.83830   2.52101    16.404    25.306    34.012   -143.20     54.90      1.00
   2.96246   1.46054   2.56271    36.398   -15.941    -1.288   -143.19     49.09      1.00
   3.17307   0.54807   1.03240    10.988    26.486    31.369   -143.19     53.03      1.00
   3.64073   0.42994   1.85739    40.901    13.330    35.968   -143.19     59.71      1.00
   4.89097   1.26176   0.07006    41.026    27.549    31.681   -143.19     67.99      1.00
   3.33905   2.71277   2.09290    -9.081   -13.968    14.537   -143.19     38.54      1.00
   3.87160   0.99283   5.96340    18.721    11.517   -23.460   -143.18     49.03      1.00
   2.36553   0.32145   4.21266    14.182    -3.136     4.679   -143.18     15.79      1.00
   4.01621   1.36158   2.34891    39.176    12.974    30.436   -143.17     57.22      1.00
   3.13995   2.59802   3.64428    53.030    -7.212    28.218   -143.16     64.91      1.00
   2.01185   1.24111   3.96334    -2.408    26.744     8.250   -143.15     33.66      1.00
   1.96401   1.74089   2.08811    36.485    21.567    -5.598   -143.13     58.07      1.00
   3.02860   1.99848   2.91285    41.913     2.081    24.290   -143.08     53.30      1.00
   4.67960   1.50747   4.32221    31.628    -4.436    -5.776   -143.07     42.66      1.00
   0.67848   1.24662   2.92180    63.222    22.336    -3.006   -143.06     81.99      1.00
   4.36018   1.05797   5.88705    34.210    14.163    38.434   -143.02     65.70      1.00
   0.16630   2.60719   3.81927    14.194    33.092     4.741   -143.02     51.45      1.00
   5.87739   0.89471   5.53605    26.180    26.172    31.261   -143.00     52.64      1.00
   1.66134   0.67647  -0.67705    -4.504    10.661     3.366   -143.00     25.19      1.00
   4.05232   1.69253   5.53529     1.570    30.545    40.756   -142.97     62.31      1.00
   3.41830   1.38766   1.26147    34.542    -3.645    -0.227   -142.97     52.28      1.00
   5.31874   1.56784   2.86398    17.762     1.936    42.609   -142.92     58.56      1.00
   2.70310   1.84223   4.75510   -14.294    36.283    15.320   -142.91     52.30      1.00
   3.03051   2.54608   2.32505     8.748    -4.528    37.563   -142.90     46.25      1.00
   0.98488   2.08505   2.83614    16.875    32.971    21.055   -142.88     56.64      1.00
  -0.01691   1.04908   1.03866   -13.228    18.548     4.814   -142.87     34.53      1.00
   2.56598   1.75238   5.13627    49.448    24.717    22.703   -142.87     70.05      1.00
   5.19266   1.64063   3.34026    48.709    23.729    20.491   -142.84     68.28      1.00
   5.97218   1.48164   4.05173    21.479    11.319    -7.173   -142.83     41.27      1.00
   3.35016   2.88163   2.13716    31.534    14.942   -12.784   -142.78     51.17      1.00
   3.04296   1.31121   4.75340   -10.253    10.343     5.811   -142.77     31.20      1.00
   3.17709   2.59320   6.00304   -12.945     8.903     5.294   -142.71     39.24      1.00
   3.06822   1.47563   5.73975    38.620     9.152    30.679   -142.69     63.79      1.00
  -0.21145   1.82346   5.53103    35.784    -7.611    -7.144   -142.66     43.44      1.00
   3.60994   1.34342   2.81436   -17.982    -6.189    36.105   -142.66     44.17      1.00
   1.37141   2.29494   3.70987    29.372    28.831    -7.195   -142.65     58.77      1.00
   1.21575   1.94110   4.57555    30.598    -8.375     5.687   -142.65     47.04      1.00
   0.47611   2.48622   2.28476    17.255    -6.057     0.118   -142.62     42.69      1.00
   5.37881   1.54057   3.00992     2.752    -6.785     7.404   -142.61     33.82      1.00
   5.01170   0.58976   6.23615    17.553     7.901    44.743   -142.59     55.38      1.00
   4.88378   1.68316   3.16341    -1.762    -3.915     6.571   -142.56     29.72      1.00
   4.75911   1.60269   2.21883     7.897     2.079    46.607   -142.55     56.83      1.00
   4.77848   0.68264   4.64560    34.526    21.630    37.296   -142.52     67.64      1.00
   2.10871   2.32263   3.78440    34.975    -9.133     4.128   -142.52     50.18      1.00
   1.27216   1.60207   5.75962    38.370    -3.551    -2.594   -142.50     48.76      1.00
   3.64345   0.83882   1.71561    16.956   -10.211    37.085   -142.48     49.32      1.00
   0.82558   3.00047   4.15521     0.904    -9.497    22.479   -142.40     43.64      1.00
   2.60724   2.59975   2.94838    32.150    26.280    16.622   -142.40     53.43      1.00
   2.24020   0.97044   3.97972    -5.997    -3.009    40.849   -142.39     40.78      1.00
   1.01195   2.90482   4.90845    26.484    28.114    -5.376   -142.37     55.79      1.00
   0.13966   0.84767   1.75258    55.908    25.563    26.761   -142.34     79.08      1.00
   2.04790   0.51944   1.31055    51.463    15.471    -9.691   -142.32     71.80      1.00
   2.26620   3.05220   5.35574     8.024    -9.944    12.675   -142.32     42.66      1.00
   3.91275   2.36150   5.78906    25.392    11.172    -9.699   -142.31     49.69      1.00
   2.99501   2.15633   1.12949    38.234    -5.240    23.137   -142.30     60.31      1.00
   3.49888   1.07565   0.57437   -10.990    -8.265    10.002   -142.26     34.83      1.00
  -0.10005  -0.14856   1.62973    -4.392    21.890     9.675   -142.26     36.18      1.00
   5.24998   1.34915   1.79956    32.711    34.377     4.396   -142.26     58.43      1.00
   3.71801   2.46153   5.18666    20.252     4.477    -7.163   -142.25     41.77      1.00
   4.15202   2.93155   5.74007     9.865    21.579    36.402   -142.24     55.60      1.00
   5.78495   1.73449   3.08034    15.198     6.278   -11.195   -142.24     41.74      1.00
   2.15568   1.87662   4.37815    30.554    20.471   -17.306   -142.23     54.73      1.00
   0.55679   1.21427   3.70881    27.402    14.487   -12.969   -142.21     48.94      1.00
   1.14455   2.35044   1.95935    33.387   -13.816    24.911   -142.21     54.39      1.00
   1.87606   1.55562   4.30805     1.455     8.045    -7.236   -142.20     30.25      1.00
   5.05225   1.06912   1.32712    25.997    31.623    20.266   -142.19     53.21      1.00
   3.37947   1.62201   5.96585    41.543    19.960    29.273   -142.16     69.73      1.00
   1.61021   1.28856   3.00727   -12.923    18.946     6.517   -142.15     34.84      1.00
   4.78819   1.58883   5.47979     5.749    29.930     6.760   -142.15     43.98      1.00
   4.17646   0.26102   5.40313     7.030    -5.928    34.519   -142.14     49.56      1.00
   2.38729   0.14806   5.38837    -5.019    20.959     8.745   -142.13     35.29      1.00
   1.59713   2.71940   1.29796     8.695    -8.020     6.191   -142.12     33.19      1.00
   5.83744   1.72796   1.86767    23.375    34.117    10.310   -142.11     58.33      1.00
   3.31199   2.88092   2.10052    31.660    15.145   -12.841   -142.11     51.36      1.00
   5.14530   1.57835   5.77350    25.693    -9.455    17.095   -142.09     41.82      1.00
   3.30701   1.90221   4.24439     8.354     3.605    -6.914   -142.06     29.46      1.00
   4.18651   2.35066   4.02048     2.196    23.710    29.700   -142.06     45.71      1.00
   1.48287   1.16975   0.77063    12.733    -6.164     1.328   -142.00     37.66      1.00
   1.81721   2.34369   3.09331    -4.776    29.941    22.821   -141.99     48.19      1.00
   0.14824   0.19254   2.50634     5.405    27.209    16.459   -141.92     48.76      1.00
   2.58921   2.26525   2.12059    16.356    -9.577    -7.527   -141.92     39.74      1.00
   0.13196   1.56378   4.25958    34.195     1.743    25.349   -141.91     53.58      1.00
   4.59875   0.56177   5.91765    30.248   -10.921     5.806   -141.89     46.97      1.00
   0.69298   1.03136   3.84872    27.499   -14.944    -4.983   -141.87     46.95      1.00
   1.54837   1.99236   5.95108    13.093    24.631   -12.761   -141.84     48.44      1.00
   1.08207   2.01389   0.45042    38.695     1.807   -13.875   -141.79     54.48      1.00
   2.73473   1.21755   4.35523    14.676    33.125    22.229   -141.78     47.86      1.00
   4.17622   2.78758   2.89097    27.705     9.899   -11.819   -141.75     46.39      1.00
   3.41391   2.05308   3.50938    22.914    -4.057    27.712   -141.72     41.04      1.00
   5.03257   2.38940   1.01121    17.137     6.903    32.110   -141.69     52.93      1.00
   2.23471   1.82339   3.39758    21.786    10.444   -15.275   -141.69     43.15      1.00
   3.13674   1.82772   5.20501    -6.313    16.237     3.280   -141.68     38.38      1.00
   1.47539   2.32715   3.14655     2.294   -13.485    44.398   -141.66     52.51      1.00
   2.65428   1.05096   0.71161    55.429     3.773   -13.990   -141.66     74.93      1.00
   3.35455   2.25637   5.35995    49.318    17.213    27.624   -141.66     71.71      1.00
  -0.11645   0.65804   3.55461     9.680   -11.252    16.559   -141.65     41.28      1.00
   0.21227   1.98000  -0.41181    15.814    32.247    19.811   -141.64     47.67      1.00
   2.70161   1.04791   2.79010     0.931   -10.296    42.324   -141.63     45.91      1.00
   0.01668   1.51877   5.68286    25.477    33.119    20.307   -141.63     50.44      1.00
   0.78181   1.68075   0.14906    -2.253    -8.590     7.879   -141.62     27.43      1.00
   3.59692   2.15967   4.43894    16.694     0.488    -6.103   -141.61     33.50      1.00
  -0.28040   0.31452   3.32214    23.234    -4.342    -9.077   -141.59     45.13      1.00
   4.45186   2.26968   3.73724    27.660    11.612   -12.322   -141.59     42.17      1.00
   4.26546   2.60945   2.84641     1.891     5.150    -0.477   -141.56     32.05      1.00
   4.04330   0.55753   1.31790    15.704    18.021    45.445   -141.55     55.69      1.00
   4.57495   2.14484   2.73046    20.211    18.746    37.145   -141.51     55.85      1.00
   1.01004   1.43815   2.78270    31.615    -1.809    29.345   -141.50     57.41      1.00
   2.29155   2.16997   3.81631    37.163   -10.540     6.712   -141.50     50.18      1.00
   0.56777   2.21703   5.34095     3.422    -9.441    25.088   -141.47     38.15      1.00
  -0.40762   0.14230   0.71443    49.716     4.282    23.284   -141.46     55.67      1.00
   0.78760   2.25851   4.63698    23.265    -6.352    -9.760   -141.41     46.02      1.00
   0.32390   1.48303   1.75014     2.460    21.902     1.750   -141.38     42.70      1.00
   2.37837   1.30172   1.22231     7.823   -10.352    12.718   -141.38     40.30      1.00
   1.13163   2.81340   5.22526     2.089    -3.991    -4.174   -141.34     38.06      1.00
   0.51974   1.64377   2.80392    46.082    25.731    11.811   -141.33     70.23      1.00
   1.82548   1.48791   3.27832    14.299    -4.983    31.490   -141.33     42.00      1.00
   5.93211   1.83367   3.95528    28.778    11.497    28.424   -141.31     54.19      1.00
   1.43585   0.39978   4.55894    27.274    29.597    30.730   -141.28     49.78      1.00
   4.77544   2.34933   5.87692    22.250    39.788     8.325   -141.28     59.63      1.00
   0.18916   0.38071   1.14218    12.329    -1.041    36.249   -141.23     44.89      1.00
   0.48994   1.90442   5.71711    52.586    -7.750    13.575   -141.23     59.47      1.00
   2.42716   1.86241   5.78669     1.303     4.200     2.277   -141.22     36.62      1.00
   6.03627   1.40079   0.75865     0.433    15.080    -2.345   -141.22     29.74      1.00
   2.19765   1.49815   1.11500    11.501   -10.879    12.495   -141.21     41.68      1.00
   5.10227   1.07457   1.26448    25.264    32.261    19.266   -141.20     52.86      1.00
   3.19754   0.56401   5.80883    20.520     3.881    36.462   -141.20     55.64      1.00
   3.13971   1.67717   1.51084    12.374     3.917     1.104   -141.19     37.34      1.00
   3.33783   2.50818   3.80541    22.756   -10.159     5.214   -141.19     36.19      1.00
   3.00548   2.57985   5.28431     0.912    25.882    38.164   -141.18     57.39      1.00
   5.16530   2.77833   4.19824    42.451   -11.510     8.542   -141.15     54.11      1.00
   0.91649   1.26943   3.62716     3.681    14.126    47.712   -141.10     55.10      1.00
   4.92331   1.02995   1.49313     9.251    29.427    29.096   -141.09     49.10      1.00
   4.21705   1.65843   4.68765    18.317     6.575    38.629   -141.09     52.22      1.00
   4.95430   2.01294   4.96582    14.402     0.307    -5.708   -141.08     30.21      1.00
   4.36621   0.08765   4.19597    43.079    28.722    29.760   -141.06     72.11      1.00
   3.92312   1.60963   3.82635    10.082    24.765     6.453   -141.05     36.46      1.00
   4.26716   2.49031   4.05467    -9.511    20.602    35.708   -141.05     49.20      1.00
   1.25821   0.96072   2.63082    38.352     9.313    30.200   -141.05     62.80      1.00
   1.72845   1.31672   5.05627    26.714    15.041    43.426   -141.05     55.47      1.00
   4.07102   2.89632   1.01463    20.893     6.278   -11.168   -141.05     49.93      1.00
   3.74552   0.73710   5.15699    25.727    29.788    37.703   -141.04     66.89      1.00
   5.79531   1.65415   3.92451    32.564    13.324    27.351   -141.01     56.55      1.00
   0.84710   1.36329   4.15344    10.341   -15.605    11.569   -141.00     36.69      1.00
   5.69297   0.50717   5.21938    27.736    -6.671    -0.769   -140.99     39.77      1.00
   0.06536   1.45066   1.44903     8.854    25.738     1.323   -140.94     44.73      1.00
   4.03732   1.87416   0.55171     5.169    -4.721    32.372   -140.93     48.14      1.00
   0.27352   1.91799   1.78199   -10.948    24.694     9.107   -140.92     44.86      1.00
   1.15496   2.09574   3.84891    31.707    -3.150    29.470   -140.89     55.66      1.00
   0.96001   1.20259   5.54905     3.782    -3.844     7.893   -140.87     21.18      1.00
   3.84151   2.10081   5.45120    15.432    10.070    40.231   -140.87     55.67      1.00
   3.30871   0.32249   2.00092    17.372    -9.762    35.383   -140.83     45.85      1.00
   0.55860   1.48144   2.72547     1.375    -7.983    33.177   -140.81     47.68      1.00
   1.40132   1.07748   3.42342     6.480    -6.128    34.586   -140.80     42.88      1.00
   4.30858   1.84491   1.06963     5.870    -6.340     2.929   -140.79     34.90      1.00
   1.06669   1.54993   2.10264    26.394    14.041   -11.288   -140.75     53.32      1.00
   1.83746   1.55527   5.87377    28.526    40.937    11.193   -140.73     62.73      1.00
   2.04975   2.33519   4.29712    32.368    -2.679    -7.965   -140.73     51.58      1.00
   2.80372   0.87414   2.67593     2.389    -6.185    45.549   -140.72     48.11      1.00
   2.14181   2.20263   5.44063    29.830    -7.327     6.294   -140.72     49.89      1.00
   0.97845   1.18100   5.54726     3.559    -3.547     7.724   -140.72     20.89      1.00
   4.48283   0.84065   4.88503    29.458    26.009    33.685   -140.70     64.26      1.00
   1.48770   1.28133   3.50285     4.482    -8.707    31.204   -140.68     40.14      1.00
   0.47931   2.36458   5.86414    10.539   -10.501    27.468   -140.64     39.87      1.00
   4.06424   2.38693   4.93123     1.961    31.648     2.973   -140.62     46.34      1.00
   3.56054   2.05420   5.51696     2.041    24.660    38.988   -140.61     57.97      1.00
   5.14110   0.88251   0.96679    13.941    -7.520    26.044   -140.61     36.78      1.00
   4.65190   1.86328   4.49575    28.626    -9.531    23.830   -140.60     46.80      1.00
   1.64476   2.09411   4.52559    -0.115    26.937     7.106   -140.59     42.56      1.00
   0.53046   2.49195   0.40430    -5.573    -0.231     2.953   -140.59     29.66      1.00
   1.84382   1.94923   3.76780    -0.921   -10.529    15.781   -140.58     32.83      1.00
   2.81970   2.90855   4.93301    25.008     2.658    -7.441   -140.57     48.95      1.00
   5.01850   1.93034   1.29631    10.378    11.352   -15.381   -140.57     40.12      1.00
   4.65272   0.77035   3.01572    35.494    -8.297    12.081   -140.57     45.85      1.00
   0.14433   1.11399   0.95344   -12.965    15.398     3.546   -140.56     33.08      1.00
   4.31622   1.51457   2.12679    10.106    28.389    32.827   -140.54     51.58      1.00
   3.95130   1.10273   3.63422     7.071    25.623    37.772   -140.52     51.62      1.00
   0.78723   2.05566   2.47081    20.831    25.592    -5.590   -140.52     53.84      1.00
   1.32007   1.22067  -0.23858    32.314     2.063    -9.133   -140.51     44.76      1.00
   5.02978   0.83478   5.44670    18.328     4.819    42.409   -140.51     56.54      1.00
   0.26876  -0.09900   4.75407     8.322    -7.892    43.568   -140.51     50.41      1.00
   4.99996   1.23341   4.66430   -10.506     4.716    48.207   -140.47     58.19      1.00
   4.13092   1.61045   2.55605    -9.204    -7.732    38.749   -140.47     47.49      1.00
   0.59280   2.74237   5.79303    18.363   -10.213    28.023   -140.47     44.90      1.00
   1.30681   1.90777   4.07349    -1.952    -4.346    44.532   -140.46     50.13      1.00
   1.43109   0.74539   1.63567    32.205    31.692    16.186   -140.44     64.38      1.00
   2.54946   1.05329   3.48742    25.580    -7.543    26.850   -140.41     39.35      1.00
  -0.30046   0.09646   2.53334    44.259    28.336    29.239   -140.41     72.57      1.00
   5.08383   1.10116   6.03052    15.528    23.772    42.156   -140.36     58.69      1.00
   5.15290   0.22009   3.54539    11.509    -0.657    46.549   -140.35     58.55      1.00
   1.52757   1.77012   0.34562     4.301    31.745     0.182   -140.34     48.66      1.00
   1.55884   2.95453  -0.06246    13.610   -10.736    -0.019   -140.34     40.62      1.00
   3.16882   2.69032   0.72172    24.800     3.473    33.625   -140.33     57.00      1.00
   0.75360   1.02852   3.72856     4.208    20.057    44.986   -140.29     54.70      1.00
   3.31363   1.07492   4.51684    21.900    19.000    -4.157   -140.29     40.62      1.00
   0.44579   1.08149   1.09760    -3.498    15.688     0.454   -140.27     34.60      1.00
   1.47372   2.24724   3.41515     5.078   -11.548    22.029   -140.25     39.66      1.00
   1.91523   2.56588   0.11025    30.435    39.614    17.866   -140.23     63.81      1.00
   2.90043   1.78271   1.54571    19.176     8.113    -4.150   -140.22     42.63      1.00
   5.15867   1.09485   1.22281    25.002    32.743    17.995   -140.21     52.74      1.00
   0.12221   0.47441   1.42289     9.211    -3.254    36.394   -140.21     45.72      1.00
   3.39171   1.04297   3.66222    22.100    26.719    -0.690   -140.19     38.80      1.00
   5.14006   1.96477   0.01431    21.781    36.256    -2.017   -140.19     54.64      1.00
   2.19498   2.26416   3.20602    31.470     5.652   -20.231   -140.18     52.85      1.00
   5.55017   2.39787   5.00422    51.808    37.349    -0.279   -140.17     69.11      1.00
   1.57594   1.49933   4.36358     9.267    -1.029    -8.099   -140.16     31.32      1.00
   6.16772   0.82804   1.26064    12.169     8.441    40.497   -140.16     50.77      1.00
   4.59031   1.99830   5.24433    13.557    20.773    -4.791   -140.15     40.03      1.00
   2.70932   0.81434   0.71555    10.384   -13.814     1.633   -140.13     41.17      1.00
   6.31229   2.14482   3.76564    21.057    16.724    31.304   -140.12     54.04      1.00
   2.23497   1.82050   0.82078     7.774    34.283    17.604   -140.09     53.37      1.00
   0.17225   1.45531   3.44544    50.280     6.859    22.683   -140.07     69.76      1.00
   5.61957   0.76782   5.73609    23.882    31.566    25.302   -140.04     51.72      1.00
   1.80068   0.94190   0.42517    52.414    28.190    24.160   -140.04     76.71      1.00
   4.65617   1.71701   3.57591    61.933    33.700     5.179   -140.04     76.45      1.00
   1.06087   1.98479  -0.15083     9.096    30.140    25.512   -140.03     48.94      1.00
   3.40983   2.04331   5.30991    32.953    14.931    33.987   -140.01     61.78      1.00
   3.17424   1.97057   4.70047     1.248    36.440    13.528   -140.00     51.46      1.00
   5.20086   2.51279   4.43510    19.078    23.523    -4.857   -139.96     41.36      1.00
   5.74732   1.07499   3.22043    46.932   -16.349    12.309   -139.94     65.39      1.00
   1.21695   1.23422   0.72458    39.183    40.089     8.303   -139.91     69.86      1.00
   0.86791   2.13839   2.56152    -9.902    25.677     9.040   -139.89     45.07      1.00
   5.19131   2.34422   4.16184    56.773    20.584    23.470   -139.88     70.69      1.00
   1.48984   0.82311   1.65647    20.427    -9.844     6.375   -139.87     45.46      1.00
   1.82888   1.59573  -0.15938    42.307    40.053     7.470   -139.86     70.81      1.00
   4.54556   0.79520   3.55940     6.779    29.103    20.320   -139.85     46.56      1.00
   3.19582   0.93834   2.21846    38.687     0.245    36.124   -139.83     58.24      1.00
   2.93338   1.47086   2.91475    62.033    31.447    24.029   -139.81     75.54      1.00
   5.46556   1.29703   5.73871    12.236    29.489    -1.559   -139.77     39.50      1.00
   5.97421   0.86023   2.66533    38.360   -11.016     9.754   -139.75     56.42      1.00
   0.28158   1.12297   1.34794    32.975    20.756   -12.088   -139.73     55.43      1.00
   2.43382   1.27230   2.80942    15.809     1.332    36.529   -139.73     44.02      1.00
   1.40607   3.19189   3.01510     8.658    24.012    34.518   -139.72     55.40      1.00
   2.54261   2.02321   2.99190    29.894   -16.786     3.863   -139.71     44.52      1.00
   5.08712   2.26781   0.46562     4.910    -1.992    31.556   -139.69     44.74      1.00
   4.26375   2.89702   4.03187    28.707    -9.487     6.122   -139.67     40.83      1.00
   3.38565   1.13953   5.65387    38.009    15.542    30.701   -139.65     65.24      1.00
   0.76427   0.45689   0.87744    16.826     1.830    36.333   -139.65     48.69      1.00
   3.17660   1.18709   4.54261    16.429     4.505    36.750   -139.65     46.00      1.00
   1.69827   0.50779   3.23832    -1.136   -17.029    19.245   -139.63     34.76      1.00
   0.82074   0.74601   2.12603    11.946    -6.412     2.581   -139.55     39.56      1.00
   3.00152   1.80359   0.20425    53.503    -4.257    -2.295   -139.55     71.80      1.00
   3.62218   0.87089   6.34705    -1.628    -9.716    33.355   -139.55     47.45      1.00
   1.38934   1.69892   0.67957    10.090    24.682    -5.613   -139.53     46.72      1.00
   5.98385   1.20560   1.92068    22.929    27.192    34.496   -139.52     62.20      1.00
   2.81190   2.17580   0.24701    14.980    34.162    21.403   -139.51     58.17      1.00
   4.87718   2.53956   4.55882    -8.183    13.555    39.963   -139.48     49.95      1.00
   5.90031   1.22627   1.98659    23.253    25.689    35.609   -139.48     62.27      1.00
   0.93166   0.51850   0.72566    16.748     3.611    37.423   -139.47     49.69      1.00
   1.30071   1.55911   0.67463     9.907    27.094    -2.939   -139.46     47.46      1.00
   5.19522   0.94332   2.06742    36.293    -3.940    22.821   -139.45     51.78      1.00
   3.57126   0.54661   1.51232     8.480    -6.736    47.484   -139.44     54.51      1.00
   1.12128   1.90189   5.85221     9.560    -8.657    12.573   -139.44     33.02      1.00
   1.16976   2.41508   2.82530    46.790    30.097     7.370   -139.43     70.94      1.00
   4.53725   1.10428   1.89790    48.560    25.160    21.675   -139.42     65.19      1.00
   5.82283   2.04297   1.91123    23.601    34.795    10.805   -139.41     60.06      1.00
   3.18271   2.38787   5.15795    -5.014     9.963     0.779   -139.39     36.59      1.00
   6.13165   1.88302   2.15739    12.892    32.313    13.838   -139.35     54.52      1.00
   4.39104   1.89513   3.28924    23.935     0.083    -5.882   -139.33     36.48      1.00
   0.69713   0.61875   3.81203    42.926     5.918    27.531   -139.33     60.72      1.00
   4.35360   2.03255   3.58473     8.832     4.799    -4.081   -139.32     28.00      1.00
   1.91342   1.34761   0.05073    46.371    37.339    15.053   -139.31     73.74      1.00
   3.68218   1.48280   0.31268    27.905    33.223     7.377   -139.29     60.89      1.00
   4.85598   0.82225   0.31466    13.509    11.410    46.811   -139.25     56.77      1.00
   0.38615   1.41187   4.64295    29.400    -0.877    24.095   -139.24     46.12      1.00
   3.24593   0.84848   1.36048    22.777    -2.969     0.595   -139.23     41.14      1.00
   0.57298   1.70276   4.26978    17.805   -14.061    -0.648   -139.21     40.97      1.00
   4.48852   0.91652   1.30443    16.773    30.150    13.513   -139.21     43.12      1.00
   4.71702   1.19443   2.94074    42.355   -10.939     8.603   -139.17     53.11      1.00
   3.69510   2.13531   5.66944    47.244     9.680    28.218   -139.17     69.21      1.00
   1.73113   2.06826   3.94407    34.466    -7.718    -1.038   -139.17     50.85      1.00
   1.66771   1.12491   2.42883    32.855     2.885    29.877   -139.16     56.74      1.00
   5.25176   2.88188   4.40379    22.783     0.427    37.313   -139.14     50.82      1.00
   1.33338   2.47526   5.62962     4.071     7.937   -11.762   -139.13     39.86      1.00
   0.63410   1.80923   0.69882    41.808    31.699    15.139   -139.10     64.81      1.00
   5.55343   1.07271   5.55259    26.052    30.717    27.357   -139.10     54.84      1.00
   1.20407   0.63129   3.95718    35.241   -13.154     3.939   -139.06     45.96      1.00
   2.88858   1.37072   1.43818    12.214     4.992     2.325   -139.06     37.84      1.00
   2.36106   2.43320   2.66990    27.127   -12.448    -4.991   -139.05     43.95      1.00
   1.84166   0.93200   4.02253    -7.319   -10.499    35.743   -139.05     38.69      1.00
   4.18538   2.10642   4.92353    12.730    12.654    -7.246   -139.04     36.17      1.00
   5.52657   1.45878   1.42669    22.508    38.554    28.420   -139.03     63.80      1.00
   2.53530   2.39056   0.46839    23.316    31.957    -0.916   -139.03     56.86      1.00
   2.66014   0.96293   2.84901    -0.589    -8.973    43.642   -139.03     46.37      1.00
   3.19213   0.54199   2.59620    11.425    38.693    19.251   -139.02     44.45      1.00
   5.06603   0.57387   5.50193     8.218    15.868    49.992   -138.96     61.21      1.00
   1.59359   0.62489   1.75813    42.403    19.326    -6.637   -138.96     65.13      1.00
   0.89725   2.25330   3.11011    20.426    30.713    -0.826   -138.90     55.20      1.00
  -0.06674  -0.27456   1.47715     5.202    24.164     5.150   -138.90     36.46      1.00
   3.00907   0.38676   3.46224    13.566     2.232     0.687   -138.89     14.57      1.00
   1.74903   2.06729   4.19429    30.132    -6.443    -1.674   -138.83     47.60      1.00
   3.81596   0.84872   1.56524    30.010     7.603    -6.189   -138.79     41.07      1.00
   3.43941   0.56114   3.69699    11.316    33.353    19.978   -138.76     44.29      1.00
   0.10252   1.07408   4.89153    29.904     6.070   -13.892   -138.76     40.92      1.00
   4.93947   2.22600   5.92082    20.066    14.999   -10.434   -138.72     42.29      1.00
   5.24479   0.73046   2.29847    15.255    31.497     5.790   -138.71     45.31      1.00
   4.42220   2.50121  -0.02730     1.618    12.911    42.821   -138.68     56.08      1.00
   1.39158   0.96924   3.31438    47.255    -3.113    20.522   -138.67     61.40      1.00
   3.33257   1.77716   4.18518     6.402     1.869    -3.809   -138.64     26.34      1.00
   2.50272   1.91498   4.62353    31.483    28.057   -12.040   -138.62     57.87      1.00
   3.46383   1.93745   1.77938    17.402   -14.884    31.250   -138.61     51.20      1.00
   3.96009   1.11745   2.14350    44.894    35.922     3.821   -138.60     61.56      1.00
   1.81316   1.58043   4.02493    13.436    -9.570    -4.579   -138.59     33.83      1.00
   2.09486   2.89278   4.84998    46.300    14.948    30.389   -138.58     71.69      1.00
   0.05165   1.33460   1.66890    33.735     7.252    33.444   -138.56     60.75      1.00
   0.20759   0.66713   6.07431    -8.365    -3.180    13.808   -138.54     18.86      1.00
   4.43065   1.78074   3.32637    12.705    -2.874    -0.284   -138.52     29.22      1.00
   1.33736   1.49160   1.10227    10.696     1.793    -2.511   -138.49     38.32      1.00
   2.57227   2.52904   4.03197    31.663    -6.585    -1.315   -138.47     47.18      1.00
  -0.38490   1.46144   5.29290    -1.023    -9.209     7.000   -138.45     25.06      1.00
   2.75808   1.27712   4.32583    34.876    33.609    12.130   -138.41     55.47      1.00
   2.68354   1.55829   6.17733    47.804    12.879   -13.981   -138.39     69.63      1.00
   3.17434   2.35886   5.22582    49.503    20.365    26.684   -138.36     72.38      1.00
   5.82652   1.61254   2.74489    46.335   -12.494     2.179   -138.36     64.29      1.00
   0.06588   2.21040   4.80954     9.495    -3.434    31.852   -138.35     43.54      1.00
   1.39065   0.87919   1.91467    41.250    21.458    -8.612   -138.34     65.48      1.00
   5.39438   1.14277   4.56712    -8.865    -3.927    45.274   -138.31     55.17      1.00
   2.99763   1.26123   0.98133    38.503    -4.014    -4.429   -138.30     58.31      1.00
   2.96468   2.09063   5.99728    19.680     1.001    -6.481   -138.28     46.86      1.00
   2.41521   2.56618   4.43603    -1.386    -0.063     3.098   -138.26     34.00      1.00
   0.90090   1.71574   3.83381   -10.770     9.346     4.103   -138.26     32.95      1.00
   3.21071   2.48296  -0.05305   -12.591    13.652     5.158   -138.24     40.88      1.00
   5.95079   2.26279   3.74706    34.870    -4.451   -17.455   -138.19     55.95      1.00
   4.11865   2.48281   3.20575    23.882   -10.573    25.030   -138.19     45.73      1.00
   0.01252   1.53647   6.09354   -16.191    -3.928    30.265   -138.19     39.08      1.00
   2.99995   1.14015   1.62630    12.434    14.718    -1.135   -138.15     37.23      1.00
   3.91325   1.11419   3.79270    39.380    26.554    25.356   -138.14     59.14      1.00
   1.60177   1.66275   4.25489     2.143    -0.753    -6.698   -138.12     30.98      1.00
   5.98211   0.71007   3.77899    11.194   -11.056    15.893   -138.12     41.12      1.00
   1.30750   0.95163   3.94671    36.340    15.878   -14.925   -138.08     50.22      1.00
   0.00942   2.04058   5.73338    -6.551    -9.082    10.400   -138.08     28.16      1.00
  -0.30782   1.92158   5.60648    33.265    -8.155    -5.311   -138.04     41.28      1.00
   3.68552   1.54282   5.32338    17.687     3.524    39.053   -138.03     54.31      1.00
   3.05739   1.59646   4.86241     4.687    35.581    10.090   -138.03     50.40      1.00
   2.60788   0.81746   1.97932    -7.015     0.531     6.412   -138.02     28.28      1.00
   0.78856   0.42373   3.71266    21.562     3.820    -9.959   -137.99     38.80      1.00
   4.16157   3.22565   6.24220     9.720     0.750    -2.774   -137.98     39.87      1.00
   1.21268   2.22399   1.67534    14.334    -7.956    16.418   -137.95     39.08      1.00
   1.46238   1.20874   0.63871    32.844    -5.630    -4.962   -137.95     50.33      1.00
   4.56140   0.82737   3.51152    35.123    31.904    10.697   -137.94     57.69      1.00
   4.51702   0.54187   3.73271    35.469    28.383     4.308   -137.94     56.66      1.00
   4.16320   1.92091   6.10033     0.364   -21.784     9.259   -137.93     37.97      1.00
   6.10744   0.99046   5.97840    20.858    -5.933    18.810   -137.93     32.11      1.00
   5.33477   1.40476   2.30754    51.782    16.677    30.509   -137.90     73.94      1.00
   0.81235   0.86368   0.86427    10.728     6.786    40.781   -137.87     51.14      1.00
   2.71072   0.91649   4.00396    49.795    13.359    26.942   -137.84     58.51      1.00
   5.43908   2.94042   1.58477    29.468    15.383    31.432   -137.84     61.83      1.00
   0.23692   3.20736   4.99610     9.496    -3.749    37.722   -137.83     49.60      1.00
   1.69202   1.36051   0.38550     6.864    36.489     9.437   -137.80     53.62      1.00
   2.13815   2.19543   5.80180    33.105    29.453    19.460   -137.80     62.09      1.00
   0.90534   1.21493   1.77247    27.771    12.882    36.840   -137.72     61.34      1.00
   5.51356   2.81989   4.76443     8.203   -13.280    16.064   -137.70     35.82      1.00
   4.39988   2.03693   5.06884    -4.064    16.049     0.304   -137.70     34.08      1.00
  -0.15953  -0.35381   5.10076    13.367    22.701    36.094   -137.66     49.39      1.00
   1.10010   1.26201   2.09801    16.176     0.665    -7.781   -137.64     43.74      1.00
   3.17568   1.19182   5.51904     9.295    18.927    40.715   -137.61     57.30      1.00
   4.04456   2.09972   4.84176   -15.882    13.794    42.831   -137.60     55.17      1.00
   5.56768   0.78782   1.06651   -25.394     6.698    29.725   -137.54     42.87      1.00
   2.83667   1.29288  -0.07943    21.901    16.429    35.645   -137.49     59.24      1.00
   1.48898   2.19485   1.36469     1.242    21.605    -3.594   -137.47     42.14      1.00
   4.12704   1.57654   3.37364     2.215    -5.949     4.344   -137.46     23.71      1.00
   3.86481   1.16929   3.38842    -2.868    24.539    39.476   -137.45     50.47      1.00
   2.64646   1.28143   1.18488    -0.412     1.964     4.710   -137.40     35.41      1.00
   2.93950   0.66932   4.25359    32.905    14.193    34.253   -137.36     51.75      1.00
   1.14498   0.49091   0.99659    38.147    35.030    24.246   -137.36     70.36      1.00
   1.35949   1.34914   3.21909     2.024    -9.379    32.393   -137.35     42.81      1.00
   0.61492   0.78170   1.08610     9.880     3.597    40.117   -137.33     50.26      1.00
   4.78185   0.45141   1.17745    24.404    -8.231    17.908   -137.32     35.13      1.00
   3.60863   1.81448   5.05190    55.237    17.878    22.092   -137.30     72.28      1.00
   5.67223   1.47199   0.53000    51.982   -16.494     1.292   -137.28     59.80      1.00
   1.77552   1.80305   3.77821    23.391    33.737     5.879   -137.25     51.92      1.00
   4.09364   2.15285   0.72976    14.060    16.315   -15.755   -137.24     48.01      1.00
   2.07174   2.04030   4.69316    29.041   -11.860    14.818   -137.21     47.40      1.00
   0.21794   1.03407   0.82991     8.105    15.221    -6.244   -137.18     32.85      1.00
   4.85372   0.54248   3.68609     8.023    26.400    17.749   -137.18     46.76      1.00
   5.30529   1.88157   2.04956    36.987    32.959    15.455   -137.17     65.92      1.00
   3.94184   1.24046   0.42585    12.967     0.827   -16.145   -137.16     40.18      1.00
   0.63953   1.46389   5.38434    32.995    -3.062    13.472   -137.12     41.02      1.00
   0.36645   1.09932  -0.48334    23.457     6.778   -11.670   -137.05     31.66      1.00
   5.39217   2.98735   0.70950     7.026    22.137    35.801   -137.04     55.08      1.00
   5.89627   2.53783   4.74304     5.153    21.042     0.607   -136.99     36.00      1.00
   4.18692   1.65446   0.53944     4.006    -5.721    33.394   -136.97     47.64      1.00
   1.70215   2.04376   2.84961    -7.003    27.466    15.674   -136.88     43.79      1.00
   3.06228   2.26046   1.14553    29.877    -3.271    28.290   -136.87     56.27      1.00
   2.60641   2.08163   5.13781    32.336     8.369   -13.121   -136.84     54.53      1.00
   4.78745   1.21870   3.19604     8.102    26.617   -11.850   -136.83     39.77      1.00
   4.51778   1.03009   2.21264    34.845    -5.842    -9.489   -136.82     42.85      1.00
   5.11270   1.78072   1.30043   -23.362    14.110     0.619   -136.81     37.06      1.00
   3.20293   0.30883   3.67327   -26.974    18.659    16.351   -136.81     38.80      1.00
   6.01460   1.04877   2.87736     7.452   -15.523    30.643   -136.80     49.48      1.00
   4.38182   2.03435   5.04094    -4.545    15.315     0.188   -136.79     33.65      1.00
   4.54160   1.70266   2.49738    31.585    -8.292     3.636   -136.78     45.92      1.00
   3.97946   1.38167   5.05895    46.818    -1.212    25.041   -136.75     63.22      1.00
   2.23531   1.55208   4.77129    20.336    35.361    -5.788   -136.71     52.85      1.00
   3.38066   2.46180   4.44117    -7.458    24.907    -0.451   -136.71     41.90      1.00
   2.69393   2.15249   5.54242    45.558    23.807    25.371   -136.69     70.92      1.00
   1.98453   2.27756   5.09134    27.778    -8.293    13.499   -136.67     48.79      1.00
   0.32859   2.49679   3.22587    10.318    -8.086    28.764   -136.63     48.64      1.00
   1.81206   0.67684   0.12420    20.136    26.152    40.318   -136.61     62.16      1.00
   4.58660   1.69645   6.10248     3.549    23.747     2.595   -136.56     40.61      1.00
   0.80905   1.38201   4.55869    19.218    -1.792   -13.407   -136.56     37.20      1.00
   1.54355   1.23724   2.92179     9.983    -1.409    36.479   -136.48     46.39      1.00
   3.94209   2.32217   5.81184    24.842    11.905    -9.637   -136.48     49.47      1.00
   2.35399   2.77471   4.94557    19.642    -0.797    -4.397   -136.43     45.95      1.00
   2.49509   1.03709   3.19158    31.862   -15.086     3.097   -136.42     41.66      1.00
   1.66875   0.48641   2.15239    -6.330    -8.411     8.819   -136.40     34.09      1.00
   1.52822   2.34763   1.81841    42.807    28.610    -1.205   -136.39     64.57      1.00
   5.75182   1.34572   2.14434    24.695    21.555    37.245   -136.39     62.49      1.00
   2.66871   1.00547   2.14846    24.909     7.039    -7.038   -136.37     41.53      1.00
   4.03883   1.87397   5.01042   -15.051    11.148    43.906   -136.28     55.62      1.00
   0.27315   0.98755   0.94604    12.505    16.124    39.306   -136.28     52.37      1.00
   4.70341   1.79733   1.63309    14.149    -8.830    19.942   -136.27     42.72      1.00
   0.49824   2.49023   3.34401    12.323    -8.316    28.671   -136.21     49.02      1.00
   4.23159   1.15407   5.36043     5.500    -9.662    34.202   -136.20     47.64      1.00
   5.07738   0.58786   3.68282    20.198    -9.270    -3.935   -136.20     39.03      1.00
   0.46972   0.65230   5.75490    -5.889    -5.346    21.486   -136.17     24.21      1.00
   1.04961   2.64113   4.97135    -3.588    18.099    -4.648   -136.16     40.24      1.00
  -0.02586   0.48006   0.13267    51.124    12.264    24.273   -136.13     58.90      1.00
   1.44345   0.86967   3.19033    49.297    -1.036    21.688   -136.12     63.68      1.00
   1.94904   1.20096   2.49314     2.237    13.474     0.709   -136.12     33.35      1.00
   0.23598   2.35673   4.22027    21.559     6.300   -16.051   -136.10     46.99      1.00
   1.49079   1.33864   1.38891    12.548     1.625    -3.483   -136.09     40.68      1.00
   1.86212   1.69682   2.67700     0.406    23.794     7.375   -136.08     38.93      1.00
   1.42448   1.78808   0.55845    12.205    -6.150     4.019   -136.06     36.32      1.00
   1.59397   1.13218   2.51468     2.643    29.508     4.592   -136.04     43.70      1.00
  -0.30555   1.21014   4.40820    23.655   -18.249    13.854   -136.04     46.23      1.00
   4.25820   2.92579   3.07084    26.070    13.672   -11.392   -135.96     45.91      1.00
   2.15703   1.80089   4.01193    10.477    32.279    14.624   -135.96     45.72      1.00
   2.31856   1.73449   3.61274    10.164    12.394    -9.961   -135.95     34.57      1.00
   4.38218   1.38707   1.04887    11.762    -2.856     6.110   -135.95     32.94      1.00
   1.50140   1.91916   1.64385    15.415    -9.872    16.528   -135.95     41.14      1.00
   1.74232   1.09266   2.10264    28.255    -5.261    -6.592   -135.95     50.12      1.00
   1.50634   2.61558   0.84958     5.514    -7.220    -8.550   -135.94     36.30      1.00
   1.32686   1.68234   0.47150    12.590    -4.388     1.806   -135.92     35.52      1.00
   3.88198   1.27202   6.02116    16.684    32.411    12.153   -135.89     54.97      1.00
   0.14887   0.47715   1.17063    49.073     2.115    22.290   -135.85     60.87      1.00
   5.48012   2.17506   1.47360    17.996     4.057    33.041   -135.82     53.09      1.00
   4.24165   0.93871   0.07774    15.826    25.231   -21.918   -135.80     48.91      1.00
   5.58880   1.42537   4.85723    13.097    21.939    33.152   -135.77     50.13      1.00
   3.37749   2.65430   5.19099    26.924     2.304    -7.785   -135.75     48.12      1.00
   2.47973   1.23253   3.02361    -0.657   -16.128    12.702   -135.74     29.53      1.00
   1.51528   0.73713   0.54460    35.507    39.228    16.504   -135.74     68.84      1.00
   1.79204   1.71353   2.25292    30.146    23.099    -3.768   -135.73     54.36      1.00
   1.35685   1.37461   3.84398    -3.271    26.049     5.267   -135.72     35.93      1.00
   0.94079   0.60561   0.16594    21.156   -20.973     7.309   -135.68     34.88      1.00
   4.63841   1.19257   2.69157    35.538    -9.774    11.830   -135.68     47.39      1.00
   1.65285   0.65109   4.88580     9.800    25.363    -0.737   -135.67     31.01      1.00
   4.93116   1.32372   6.07683    28.359    31.457    -1.456   -135.64     52.43      1.00
   0.25855   0.47135   3.51567    -5.916    32.580    32.673   -135.64     54.77      1.00
   5.35287   1.59876   2.14872    44.635    11.794    32.964   -135.62     69.48      1.00
   3.75735   0.29470   5.64563    43.075    -3.718    22.197   -135.62     63.70      1.00
   2.28072   1.99683   4.72576    -6.152   -15.277    25.556   -135.61     38.86      1.00
   5.49898   2.03834   5.15134     0.539     4.615    41.200   -135.60     48.68      1.00
   2.29869   2.35549   3.96158    33.134    -8.546     2.135   -135.59     48.43      1.00
   1.50385   2.08289   5.98469    13.380    21.514   -13.800   -135.59     47.36      1.00
   2.25777   0.22483   1.44911    20.236    -4.242    -7.871   -135.57     43.76      1.00
   0.40333   0.71631   4.43320     3.907    -1.887     1.140   -135.57     24.00      1.00
   3.24077   1.00168   4.93039    34.575    -1.271    24.514   -135.56     51.28      1.00
   1.75475   1.91767   6.01256    39.726    38.932    -1.657   -135.55     68.44      1.00
   5.16321   2.67449   4.34098    30.594    19.868   -10.081   -135.53     47.68      1.00
   0.60440   2.01791   1.22840     6.006    36.221    10.361   -135.52     53.08      1.00
   3.31072   2.36372   0.24616    45.258    -3.017    13.641   -135.51     65.79      1.00
   4.09020   2.68678  -0.29429    13.878   -20.014    29.601   -135.51     49.74      1.00
   2.47060   2.65699   4.01133    32.050    -5.743    -2.102   -135.47     48.65      1.00
   4.36780   1.58158  -0.10602    -7.633    24.786    10.978   -135.47     42.69      1.00
   1.82998   1.42885   0.63423    29.813    29.810    25.651   -135.45     62.68      1.00
   4.09797   1.30686   4.02922    -0.300   -10.988    34.215   -135.45     42.83      1.00
  -0.32523   0.40637   3.94790    30.326   -10.182    12.995   -135.44     51.23      1.00
   5.41507   2.00539   6.21212    45.274   -13.520   -14.264   -135.43     55.93      1.00
   3.67973   1.42292   0.41047    11.466    32.022    16.382   -135.43     53.45      1.00
   1.18759   1.10335   6.03628    39.114   -10.648     0.632   -135.42     46.79      1.00
   0.80563   2.26980   4.93651    31.983    39.223    17.912   -135.40     61.67      1.00
   3.99758   0.16516   0.24449    40.873    21.396    26.646   -135.39     64.44      1.00
  -0.01123   1.72332   1.22244    36.852    37.672    16.599   -135.39     68.07      1.00
  -0.08677   2.65129   2.52693    12.746    -8.279     1.102   -135.39     42.79      1.00
   5.78359   1.38026   2.68820    44.686    -1.408    30.621   -135.38     68.46      1.00
   2.28308   2.60976   1.52424    32.318     2.919   -20.361   -135.37     53.86      1.00
   4.01564   2.34465   0.59048    14.132    -1.158    34.434   -135.37     53.32      1.00
   1.79265   1.98891   3.63972    21.121    34.400    10.355   -135.33     52.92      1.00
  -0.20638   2.29071   4.78173   -24.103    -5.062    13.491   -135.32     39.86      1.00
   4.95265   1.83159   6.11519    27.387    21.647   -10.300   -135.28     48.87      1.00
   1.94012   1.46470   2.63048     0.259    18.848     3.192   -135.27     35.11      1.00
   0.81602   2.84273   4.36431    11.435     7.716    37.894   -135.26     53.09      1.00
   3.29335   1.90397   3.01581    48.691    19.934    28.970   -135.26     62.93      1.00
   2.77460   1.28597   0.51776    36.978     0.699    -5.244   -135.26     58.30      1.00
   1.69285   1.91324   5.22971    34.411    28.662    18.949   -135.24     58.54      1.00
   2.20373   0.22346   5.46446    -5.886    19.621     7.678   -135.22     33.44      1.00
   0.53766   2.64354   3.20289    -5.283    -8.472    13.215   -135.21     38.66      1.00
   0.06539   0.85628   3.79851     5.395    -9.176    11.682   -135.21     36.16      1.00
   4.46467   2.03456   3.37694    22.769     2.831    -6.955   -135.20     36.61      1.00
   1.22017   2.64415   0.46088   -18.568     1.898     2.798   -135.19     36.43      1.00
   0.60212   1.32539   0.55162    17.914     3.734    -8.940   -135.19     35.27      1.00
   5.64027   2.39337   3.41223     4.495    12.161    -2.780   -135.13     37.00      1.00
   2.62645   2.16653   1.18545    38.217    -2.806   -14.495   -135.11     59.44      1.00
   0.37239   0.89368   0.82620     9.774    16.726    40.808   -135.10     52.43      1.00
   0.22466   1.87402   3.55696    24.302    -0.997    30.716   -135.03     54.28      1.00
   1.44308   2.68852   0.71828    -9.182   -11.504     2.387   -135.03     34.85      1.00
   3.63355   1.33784   0.51858    12.602    31.962    18.534   -135.03     53.95      1.00
   1.06329   0.43260   0.91336    47.745    35.328    23.839   -134.99     75.83      1.00
   2.60750   1.64333   5.48655     6.936    29.282    31.464   -134.95     55.02      1.00
   6.01561   1.81179   5.50344     4.943    -4.482    31.550   -134.94     39.04      1.00
   3.06429   1.93465   4.48040     6.303    30.548     1.831   -134.92     45.17      1.00
   1.07935   0.65140   0.51131    37.038     7.678    30.310   -134.86     57.10      1.00
   2.45826   1.39568   4.05774    -0.969    31.516    16.617   -134.86     40.81      1.00
   0.20787   2.07261   4.98938    27.639    -5.304    21.112   -134.81     44.86      1.00
   0.37477   2.45766   5.46251    35.209    29.946    -2.266   -134.80     55.10      1.00
   4.33257   1.63228   2.36582    -4.019    -7.544    41.401   -134.80     50.37      1.00
   1.78372   2.74012   0.93720    25.068    25.174    -5.061   -134.78     49.78      1.00
   1.84483   0.34514   3.68349    19.309     8.376    39.260   -134.76     45.65      1.00
   0.49084   0.47897   1.36744    30.345    31.960    33.728   -134.74     66.87      1.00
   0.67815   0.58205   0.06042    45.755    -0.581   -17.630   -134.71     52.26      1.00
   1.07045   2.36772   1.84888    23.508    27.946    13.515   -134.71     53.93      1.00
   0.80769   0.74383   0.69546    12.910     7.311    39.380   -134.70     49.77      1.00
   0.85601   0.39815   2.81576    -0.926    -7.099     6.099   -134.69     33.98      1.00
   0.99362   1.54027  -0.01394    -4.178    30.638    29.135   -134.68     49.81      1.00
   3.78563   0.76144   4.28716    23.457    24.687     3.797   -134.67     45.29      1.00
   4.11693   1.85397  -0.02965    -4.022   -19.428     8.083   -134.63     36.86      1.00
   1.40771   1.35726   4.81018    25.543    27.465    40.577   -134.62     57.00      1.00
   3.17385   0.46356  -0.11937    45.951     0.674    24.847   -134.58     67.32      1.00
   5.03489   1.62237   1.32976    47.406    -1.019    17.158   -134.58     62.65      1.00
   3.31190   2.58197   3.25995    18.301    28.540    11.879   -134.55     44.85      1.00
   0.49074   2.22517   0.73480    30.986     9.099   -12.999   -134.55     48.91      1.00
   0.87683   0.90167   0.32417    41.450    15.048    27.222   -134.53     58.50      1.00
   2.19349   0.78638   3.75784    41.325    -2.447    25.669   -134.53     49.57      1.00
   1.20670   0.99947  -0.08807    28.160     7.062   -10.410   -134.51     41.94      1.00
   0.57507   0.98016   4.72641    35.564     3.220    27.517   -134.49     49.32      1.00
   0.63675   0.35497   1.50787    51.683     7.808    32.579   -134.49     73.05      1.00
   4.31930   0.50668   1.02749    14.659    -2.770    44.129   -134.45     52.08      1.00
   4.53386   1.21774   0.02841    32.688    31.281     1.452   -134.42     57.30      1.00
   5.90106   1.02404   1.80006     7.541    30.497     7.485   -134.38     45.87      1.00
   5.49273   2.36584   5.41534     1.592    12.298    38.010   -134.38     47.40      1.00
   1.51637   2.04521   2.79720    31.725    30.217     0.940   -134.37     58.75      1.00
   3.97319   1.63077   2.84955   -15.115    -5.756    35.996   -134.37     45.29      1.00
   0.20997   0.52969   2.21227    25.600    -2.739    39.294   -134.34     59.73      1.00
   5.17985   3.03016   0.53759     8.329    21.955    35.365   -134.34     55.05      1.00
   4.75508   1.08198   1.51007    -8.808    30.244    23.447   -134.33     44.58      1.00
   0.47374   0.51346   1.82013    26.265     3.603    38.623   -134.32     59.41      1.00
   4.43863   1.56613   0.47632    38.172    -3.264    20.402   -134.32     57.55      1.00
   4.13145   1.04379   2.18744    36.444    16.202   -24.574   -134.30     50.82      1.00
   3.85690   1.09600   5.32934    29.836    37.035    24.466   -134.29     67.02      1.00
   1.75037   1.25504   2.82126    16.662     1.000    35.484   -134.29     47.50      1.00
   4.96006   2.06099   4.25036    33.846    16.985    29.582   -134.21     55.54      1.00
   5.20545   0.97796   0.14291     8.655    32.731    15.022   -134.21     43.41      1.00
   2.67021   1.86207   4.15648     5.816    22.517    -4.409   -134.20     38.41      1.00
   1.73451   2.60967   3.02742    -4.064    28.493    28.953   -134.18     51.00      1.00
   5.06549   1.42005   3.61094    39.782    24.772    20.962   -134.17     61.57      1.00
   2.92763   1.23482   1.02815    38.022    -3.417    -5.634   -134.15     58.02      1.00
   2.83185   1.77044  -0.20666    47.143    25.070    21.347   -134.11     72.76      1.00
   5.29700   0.86472   4.53811    22.977    -9.836    36.951   -134.11     56.63      1.00
   0.24802   0.97615   0.02448    49.256    20.602    23.463   -134.09     60.90      1.00
   4.75262   1.07758   2.55222    37.716    -8.878    14.718   -134.07     49.75      1.00
   0.29831   1.81214   0.05182   -11.180     9.061     1.137   -134.04     29.38      1.00
   3.43089   0.33252   3.92790    -2.548    22.887     8.722   -134.04     32.05      1.00
   0.55003   0.66465   0.28612    35.437     8.301   -14.813   -134.03     44.98      1.00
   5.89896   2.17854   5.65963   -11.273     4.086    39.116   -134.02     47.23      1.00
   4.18019   0.51799   5.26828     7.656     4.005   -18.879   -134.02     39.02      1.00
   3.91764   1.28225   2.60394   -12.666    -4.752    40.360   -134.00     46.78      1.00
   1.73079   1.61080   0.73149    49.642    29.869    15.095   -134.00     72.82      1.00
   5.04043   1.95895   3.05509    21.124     0.925    -5.310   -133.99     40.10      1.00
   2.12012   2.59397   5.79933    19.518    32.002    24.719   -133.95     58.08      1.00
   5.93269   0.79219   1.71811    25.718    29.537    -4.464   -133.94     51.20      1.00
   4.29636   0.71710   5.51933     8.784    -5.155    37.342   -133.89     51.43      1.00
   3.91047   1.00046   5.68990    11.368     3.333    41.285   -133.87     55.62      1.00
   3.21683   1.27232   0.19894    35.557    -4.316    27.558   -133.86     61.49      1.00
   5.55800   1.76911   3.35061     1.560    14.055    39.405   -133.86     53.35      1.00
   1.66541   2.57817   0.33161    20.582    -1.725   -10.723   -133.85     44.36      1.00
   5.24514   2.38298   4.92424    33.504    22.253   -10.768   -133.83     49.72      1.00
   1.95276   1.29147   3.67945    19.729    -1.536    -9.573   -133.83     34.89      1.00
   3.51429   1.71112   2.36759    33.874    15.958    30.036   -133.82     54.02      1.00
   2.84881   2.89947   4.40782    32.953    -3.186    -6.090   -133.82     50.77      1.00
   0.06519   2.08543   0.13351    -3.319    -5.109     5.739   -133.79     25.83      1.00
   3.87560   1.28933   0.41554    11.879    -0.239   -14.474   -133.78     39.78      1.00
   1.47638   2.12142   5.84090    -6.411    18.983    -6.606   -133.78     40.62      1.00
   0.27849   0.84311   1.62198    55.767    27.875    25.533   -133.78     79.40      1.00
   4.36569   2.66768   5.03461     7.646    -1.803    -0.758   -133.76     29.72      1.00
   1.20055   1.12504   2.51764    27.338     4.372   -13.030   -133.74     51.55      1.00
   1.86808   1.06541   0.29745    51.014    31.405    21.732   -133.73     76.16      1.00
   2.08010   0.72401   3.80987    41.221    -0.646    26.803   -133.73     50.01      1.00
   5.74823   1.00067   2.74946    31.066     6.315    39.983   -133.72     64.10      1.00
   5.99387   0.69710   4.33166    21.496    -7.971    36.642   -133.68     54.75      1.00
   0.07292   0.85105   1.79832    18.782    22.534    42.307   -133.66     62.89      1.00
   3.15933   2.70281   5.85045    -1.424   -10.703     7.742   -133.63     38.37      1.00
   1.93523   1.54861   2.71164     0.382    21.535     4.710   -133.62     36.43      1.00
   4.63415   1.99344   4.84678    27.147     5.891   -16.959   -133.61     42.46      1.00
   4.53223   2.63716   4.41419   -11.084    20.191    36.120   -133.61     49.99      1.00
   2.20247   2.94242   3.84809    10.883    27.181    30.219   -133.60     54.86      1.00
   4.94201   1.82750   2.35471    12.979    26.524    33.669   -133.60     55.84      1.00
   2.95692   0.72905   0.67957    42.395   -10.998    12.660   -133.58     62.59      1.00
   0.95430   2.13083   6.05445     8.773    30.906    22.029   -133.58     47.76      1.00
   2.79034   2.51679   3.80184    32.609    -9.861     2.503   -133.56     45.49      1.00
   0.00826   0.41696   5.47843    28.344    37.113    20.422   -133.56     52.08      1.00
   3.91768   2.27386  -0.25527   -16.281    -9.686     2.501   -133.56     35.70      1.00
   5.27564   2.17345   2.72790    11.628   -17.196    22.830   -133.56     48.39      1.00
   4.91325   1.91152   2.25398    12.787    24.474    35.781   -133.55     56.56      1.00
   4.45381   1.54877   4.92436    20.550     0.933    36.198   -133.54     51.77      1.00
   1.80354   1.97122   0.85040    30.757    -8.742     2.110   -133.54     49.75      1.00
   1.10970   1.18614   0.20675    38.997    19.663    27.898   -133.53     59.48      1.00
   0.75098   0.78316   2.54635    34.175    27.197    24.441   -133.51     65.14      1.00
   1.67875   1.07003   3.79536    -5.676   -10.383     6.330   -133.46     25.43      1.00
   3.79637   2.11019   2.26433    23.869    22.481   -12.033   -133.45     46.81      1.00
  -0.08589   0.38771   0.62164    46.036   -11.958    16.961   -133.44     51.69      1.00
   4.79135   1.34122   2.44715    41.998    -9.519    10.494   -133.41     54.32      1.00
   6.00158   1.02678   2.90817     6.760   -15.725    31.253   -133.39     49.71      1.00
   3.37120   1.10377   5.55625    20.839    -0.886    34.831   -133.38     53.32      1.00
   5.35691   2.78105   3.47125    25.561   -15.341    10.144   -133.37     49.27      1.00
   3.53406   2.37116   6.31887    10.505    -1.936    -6.561   -133.35     42.18      1.00
   4.17338   2.09995   3.22047    26.184    -3.439    32.344   -133.34     49.35      1.00
   0.52658   1.51477   0.77802    -3.932     2.163    -0.132   -133.34     28.49      1.00
   1.23177   0.58963   2.69202    -7.087    -4.237     5.366   -133.32     32.11      1.00
   3.58430   1.31668   5.45209    19.442    10.093   -12.255   -133.31     44.68      1.00
   5.93635   1.35538   1.37660    42.723    41.295    11.442   -133.31     71.81      1.00
   4.19364   0.72928   0.05903     9.225    12.339   -18.653   -133.29     38.74      1.00
   4.24864   1.71496   1.84979    27.948   -10.887    27.773   -133.28     53.62      1.00
   4.31348   2.37064   5.24453     5.054    35.281     6.589   -133.27     50.23      1.00
   5.03450   2.68086   4.92333   -13.360    16.958    38.866   -133.25     51.37      1.00
   0.27722   0.51577   4.11935    -6.401   -11.366    15.181   -133.24     33.18      1.00
  -0.11940   1.23016   4.93083    -3.410    13.944     3.115   -133.22     25.95      1.00
   2.82770   1.81957   6.03606    46.581    26.503    20.694   -133.20     72.70      1.00
   4.26307   2.49642   5.66387    -5.535     5.501     2.047   -133.18     32.89      1.00
   3.69314   0.77730   3.81282    42.058    31.242    17.911   -133.18     60.09      1.00
   4.59153   1.97725   5.21357    -3.314    19.529     0.919   -133.18     35.85      1.00
   2.47578  -0.47195   2.62344     5.612     0.295    -1.285   -133.17     19.15      1.00
   3.92513   1.05189  -0.04583    21.266    32.484    15.850   -133.16     57.11      1.00
   5.65430   1.85810   0.35301    51.818     2.963    17.941   -133.16     62.73      1.00
   1.40627   1.33411   3.38660    36.486    -6.847    18.248   -133.14     52.74      1.00
   3.98387   1.91142   4.92537   -15.700    11.627    43.701   -133.13     55.48      1.00
  -0.04561   2.93740   0.16302    11.384    -2.060    -2.062   -133.12     31.67      1.00
   0.00330  -0.03980   1.34690     9.035    -3.427    37.353   -133.11     43.79      1.00
   5.91357   2.04844   3.10321    -0.012     1.322    -0.369   -133.11     35.63      1.00
   1.12400   0.87547   2.18032    42.041    23.509    -4.811   -133.08     66.12      1.00
   3.16369   2.59206   1.21841    54.438    -6.283    -6.552   -133.07     71.10      1.00
   4.78388   2.46664   5.72404     1.147    36.963    13.162   -133.05     52.41      1.00
   0.78863   2.13752   0.08280    37.760    33.051     3.409   -133.01     59.48      1.00
   0.68111   1.36124  -0.08889    15.924    26.747    29.663   -133.00     48.44      1.00
   4.56085   2.66485   5.42695   -12.210    13.607    -1.991   -132.98     36.18      1.00
   0.88118   1.70558   3.77671    17.697    25.863    -3.619   -132.96     46.66      1.00
   4.61474   1.54571   0.14666    30.411    -7.048   -23.431   -132.95     50.41      1.00
   4.90718   2.30118   3.11573    21.696     7.600    -8.965   -132.94     41.81      1.00
   2.13935   2.41802   4.36717    33.036    -1.422    -9.305   -132.94     52.87      1.00
   0.18385   2.07454   5.90668    34.664    32.970    10.500   -132.93     55.29      1.00
   4.27811   0.53136   5.20057     8.540     5.048   -19.715   -132.92     39.64      1.00
   0.49147   0.85241   3.70796    15.849   -12.451    36.907   -132.91     53.14      1.00
   3.66540   0.47556   4.95445     1.137   -17.346    -5.662   -132.91     32.36      1.00
   4.31252   2.29913   3.63707    30.864    11.108   -12.544   -132.89     44.24      1.00
   6.01189   2.13549   4.45847    11.721     1.288    34.243   -132.88     46.61      1.00
   3.73515   0.92095   3.10027   -23.190    18.457    20.435   -132.85     38.57      1.00
   5.80932   2.21595   4.92333    31.484     4.150    29.985   -132.83     50.77      1.00
   4.54681   0.59253   0.16461    16.618    -3.793    40.429   -132.79     53.06      1.00
   3.54536   1.92540   2.57361     9.828    -3.884    36.648   -132.78     45.07      1.00
   3.58586   0.71024   4.04855    22.583    19.561    -0.951   -132.75     38.14      1.00
   4.96674   1.61545   1.64905    63.261    14.270    24.969   -132.74     80.54      1.00
   6.26093   1.10142   2.11990    47.284    -5.532    20.170   -132.73     65.67      1.00
   5.25192   1.54629   2.49808     9.869     5.531    45.537   -132.71     58.12      1.00
   5.87810   1.48307   1.94579    22.750    -3.870    32.026   -132.71     53.26      1.00
   1.76861   1.14047   5.68934    28.622    -3.074     4.940   -132.70     40.08      1.00
   3.42921   1.24951   0.10867     9.350    30.335    10.721   -132.69     51.55      1.00
   2.43330   0.97576   2.25626    -9.636     6.684     5.642   -132.68     28.17      1.00
   6.04265   1.33609   4.49684    10.771    33.523    -4.257   -132.67     43.53      1.00
   2.11273   2.76191   3.21042    33.130    -8.509     1.407   -132.66     48.13      1.00
   1.51307   1.57344   4.23891    -9.900    -1.178     0.237   -132.65     28.60      1.00
   1.46593   1.83306   0.43637    13.959    -6.341     4.382   -132.60     37.11      1.00
   4.81620   2.03978   5.55730    46.824    -3.921    20.044   -132.57     59.25      1.00
   4.63495   1.17539   2.20539    39.973    -6.770   -11.527   -132.57     49.52      1.00
   1.81974   2.03379   3.64029    21.192    34.378    11.864   -132.56     53.32      1.00
   4.31767   1.28490   2.36500    32.087     0.225   -13.416   -132.56     42.47      1.00
   2.92175   2.39154   4.77496    37.785    26.129    26.797   -132.54     64.88      1.00
   6.00699   0.77768   2.32838    44.795    16.653    33.939   -132.54     71.21      1.00
   3.03225   0.43454   3.44227    13.986     2.985     0.226   -132.53     15.31      1.00
   2.85939   1.71246   6.06825    46.948    24.364    22.342   -132.53     72.61      1.00
   0.40379   2.71938  -0.16936     5.072    -9.068     4.697   -132.53     30.96      1.00
   0.23592   1.93418   4.31073     5.995    37.535    11.520   -132.48     48.18      1.00
   4.53873   0.67083   0.34247    24.616     9.681    44.323   -132.47     59.77      1.00
   2.89164   2.48616   4.21428     2.018    30.218     1.054   -132.41     46.13      1.00
   0.51470   1.46498   5.52639    22.235    -5.143    13.395   -132.40     32.70      1.00
   4.97387   1.38197   0.48564    36.591    27.152    34.299   -132.39     66.45      1.00
   4.49584   1.39553   5.36570    20.823    35.435     9.615   -132.37     55.07      1.00
   4.53631   1.17467   0.33405    -0.217    30.425    15.731   -132.28     44.51      1.00
   0.04330   1.76237   0.07282   -20.681     2.993    33.000   -132.27     44.39      1.00
   4.75439   1.43491   5.32128    19.326    34.718    11.305   -132.27     52.86      1.00
   4.02461   1.44462   5.87065    19.992    32.445     6.551   -132.27     55.15      1.00
   3.03473   1.90728   3.19294    36.655     3.770    30.232   -132.24     50.99      1.00
   0.29837   0.88906   3.06056    -1.553    10.837    -5.577   -132.18     35.96      1.00
   1.68242   0.43388   2.67035    44.988    11.295    27.296   -132.17     64.50      1.00
   0.38386   2.08442   1.12309    31.646    38.420     4.618   -132.11     63.85      1.00
   1.11963   2.01496   4.15573    55.701    -3.973     0.280   -132.11     69.04      1.00
   1.47864   1.30808   5.43415    31.890    -5.753    11.788   -132.10     41.49      1.00
   2.31134   0.79498   3.04052    -0.240   -19.218    25.902   -132.10     37.36      1.00
   5.91968   2.15501   0.22370    53.383    -7.253    22.426   -132.08     64.19      1.00
   1.32387   2.02485   2.98982    33.892    -8.975    11.611   -132.04     52.76      1.00
   1.01065   1.89261   0.51020    39.221     4.017   -14.717   -132.02     55.22      1.00
   1.92828   2.66168   2.46528   -11.277    -7.441     1.706   -131.98     32.51      1.00
   5.86203   1.02496   4.90092     9.509    19.933    37.467   -131.96     50.45      1.00
   0.72843   0.25357   2.73057     3.131    -9.230     7.888   -131.95     36.10      1.00
   1.79699   1.12001  -0.03440    38.935    -2.340    -2.574   -131.92     52.77      1.00
  -0.08531   0.65743   0.13896   -19.216    -1.479    21.560   -131.92     30.66      1.00
   2.21822   1.72267   4.41271    33.258    34.333    13.891   -131.91     57.98      1.00
   4.02621   2.25915   0.47698    17.209    -1.704    29.908   -131.91     51.87      1.00
   4.09404   0.80621   5.41300    43.660    14.239    39.737   -131.87     73.32      1.00
   1.69746   1.51045   3.04395    15.448    -3.859    32.109   -131.87     44.57      1.00
   3.56330   1.65660   0.63699    15.010    -6.859    15.672   -131.85     44.44      1.00
   5.44172   1.46068   0.71579    31.072    20.865    -7.756   -131.84     48.11      1.00
   4.60135   1.82276   1.97497    31.758    -2.879    36.716   -131.83     60.94      1.00
   4.75711   0.75531   3.74721    26.448    28.193    14.417   -131.75     53.52      1.00
   1.96847   0.26465   4.03308    54.235    26.039    22.371   -131.74     63.79      1.00
   3.22511   1.22501   5.56617    21.753     2.589    36.247   -131.74     54.66      1.00
   4.79226   2.18571   1.51945    14.750    22.481   -12.033   -131.72     47.92      1.00
   4.77230   2.50269   5.77298     2.513    37.473    11.894   -131.70     52.93      1.00
   4.18979   2.08833   4.93985    11.768    12.990    -7.324   -131.69     36.04      1.00
   1.57370   1.11468   2.62630    49.126    -0.268    22.610   -131.67     66.35      1.00
   0.11331   1.32259   0.85842    34.946    21.155    29.204   -131.66     59.07      1.00
   3.81980   1.78704   5.79641    37.498     1.220    30.241   -131.66     61.97      1.00
  -0.29594   1.84768   0.35947     0.698    19.312     0.865   -131.63     33.90      1.00
   4.65779   2.26651   3.47619    -3.364     4.617     2.575   -131.56     29.03      1.00
   4.08659   2.39457   3.16517    23.795    -9.589    26.900   -131.55     46.27      1.00
   4.39380   0.68302   5.55874     1.292    29.103    32.078   -131.52     54.95      1.00
   1.12778   0.46789   3.35706     2.202     3.978    -2.172   -131.50     27.87      1.00
   4.06556   1.25758   0.29813   -14.659   -13.049    14.681   -131.48     36.64      1.00
   0.53395   0.85778   1.01969    24.158    17.898   -10.271   -131.47     46.43      1.00
   1.56114   2.38714   1.10026    23.770    17.269   -16.596   -131.46     51.01      1.00
  -0.45078   0.98791   4.95025    -2.865    -9.658    10.060   -131.45     28.39      1.00
   6.43520   2.06091   5.80806    14.851    32.747    17.787   -131.44     47.16      1.00
   2.71321   1.36770   0.78968    14.359    -9.668    30.574   -131.42     50.54      1.00
   5.04409   0.62059   1.58363    34.885    33.778     0.841   -131.40     52.35      1.00
   4.05735   2.78586   0.26608    20.536     6.866    37.162   -131.37     58.01      1.00
   5.12547   1.83438   5.77402    28.627    -6.801    21.807   -131.36     45.64      1.00
   3.81867   1.46134   3.88428    42.842    18.131    30.471   -131.33     59.99      1.00
   2.09228   1.95532   5.28962    32.763    33.832     9.306   -131.33     61.19      1.00
   1.85540   0.99001   4.90001    20.323    17.073    39.178   -131.30     48.60      1.00
   5.05817   1.10429   2.25993    16.856    -7.544    26.559   -131.28     42.93      1.00
   2.66097   1.46701   0.09892    19.694    27.036    34.943   -131.26     62.00      1.00
   1.25583   1.56203   2.34873    -2.231    25.882    11.002   -131.26     44.19      1.00
   4.07468   2.46533   2.63456     8.501     6.822    43.771   -131.18     53.20      1.00
   3.95013   0.75171   0.26962    46.520    30.005    16.941   -131.17     70.38      1.00
   0.61376   1.57093   3.87005     0.174    43.051    35.366   -131.16     60.39      1.00
   4.49771   1.30220   3.22967    34.604    -8.759     4.087   -131.16     44.31      1.00
   0.98215   2.02493   5.63477   -21.375    13.242     2.839   -131.14     38.47      1.00
   6.17260   2.21747   4.60926    10.709    -1.035    33.317   -131.14     45.35      1.00
   0.26445   2.42873   0.68808    27.769     7.009   -12.426   -131.12     45.83      1.00
   4.09085   1.94526   2.32549    22.887    15.211   -14.610   -131.11     43.58      1.00
   2.89587   1.26799   1.84749     4.102    18.354     4.185   -131.11     34.30      1.00
   1.24358   2.29640   3.11136     3.152   -10.472    14.584   -131.10     37.49      1.00
   4.65022   1.85370   2.54931    55.418    12.464    24.492   -131.09     71.78      1.00
   1.92035   1.60177   4.84593     4.555    -2.786     6.553   -131.08     28.38      1.00
   5.51671   2.33625   3.44035     5.626    10.627    -3.075   -131.07     36.04      1.00
   5.39205   0.66669   4.64328    24.417     1.479    42.071   -131.05     60.26      1.00
   3.56395   2.02799   0.29869    42.898    13.684    30.293   -131.03     70.25      1.00
   4.13237   2.44913   0.63475    44.996    23.827    25.895   -131.00     73.20      1.00
   0.08207   2.04628   4.70299    43.334    -0.154    17.785   -131.00     55.98      1.00
  -0.11993   0.68796   0.14498   -19.333    -1.906    22.568   -130.98     31.57      1.00
   1.69651   1.80895   2.76606    29.867    26.626    -3.127   -130.96     54.85      1.00
   3.03466   1.78428   4.23903    -4.694    -6.192     6.488   -130.93     25.44      1.00
   4.13027   0.34728   2.04772     3.446    23.299    43.958   -130.92     50.68      1.00
   5.17445   1.32993   2.93237    -2.421    -8.431    14.729   -130.91     33.93      1.00
   4.09521   0.21290   1.71324    51.201    34.765     4.870   -130.87     63.04      1.00
   1.65832   0.47577   2.88007    15.873     6.478    -7.707   -130.86     35.67      1.00
   4.28607   1.20901   1.00279    -4.532    -2.020    11.831   -130.86     28.67      1.00
   2.42025   2.42014   3.32663    18.738   -10.095    14.510   -130.84     37.57      1.00
   1.38884   2.32672   3.31914    17.687    -9.534    11.861   -130.81     42.31      1.00
   4.15991   1.01077   3.37285    22.125    31.055     6.445   -130.81     44.90      1.00
   3.15394   0.11744   1.04680     2.778    -6.128     3.046   -130.77     31.04      1.00
  -0.02618   1.71250   5.02092    38.077     4.332    22.107   -130.75     50.63      1.00
   3.35093   0.62639   0.22830     6.683   -11.736    27.615   -130.74     46.09      1.00
   0.45671   2.19138   5.31658    39.890    -7.398    11.248   -130.73     51.06      1.00
   2.00813   0.07070   2.18339     3.557    -5.324     1.507   -130.73     31.00      1.00
   4.99808   1.24610   6.15899    29.967    32.272    -0.580   -130.69     53.13      1.00
   3.75205   1.05184   2.66032    45.152    21.142   -22.225   -130.66     57.00      1.00
   1.89514   2.43107   3.83732     1.980    -6.582     6.173   -130.64     33.91      1.00
   0.93395   0.16512   1.54760     1.270    25.376    13.997   -130.64     45.90      1.00
   4.67636   1.71872   2.30550    13.616    29.520    31.202   -130.62     54.43      1.00
   2.74057   2.39517   2.63614    10.047    27.966    17.443   -130.53     43.38      1.00
   0.95388   2.15539  -0.24225     8.745    31.047    21.582   -130.50     47.71      1.00
   0.36459   2.22207   4.06276    11.868     7.908    34.048   -130.48     49.10      1.00
   4.80620   2.31046   3.68848    21.213     9.813    -8.469   -130.47     38.33      1.00
   1.86745   1.84973   1.24745    -3.855    -8.923    11.613   -130.45     35.85      1.00
   0.87788   2.54331   0.97469    22.582     0.264    -8.053   -130.44     41.09      1.00
   4.11430   1.78983   3.91293     0.566     9.873    -4.493   -130.44     26.78      1.00
   3.30123   1.37832   0.50775    12.059    -4.592    36.384   -130.43     53.08      1.00
   2.10421   0.60099   1.17512    42.833    16.042    -7.761   -130.40     64.90      1.00
   1.21115   2.59499   0.40840    10.757    -1.433   -11.567   -130.40     37.88      1.00
   1.93198   2.41339   3.33195    11.169    25.655    40.685   -130.40     56.71      1.00
   4.13532   2.66448   4.79266    24.716    -2.775    -6.741   -130.38     39.16      1.00
   4.07931   0.99873  -0.02022    41.399    32.810    11.878   -130.38     67.76      1.00
   5.91940   0.45313   2.38333    40.152    20.271    38.513   -130.33     70.64      1.00
   2.86559   2.27150   4.67355     8.711     4.212    -2.290   -130.31     35.43      1.00
   3.93570   2.15362   6.10718   -17.914    -6.565     0.396   -130.28     35.77      1.00
   1.90172   1.20615   0.15145    48.508    35.211    18.464   -130.28     75.02      1.00
   4.52338   1.11111   5.96179    52.837    15.315    28.953   -130.27     73.50      1.00
   6.14225   1.00231   1.08559    49.480   -11.941    17.034   -130.26     59.68      1.00
   2.14278   1.84581   0.66873    13.540    33.901     9.162   -130.26     53.80      1.00
   2.23014   1.45706   0.18972    44.924    26.042    24.009   -130.23     70.78      1.00
  -0.02053   1.99450   5.49941    35.414    13.482    34.905   -130.21     55.80      1.00
   5.19991   0.36997   6.25296     6.797     1.638    47.848   -130.21     52.84      1.00
   1.70819   1.26491   2.45535    42.152    18.274   -13.563   -130.19     63.29      1.00
   3.40385   1.01394   0.08571    50.288     2.302    25.441   -130.19     71.74      1.00
   5.41077   1.78856   1.37442    48.916     3.273    19.925   -130.16     65.93      1.00
   0.09645   2.04382   0.52628     1.774    14.227    -1.265   -130.15     33.18      1.00
   1.22484   0.41131   3.06062    23.586     9.311    36.364   -130.14     54.49      1.00
   0.87327   2.15424  -0.04885    -1.629    30.819    16.577   -130.13     45.33      1.00
   2.55819   2.33654   0.25623    28.927    25.271    33.781   -130.11     63.65      1.00
   0.90035   1.82471   0.42146    35.956    32.945    12.347   -130.07     60.43      1.00
   5.97013   0.48844   1.24490    13.524     5.497    38.702   -130.07     46.66      1.00
   6.06390   1.73090   1.07332    18.195    35.147    29.665   -130.07     61.03      1.00
   3.63185   0.61422   5.76692    18.579     1.488    36.291   -130.05     55.04      1.00
   0.66525   0.85279   0.09885    17.667    19.959    35.788   -130.03     49.00      1.00
   5.46553   0.19656   1.91430    18.558     2.488    38.413   -130.01     47.58      1.00
   0.84309   1.23967   1.08251    22.482    12.791    -9.921   -129.99     46.61      1.00
   4.92540   1.23718   3.46387    20.742    -1.026   -14.790   -129.98     38.13      1.00
   3.06543   2.40921   5.15970    49.627    22.259    25.975   -129.98     72.92      1.00
   3.35140   1.47432   5.20701    -3.614    37.668    16.940   -129.97     54.86      1.00
   3.28486   1.37217   2.22242    17.018   -19.060    23.729   -129.97     44.16      1.00
   2.15737   0.27906   2.52241    23.289     1.321    -6.604   -129.97     38.43      1.00
   1.02762   0.91877   3.46516    48.578   -10.277    -0.600   -129.95     62.55      1.00
   2.63948   1.56172   4.27793    22.315    33.084    19.553   -129.94     50.98      1.00
   3.19876   1.86612   2.76452    43.143    25.605    -8.790   -129.94     57.11      1.00
   6.05462   2.38603   4.76374   -22.733    -5.136    12.142   -129.86     39.01      1.00
   4.71879   1.43130   1.73825    19.859     0.241    43.299   -129.81     57.29      1.00
   5.25217   2.46834   4.13168    -8.468     5.355    40.369   -129.80     49.75      1.00
   2.45691   2.07405   5.37047    47.952    25.849    22.506   -129.78     71.42      1.00
   2.38217   1.07516   3.79506    27.517    -8.731    23.859   -129.75     39.03      1.00
   5.69409   0.48040   1.98032     4.134   -23.067     3.153   -129.75     30.32      1.00
   1.51059   0.67337   2.97302     6.823    10.549    -5.407   -129.74     32.44      1.00
   2.49625   2.67424   2.76287     3.703    25.023    27.415   -129.73     45.82      1.00
   2.56557   1.84094   3.05394     2.777   -17.986    19.113   -129.73     34.46      1.00
   0.86188   1.44758   0.61232    24.421    32.584    -7.522   -129.72     55.39      1.00
   4.39094   2.27546   3.70016    15.132    -2.703    37.296   -129.69     47.73      1.00
   5.29787   1.58622   1.41036    22.564    15.843    41.565   -129.64     60.94      1.00
   0.33463   0.90407   0.15376    12.775    14.952    38.887   -129.64     46.97      1.00
   5.88189   1.18507   4.44911    23.406   -18.069    16.129   -129.64     46.67      1.00
   3.30145   1.33545   5.20208    47.287    38.358     2.545   -129.60     73.72      1.00
   4.67625   1.51368   2.79894    53.849    17.435    24.106   -129.55     69.62      1.00
   1.37614   2.48401   5.46206    24.940    27.292   -12.243   -129.54     55.13      1.00
   4.98873   0.96802   2.52337     1.452    -8.918    32.731   -129.54     42.62      1.00
   1.21182   3.01841   0.74462    -9.607    -9.935    16.285   -129.53     34.89      1.00
   4.82126   1.88048   0.67523    -5.300     1.726    38.843   -129.51     49.65      1.00
   3.38563   2.44430   2.86743     2.860    29.131    10.675   -129.50     40.38      1.00
   5.47430   1.34917   4.01535    38.605    28.586    10.350   -129.50     59.87      1.00
   4.72301   1.84632   1.42544    20.133    -6.444    20.449   -129.49     46.18      1.00
   2.47119   0.58011   1.38864     0.117   -12.489    17.113   -129.48     38.87      1.00
   0.50319   2.73808   2.80692    18.303    35.113    14.099   -129.41     58.96      1.00
   3.63393   1.33277   4.99539    21.352    37.613    21.522   -129.41     60.73      1.00
   0.95179   2.56214   3.27745    -2.451    -9.131    13.421   -129.40     37.84      1.00
   3.20085   0.15527  -0.08729    44.989    -4.668    21.427   -129.39     65.39      1.00
   3.07823   1.33011   5.04684    19.825    40.794    22.822   -129.31     62.06      1.00
   6.14233   1.97722   3.21873     7.580    27.359    31.127   -129.29     54.72      1.00
   3.46006   1.02435   4.96473   -18.726    24.386    16.677   -129.26     46.38      1.00
   5.55274   0.20683   5.21611     9.153    -7.229     4.456   -129.25     30.48      1.00
   4.45196   1.43765   5.59007    22.496    -2.847    30.854   -129.22     50.71      1.00
   4.26021   0.44658   6.02116     9.014    25.615    34.143   -129.19     54.75      1.00
   5.13535   0.25468   1.68099    28.083    -3.112    28.447   -129.17     42.18      1.00
   4.80558   1.20112   0.34771    -5.688    -6.105    19.094   -129.17     31.76      1.00
   0.24546   2.95458   2.82100    15.755    -3.490    -3.703   -129.16     44.43      1.00
   1.11411   1.57487   3.67960    40.535     6.864    33.213   -129.15     61.91      1.00
   1.59417   0.76801   2.85989    54.251     3.362    22.126   -129.11     69.19      1.00
   0.73703   1.25013   3.68598     9.633    17.899    43.494   -129.08     54.75      1.00
   0.20235   0.98302   0.04237    50.064    20.543    23.090   -129.07     61.44      1.00
   1.48255   3.04656   6.30236    11.755   -12.251     1.485   -129.07     39.38      1.00
   0.95103   0.26925   2.81777    -1.031    -8.496     7.823   -129.07     34.07      1.00
   3.64188   2.15088   3.27598     6.961    -7.830    32.057   -129.07     40.11      1.00
   1.06948   2.61277   5.39816     4.880     1.668   -11.063   -129.05     38.90      1.00
   5.48807   1.81179   2.60148     2.498   -10.930    15.264   -129.04     39.13      1.00
   3.43699   2.27523   5.63615    10.635    11.291    43.786   -129.02     57.90      1.00
   4.49677   0.88489   5.91145    33.399     8.627    38.794   -129.01     63.66      1.00
   0.47405   0.81135   0.35963    33.450     6.015   -14.183   -129.00     43.23      1.00
   4.46756   1.79301   3.08123     6.470    -3.424     4.187   -128.97     28.37      1.00
   3.99371   1.45939   2.46928    12.400    26.347    35.960   -128.97     50.92      1.00
   1.50260   1.95139  -0.07484     4.203    10.583    -7.887   -128.94     38.17      1.00
   2.18138   3.04751   2.37380    18.652    30.279    13.111   -128.91     48.86      1.00
   0.04933   1.32188   2.32136     5.736   -14.702     9.891   -128.91     38.83      1.00
   4.20827   1.03297   1.69424    27.089    29.973    15.921   -128.88     49.38      1.00
   5.57283   1.29610   1.71286    -4.574    30.675    12.988   -128.86     44.85      1.00
   3.21250   1.34184   4.97991    16.911    38.394     8.776   -128.84     56.00      1.00
  -0.03040   1.06399   0.60886     0.875    30.254     7.082   -128.82     39.89      1.00
   4.72472   1.63574   2.62980    10.396   -10.114    14.049   -128.80     36.24      1.00
   4.59773   1.90634   5.59271    25.489    -9.785    25.033   -128.79     47.60      1.00
   1.92800   1.24764   2.18541    37.904     5.250    29.351   -128.74     59.87      1.00
   0.91689   1.70501   5.27536    37.703    -5.571     3.974   -128.71     47.00      1.00
   1.80054   1.16329  -0.03447    39.110    -2.625    -1.876   -128.69     52.98      1.00
   4.56125   1.31498   3.31878    35.729     2.658   -23.777   -128.67     49.75      1.00
   0.33623   2.68741   3.74787     8.606    19.354    -4.349   -128.67     44.31      1.00
   1.03985   2.90077   4.13899    48.152     2.501    17.401   -128.66     67.97      1.00
   3.99778   2.55612   1.82849     4.679     1.468    -2.174   -128.66     36.92      1.00
   6.25833   0.59239   0.93887    13.913     9.297    39.144   -128.65     47.97      1.00
   0.62862   1.48259   3.75431    36.957    20.572   -15.154   -128.63     58.70      1.00
   2.69513   0.75800   2.00014    29.116     1.921    -7.665   -128.62     44.97      1.00
   0.36742   0.79906   3.42280    10.133     2.313    -4.553   -128.61     36.24      1.00
   4.29994   0.91407   2.90408    39.868    -7.881   -13.319   -128.60     46.70      1.00
   1.41509   0.88187   5.33451    26.658    -2.696     3.484   -128.59     31.80      1.00
   1.92421   1.09330   3.57474     3.473   -16.980    13.502   -128.58     30.50      1.00
   2.78646   2.07835   5.65257    45.856    21.504    26.736   -128.58     71.04      1.00
   5.40603   1.06250   3.15936    44.273    -3.257    34.149   -128.56     68.14      1.00
   0.25892   0.32142   3.99246    15.984    13.462    38.539   -128.51     53.25      1.00
   1.23317   0.56676   1.24305   -19.329     9.310    12.083   -128.50     38.91      1.00
   1.26526   1.55543   0.88986    26.870     1.193    -9.253   -128.50     47.54      1.00
   0.26973   1.52639   1.05835    -0.824    36.393    19.712   -128.49     53.45      1.00
   0.88319   2.02065   3.03594    25.045   -10.040    20.045   -128.48     50.72      1.00
   1.50401   2.23781   3.47318    -3.353    -9.594    15.454   -128.47     35.46      1.00
   6.08201   2.13859   0.18153    19.470    13.394    -9.387   -128.46     38.74      1.00
   3.22339   0.45048   3.24499     1.619     6.337     3.551   -128.45      9.48      1.00
   4.48042   2.30885   2.41311    21.805   -15.511    21.913   -128.45     50.50      1.00
   4.54488   1.07164   3.87107    33.034    28.225    13.350   -128.44     55.33      1.00
   2.42132   2.36394   4.27196    15.913    31.253    29.293   -128.43     56.05      1.00
   5.51974   2.38126   3.19146    13.022     8.637    -6.471   -128.42     40.35      1.00
   4.89132   1.06344   4.17080    48.539    25.786    -2.968   -128.41     65.21      1.00
   1.34155   1.32098   4.07698    53.796     3.219    26.831   -128.39     65.62      1.00
   2.02048   2.48177   1.05921     9.605   -11.529    29.886   -128.36     44.61      1.00
   1.15756  -0.04966   1.07887     6.285    27.161    44.768   -128.36     63.33      1.00
   3.29590   2.86654   4.13342     0.954     1.840    -6.938   -128.35     32.23      1.00
  -0.04737   0.70649   6.17107     0.935    -6.764    14.228   -128.34     18.43      1.00
   0.70303   1.82076   5.88413   -24.604    20.344     8.290   -128.33     42.15      1.00
   3.01349   1.09093   0.43639    13.198   -17.122    10.385   -128.32     44.52      1.00
   5.74625   1.78089   2.45255    24.892   -11.136     8.715   -128.31     48.39      1.00
   5.80949   2.19464   4.24109    48.939     5.869    21.782   -128.30     63.20      1.00
   5.16559   1.22729   2.78456    21.123    -8.711     9.002   -128.29     39.84      1.00
   0.49892   2.51372   0.08679     3.636    -4.096     0.425   -128.27     29.47      1.00
   4.31637   0.92243   3.37903    34.268    -8.946    11.758   -128.25     43.82      1.00
   4.72924   0.80673   3.63449    41.412    30.221     9.015   -128.25     62.30      1.00
   2.10668   2.66211   1.74929     9.785   -10.324     9.976   -128.25     34.74      1.00
   2.48868   1.55733   0.43643   -12.412    20.187     8.443   -128.24     43.33      1.00
   0.85983   2.62378   1.46091     2.509    -8.261    16.331   -128.24     33.79      1.00
   1.47108   1.55272   3.42155     0.941    29.125     6.234   -128.21     40.96      1.00
   1.72086   0.48932   0.73069    -0.194    20.994     7.965   -128.20     42.25      1.00
   4.84289   1.55608   3.79215    10.998    22.578    33.835   -128.14     51.75      1.00
   4.27760   1.63349   3.21285     5.699    -4.177     3.475   -128.14     25.40      1.00
   3.65108   1.63857   5.45947    24.120    27.528    -3.507   -128.10     54.30      1.00
   0.62106   2.32713   3.34365    57.505    14.515    11.587   -128.09     75.91      1.00
   1.17051   1.47276   5.42964    41.681    -3.018    -3.852   -128.08     49.67      1.00
   4.11006   0.78420   2.30990    43.852    10.753   -23.904   -128.08     53.32      1.00
   0.67925   2.55516   4.72898    21.412    15.755   -17.759   -128.07     50.07      1.00
   4.10046   1.16531   5.11202     4.351    27.546    41.315   -128.06     61.02      1.00
   3.95889   1.78735   5.50830    18.925    34.235    30.568   -128.04     62.91      1.00
   0.36616   2.49091   5.03195    44.349    -4.640    16.625   -128.04     57.71      1.00
   0.42648   0.74993   1.59238     0.563    11.294    -1.824   -128.00     34.65      1.00
   3.30835   0.85675   1.27450     5.518    -4.750     8.544   -127.97     32.68      1.00
   0.82238   0.87141   0.88504    10.242     6.684    41.099   -127.95     51.38      1.00
   3.99850   0.78853   2.11015    19.098    -1.566    -0.146   -127.94     25.70      1.00
   0.90578   1.06610  -0.03279    47.468   -10.836    -7.535   -127.92     54.21      1.00
   4.64322   1.93919   5.92987    32.624    40.629    15.661   -127.88     66.81      1.00
   4.34639   0.16288   3.94796    -6.924    14.150     9.320   -127.86     34.37      1.00
   5.65112   0.87367   4.97394    52.872    -6.601    22.525   -127.84     66.57      1.00
  -0.04366   0.08053   0.17891    50.675     6.893    23.685   -127.84     56.47      1.00
   0.51370   1.86915   5.46883   -26.757    10.768    10.859   -127.83     39.47      1.00
   0.27012   2.79771   0.47372    -6.258    -2.665     5.508   -127.80     29.63      1.00
   0.43240   2.71447   5.33784    22.036    27.768    45.583   -127.79     62.88      1.00
   3.69733   2.79066   1.48863    41.055    18.750   -15.175   -127.77     64.27      1.00
   2.85517   1.32580   5.98520    47.562    21.480    24.763   -127.75     72.14      1.00
   4.71992   2.10010   5.80116    40.193    39.550     6.806   -127.71     68.43      1.00
   4.23889   1.31818   5.39214    40.524    -6.294    22.227   -127.69     58.60      1.00
   1.23679   1.37234  -0.13969    37.337   -15.009     8.176   -127.67     48.49      1.00
   5.77467   1.86230   3.18306    36.665   -13.486    21.043   -127.62     60.59      1.00
   2.25076   1.71691  -0.02096    -8.221    -9.083    25.027   -127.58     40.98      1.00
   5.66230   1.09772   4.30315    49.464    15.647    21.837   -127.57     66.88      1.00
   0.46672   1.54043   0.79471    -6.947    34.402    15.231   -127.53     49.96      1.00
   2.38725   2.16679   4.28502     9.898    -2.233     0.944   -127.53     33.53      1.00
   2.83908   1.26880   0.90681    39.622    -2.500    -6.805   -127.52     60.05      1.00
   3.40879   1.87481   0.35472    -1.145    -7.700    37.436   -127.51     51.06      1.00
  -0.06810   0.97077   6.13272   -14.874    -5.351    24.700   -127.50     32.07      1.00
   2.43613   2.87562   4.62648    21.519    -1.250    -4.367   -127.47     45.97      1.00
   6.21962   1.80999   1.09184    18.415    36.421    25.614   -127.47     60.45      1.00
   1.40982   2.62212   2.71380    -4.909    27.503    29.385   -127.47     51.21      1.00
   5.22439   0.87241   5.93101    32.918    19.389    37.541   -127.45     60.72      1.00
   0.94161   1.36551   2.33647    30.155    29.025     2.335   -127.44     59.87      1.00
   0.17423   1.41064   4.24961     4.592     0.440    38.301   -127.42     47.63      1.00
   0.60620   1.79516   6.06721    15.219    30.552    22.198   -127.39     47.64      1.00
   4.33816   1.77007   3.80214    44.147     9.266    30.074   -127.39     60.07      1.00
   5.35028   2.50709   3.01640    16.350   -16.807    10.581   -127.38     46.58      1.00
   3.50464   2.30053   3.47768    36.493    23.921    -8.852   -127.33     52.02      1.00
   1.53173   2.08147   0.46873    13.675    -9.035     9.405   -127.32     38.04      1.00
   3.44831   1.34225   0.19260    29.838    31.417     2.203   -127.31     61.43      1.00
   1.26587   1.52308   4.02605    49.425     2.055    27.554   -127.29     63.87      1.00
   5.33557   2.48434   6.47089    -0.206    38.132    16.503   -127.24     54.74      1.00
   4.15984   0.16154   4.98694    21.169   -10.911     0.893   -127.24     42.88      1.00
   5.85533   0.64435   4.99965     4.584    -9.020     9.477   -127.14     28.74      1.00
   5.69879   1.72157   0.29599    58.568   -14.392     7.308   -127.13     66.00      1.00
   2.99196   1.91282   5.18291    40.909    36.348    -2.073   -127.12     69.40      1.00
   3.51724   2.06003   2.45785    11.391    -5.500    34.630   -127.12     45.20      1.00
   1.12691   0.25453   1.07123    47.447    32.280    25.830   -127.06     75.60      1.00
   0.83367   1.67493   0.66275    38.609     8.171   -15.820   -127.05     55.61      1.00
   3.88932   2.03984   2.27374    23.652    20.275   -13.295   -127.03     45.86      1.00
   4.05916   2.38013   2.87832    34.408    45.901    -3.870   -127.03     63.63      1.00
   5.34126   0.19670   0.01277    10.576     6.503    -5.277   -127.01     20.29      1.00
   1.86939   0.28712   3.64195    20.253     9.518    39.344   -126.99     46.52      1.00
   1.76022   3.04105   2.32700     7.986    19.053    33.163   -126.99     48.21      1.00
   4.45984   1.02538   0.92732    57.818     9.655    29.454   -126.96     74.20      1.00
   5.34582  -0.01670   0.66364    37.499    29.478    22.726   -126.93     52.75      1.00
   1.14858   2.15690   3.65473    33.563    -5.228    28.611   -126.91     57.33      1.00
   5.68264   1.19514   3.68240     5.599   -18.544    21.314   -126.90     44.43      1.00
   0.29046   1.64507   0.91231    55.926     2.534    26.513   -126.85     69.83      1.00
   3.71941   1.03156  -0.22901     1.649    -9.326    35.787   -126.85     49.48      1.00
  -0.15499   2.38619   0.14562    50.224    19.716    22.203   -126.80     65.43      1.00
   1.80172   0.87635   6.17019     2.489    -1.589     9.414   -126.76     29.89      1.00
  -0.11526   1.02761   0.95063    52.493   -10.989    17.704   -126.74     61.75      1.00
   1.79811   0.83824   0.40138    14.556    24.892    41.034   -126.73     60.99      1.00
   4.24147   0.65810   5.88389    44.548    30.514    16.455   -126.72     69.52      1.00
   1.14177   2.27363   0.48806    36.743    -2.007   -10.608   -126.72     51.97      1.00
   3.26140   0.71390   1.99721   -13.073    12.822    10.274   -126.69     26.30      1.00
   0.86704   3.14517   5.78877    17.814    46.813    26.900   -126.69     63.07      1.00
   0.96206   1.66715   5.35365    35.883    -5.484     3.017   -126.65     45.19      1.00
   5.11354   0.66005   2.90352    14.207    31.057    13.492   -126.63     48.34      1.00
   5.32920   1.57151   2.34330     3.780    30.611    28.040   -126.62     53.24      1.00
   0.97205   1.15226   1.53155    23.766    17.808    37.351   -126.62     60.62      1.00
   4.72632   1.65045   3.54065    24.223    32.610    17.796   -126.59     52.76      1.00
   2.40192   0.58781   3.34065     1.720    23.334     2.998   -126.55     24.99      1.00
   0.01938   1.70139   0.98961    11.964    40.194     4.436   -126.51     55.42      1.00
   5.65786   0.72613   0.59873    -4.915    30.883    20.483   -126.49     41.06      1.00
   2.00333   0.46193   3.64954    26.494     5.187    36.388   -126.41     46.14      1.00
   1.00892   0.29403   0.52671     1.816    20.115     2.648   -126.41     35.20      1.00
   3.13780   2.16572   6.04937    21.598     0.186    -8.514   -126.40     48.50      1.00
   5.90337   2.49019   3.37821    32.582     0.335   -16.038   -126.38     55.67      1.00
   1.08218   2.66433   3.53582     6.579    -9.816    10.885   -126.36     39.86      1.00
   2.57986   2.51975   5.30486    55.543    31.344     3.071   -126.29     79.29      1.00
   4.32948   1.45570   2.59889     0.279     2.425    -4.665   -126.28     23.36      1.00
   0.18990  -0.01470   0.32016    49.417    -5.583   -14.107   -126.27     52.07      1.00
   3.09672   2.92300   4.17492    25.821     5.872   -19.202   -126.26     49.13      1.00
   5.32012   0.31672   2.25248     7.556   -21.268    16.242   -126.22     33.02      1.00
   4.19188   0.73419   3.69763    -3.584    29.240    19.919   -126.12     44.42      1.00
   1.47712   1.32086   2.63602    31.329    -3.132    26.940   -126.09     54.39      1.00
   1.20478   0.47315   2.08882    53.903    21.386    -6.094   -126.08     74.65      1.00
   5.35620   2.06075   2.93466    21.548    13.273   -17.454   -126.06     47.63      1.00
   5.04522   1.70733   5.29740     5.611    19.267    -9.191   -126.04     34.79      1.00
   6.04041   0.67340   4.61801    18.741   -11.668    30.788   -126.04     48.56      1.00
   5.54790   2.45036   0.11091    16.312     7.448    33.343   -126.03     47.94      1.00
   3.14380   2.08282   4.79590   -15.676    35.823    20.909   -126.03     54.95      1.00
   5.70281   0.38180   2.93449    18.949    -4.750    42.286   -126.01     58.06      1.00
  -0.00690   2.09516   5.66099    32.216    -8.254    -2.574   -126.01     41.29      1.00
   1.81359   1.74554   3.28700    14.925    -7.500    28.670   -125.99     41.87      1.00
   0.92566   2.64242   5.54248    -8.264    29.120    15.916   -125.95     44.97      1.00
   0.48693   1.81900   3.74264    20.022     6.782    -9.440   -125.94     44.41      1.00
   2.37679   0.95749   1.50786    30.114   -10.856     3.980   -125.93     51.63      1.00
   5.68316   0.04105   1.49518    33.594     3.843    31.321   -125.92     49.09      1.00
   3.40042   2.35217   4.17354    13.533    -2.379    -6.279   -125.90     32.13      1.00
   2.43285   1.02568   1.78004    29.181     6.426    -8.437   -125.90     49.63      1.00
   2.14995   1.62095   2.84323    38.206   -10.488   -11.940   -125.89     54.28      1.00
   3.72410   1.18110   5.68505    19.192    17.347   -12.687   -125.86     48.01      1.00
   2.28226   0.54898   2.99534    25.994    16.661    36.141   -125.85     50.09      1.00
   5.55073   1.05155   5.81664    32.495    -8.505     0.533   -125.82     40.02      1.00
   4.79861   1.82582   4.43066    21.904     0.409    34.910   -125.81     50.00      1.00
   1.82254   2.13290   6.32395    32.097    21.484   -19.570   -125.81     60.64      1.00
   1.54504   0.97959   0.46797    12.382    -0.420    44.343   -125.72     53.93      1.00
   1.70479   1.21379   5.69129    28.742    -2.794     6.050   -125.71     40.28      1.00
   4.86373   0.83359   4.82388    14.403   -12.111    16.718   -125.68     40.80      1.00
   1.23525   1.65723   5.83428    37.108    -4.110    -1.466   -125.67     47.89      1.00
   1.21200   0.70540   2.86802    15.344    15.331    -9.722   -125.66     42.23      1.00
   5.66741   3.06066   5.83838    10.900    -4.562    -0.375   -125.61     31.06      1.00
   4.24065   1.71251   0.97092    19.628    -4.272    20.316   -125.54     46.07      1.00
   4.59106   2.27391   3.18493    23.619     0.907    -7.028   -125.51     39.97      1.00
   0.62258   1.41045   6.09584    53.156   -13.179    -3.236   -125.44     58.48      1.00
   4.82810   1.13116   3.44022    36.603    29.030    17.542   -125.43     59.58      1.00
   4.32391   1.73612   3.21068    25.144    -2.835    -4.139   -125.42     36.39      1.00
   6.08080   0.78698   5.49222    17.674    23.747    36.756   -125.40     50.21      1.00
   3.79471   1.14872   3.19050     9.589    39.101    17.770   -125.37     47.05      1.00
   3.47879   2.35103   3.53402     0.383   -14.184    18.684   -125.37     32.68      1.00
   0.39913  -0.13220   1.60046    29.932    14.699    -5.797   -125.37     48.03      1.00
   1.84255   2.28065   4.49440    28.136   -11.444    18.009   -125.36     49.56      1.00
   4.46659   0.62864   3.45841    14.992    29.600    12.596   -125.36     45.61      1.00
   5.80512   1.73011   1.34982    14.561    28.000    37.691   -125.34     60.91      1.00
  -0.01671   2.90738   6.05071    32.374   -10.776    10.839   -125.32     44.57      1.00
   2.85688   2.96028   5.14239     4.025    21.113    41.265   -125.27     57.94      1.00
   4.85690   1.30017   3.11077     5.907    28.355   -10.651   -125.22     40.44      1.00
   5.10926   2.58568   4.06495    22.951    16.687    -8.785   -125.22     41.93      1.00
   2.20812   1.07035   2.34646    14.612    29.821     0.138   -125.21     44.79      1.00
   5.69736   1.35527   3.47856    39.649   -10.249    27.886   -125.21     63.50      1.00
   1.21286   0.84239   0.35365    37.310    12.437    30.724   -125.20     58.49      1.00
   2.64340   1.65329   5.70969    27.116   -18.443     9.081   -125.17     49.25      1.00
   1.02001   1.37667   0.20002     0.180    29.326    31.971   -125.17     51.24      1.00
   4.92123   1.20533   5.17002    32.208    -9.487    18.072   -125.14     49.48      1.00
   5.80685   0.92541   1.69032    12.685    29.834     2.319   -125.13     44.68      1.00
   4.48865   0.54731   1.84644    27.753    29.280    24.581   -125.12     49.78      1.00
   0.93719   1.73257  -0.05094    -4.722    31.118    25.465   -125.10     48.43      1.00
   5.23521   1.03687   2.16331     8.542    -6.445    32.475   -125.10     43.95      1.00
   0.60223   2.30669   4.66510    28.509    39.976    13.341   -125.07     59.77      1.00
   1.23414   1.09977   4.87819    11.175    30.320    29.468   -125.06     45.15      1.00
   4.88781   1.46367   6.13022    18.707    31.721    34.940   -125.02     60.81      1.00
   3.61472   2.06151   5.90224    -8.016    13.323     2.311   -125.00     38.90      1.00
   1.78201   2.85051   4.16374    11.227    -5.970     3.254   -124.98     40.40      1.00
   2.14704   1.79336   0.01054    -8.604    -7.713    26.920   -124.97     41.63      1.00
   0.32320   2.09800   5.05367    45.768    -5.865    13.068   -124.95     56.23      1.00
   4.60228   1.33994   2.17646    38.976    -4.706   -12.558   -124.95     50.10      1.00
   3.48324   0.99843   3.15930    16.166    -4.705    -0.413   -124.93     21.61      1.00
   1.29229   2.37108   5.89936    29.146    33.006     7.934   -124.93     56.10      1.00
   5.10354   2.51247   2.99899    30.370   -13.247    19.547   -124.91     54.69      1.00
   4.62887   0.45564   4.95474     7.950    11.534   -20.306   -124.91     41.01      1.00
   3.92150   1.15301   1.82795    36.307    27.503    18.321   -124.85     55.50      1.00
   3.93362   2.54064   1.95861    34.084   -14.054     8.262   -124.84     55.06      1.00
   1.43013   2.17303   5.67588    25.204    34.460    -6.652   -124.83     56.75      1.00
   4.15206   0.91046   2.99644    11.799   -11.139    16.271   -124.81     29.09      1.00
   1.85594   1.88459   4.59176    22.130    -4.327    -0.553   -124.78     40.05      1.00
   5.37963   2.22646   0.20525    21.379    -6.467    -5.988   -124.73     37.45      1.00
   0.42683   1.11425   0.76384    11.788    20.112    37.880   -124.73     52.51      1.00
   4.80773   0.54582   0.94251    10.133    31.003     8.167   -124.72     36.43      1.00
   4.44932   1.86836   1.41728    19.213    -7.513    16.614   -124.71     44.68      1.00
   3.69140   0.80119   0.57001    -9.845    -4.572     1.926   -124.70     30.46      1.00
   2.88580   1.09647   0.00885    20.685    10.433    37.304   -124.70     58.16      1.00
   2.57168   2.14290   4.13236    30.753    24.948   -13.128   -124.67     55.45      1.00
   4.61842   2.06853   3.55104     9.808     2.240    -2.710   -124.64     29.60      1.00
   4.46349   1.99501   5.14055    11.791    18.401    -5.582   -124.62     38.26      1.00
   1.22703   2.77607   3.57379    -3.806   -16.946    29.088   -124.53     45.79      1.00
   3.53227   1.37606   5.22615    35.495    39.591    14.906   -124.52     68.50      1.00
   4.56905   1.10962  -0.18969     4.034    30.675    14.313   -124.51     45.96      1.00
   2.09747   0.88022   3.87988    28.481    -5.673    28.802   -124.51     41.88      1.00
   0.09680   1.05311   0.52916    39.754    -4.490    28.774   -124.50     53.20      1.00
   2.82867   1.10854   1.37197    34.736    -0.215    -7.164   -124.49     54.05      1.00
   4.89905   2.10653   0.04887     9.279    -2.553    28.617   -124.41     42.98      1.00
   5.02433   1.45601   2.07960    -0.386    33.409    26.053   -124.33     51.49      1.00
   5.16640   0.52739  -0.01129   -17.009    23.277    46.379   -124.33     57.33      1.00
   0.34443   2.64407   4.35772    -2.855    10.292    -7.262   -124.31     37.66      1.00
   2.42550   1.08647   3.41707     3.917    31.298    12.815   -124.28     36.20      1.00
   5.74590   0.38468   2.72793    10.187    -3.240    45.598   -124.25     56.94      1.00
  -0.13058   2.45015   5.47452    36.085   -10.482     4.352   -124.25     46.14      1.00
   5.58611   0.90950   2.19239    19.907    25.234    39.714   -124.24     61.54      1.00
   5.38602   1.41006   2.81961    29.127    -8.376     1.476   -124.21     46.67      1.00
  -0.05609   0.75703   2.40008    13.277   -11.406    23.825   -124.21     45.03      1.00
   5.53368   1.80229   4.07291    50.506    12.368    21.288   -124.20     65.59      1.00
   1.57753   1.30229   1.06202    30.521    31.214    24.544   -124.20     64.02      1.00
   4.46836   1.30363   5.88242    42.641    -7.174    18.872   -124.17     59.39      1.00
   1.04147   2.65564   0.77809    26.553    -3.601    -5.296   -124.17     42.28      1.00
   5.06935   1.52351   3.04790     6.633    -6.088     6.614   -124.16     32.42      1.00
   0.34362   0.53705   0.76639    17.056     3.089    36.531   -124.13     46.01      1.00
   0.05511   2.62989   0.36279    -7.575     1.352     3.840   -124.06     29.81      1.00
   3.90179   1.87459   6.01941   -19.911   -22.934    21.004   -124.05     44.91      1.00
   4.76737   1.07739   3.13754     7.425    21.875   -13.566   -123.99     36.65      1.00
   4.78098   2.83499   2.79266    29.147   -14.229    11.463   -123.99     52.16      1.00
  -0.04734   2.79343   5.88947    34.105   -11.106     9.174   -123.98     45.55      1.00
   0.97122   1.46824   2.98412    -7.193    14.601     0.363   -123.96     36.44      1.00
   1.25555   1.60300   0.23461    37.717    27.694    22.463   -123.94     61.36      1.00
   4.90800   1.41693   1.66716     0.622     4.472    48.441   -123.94     56.78      1.00
   1.77834   2.05939   0.49145     6.836    25.564    -5.419   -123.92     46.61      1.00
   0.75155   0.83705   3.33033    55.186    -7.816     4.305   -123.90     69.84      1.00
   4.07089   0.27545   5.33273    42.346    -4.572    21.465   -123.88     62.72      1.00
  -0.13450   2.87484   3.70045    15.423     9.291   -10.088   -123.86     44.80      1.00
   4.25892   2.86259   4.02357    11.077   -10.085    13.012   -123.81     32.77      1.00
   3.95664   0.84222   6.03994    19.908    18.590   -23.092   -123.80     51.20      1.00
   4.84472   2.92090   2.96238     8.237   -16.078    15.293   -123.72     43.21      1.00
   3.68690   2.28370   5.56361    -4.418     5.235     0.606   -123.71     34.73      1.00
   5.52744   1.78441   3.49149    43.877   -18.232    13.306   -123.69     63.06      1.00
   4.58230   1.04303   0.21108    53.586     5.458    28.389   -123.67     71.07      1.00
   3.50414   1.56335   5.49902    47.735    36.079    10.196   -123.66     74.95      1.00
   3.92042   1.77437   2.91791   -16.755    -6.326    33.619   -123.66     44.34      1.00
   5.88884   1.83417   4.25960    27.580    22.975    26.463   -123.64     53.91      1.00
   5.51885   1.59131   2.71028    43.307    -7.655    27.361   -123.62     65.95      1.00
   0.82192   1.66847   0.45149    29.855    -5.602    -7.479   -123.60     43.77      1.00
   4.84940   2.05116   1.27595     6.663    -2.895    31.754   -123.59     47.43      1.00
   4.08835   2.73974   2.47454    37.770   -15.715     4.707   -123.58     56.08      1.00
   2.51817   2.95156   1.54793    31.518    20.510   -10.929   -123.52     51.98      1.00
   3.29784   2.58763   5.05754    17.586     0.304    -3.846   -123.50     40.71      1.00
   5.35347   2.42168   6.06054    -5.970    -0.973     5.921   -123.42     28.22      1.00
   0.98099   1.88675   4.08894   -10.077    15.067     3.867   -123.41     34.93      1.00
   2.79395   1.49468  -0.09054    12.753    -8.496     1.808   -123.33     41.13      1.00
   1.36779   2.17944   0.79335    31.169   -11.603     5.496   -123.30     47.61      1.00
   3.68837   1.10890   5.29174    47.863    -1.250    23.550   -123.30     65.11      1.00
  -0.30259   1.99361   5.65024    26.407    -7.261    -3.733   -123.26     35.90      1.00
   2.28703   0.80014   1.77125    55.412    17.816    20.734   -123.24     74.45      1.00
   2.02279   2.53816   0.79516    32.229     7.903   -20.597   -123.24     56.26      1.00
   1.61028   1.53490   0.80142    32.909   -15.318     7.705   -123.20     52.18      1.00
   5.45483   0.70955   4.67417    46.715    35.651     3.372   -123.17     68.82      1.00
   0.80748   2.27180   4.79450    12.099    -4.339    -7.944   -123.16     39.07      1.00
   5.34449   0.34220   5.74786    14.997    41.592    13.794   -123.11     50.94      1.00
   2.85293   0.65628   1.57278   -15.111    32.428     3.395   -123.08     42.65      1.00
   2.27965   0.82896   3.45526    26.764    -3.788    30.339   -123.06     42.39      1.00
   3.82073   2.15641   5.26584     5.490    11.634    -3.558   -123.00     36.65      1.00
   4.77137   0.83826   5.38741    16.538     6.461    45.020   -122.96     59.31      1.00
   1.29813   2.48693   2.81863    44.246    30.722     8.240   -122.95     68.91      1.00
   4.01322   2.04049   4.74340    -5.749     7.774     0.229   -122.92     30.02      1.00
   0.17309   2.06470   1.00682    19.619    40.008    15.242   -122.90     60.19      1.00
   3.87713   1.44179   5.36191    16.607    -0.497    37.635   -122.88     52.82      1.00
   1.62629   0.45596   4.22955    30.578    17.798    38.446   -122.86     51.64      1.00
   3.82716   1.93818   5.87647    26.341    25.174    -6.009   -122.86     55.81      1.00
   4.18866   2.41766   1.45591    10.596    24.157    39.418   -122.84     59.39      1.00
   4.20888   2.06474   3.61701    23.855    22.488   -11.961   -122.84     43.02      1.00
   2.59380   2.12804   4.12298     6.735    26.144    -4.297   -122.83     43.12      1.00
   4.27721   1.49901   2.59816     0.710     4.003    -4.932   -122.82     23.82      1.00
   5.83047   2.27065   3.21478    -0.457     7.164    -1.936   -122.81     36.14      1.00
   2.33075   0.51631   2.38279    37.344    19.431    28.878   -122.80     58.68      1.00
   5.57287   0.51241   5.63096    31.593     6.513    38.092   -122.72     56.26      1.00
   5.03512   1.66024   2.48040     4.728    28.250    33.973   -122.72     54.55      1.00
   0.30989   1.14603   1.29639    15.755    36.616    24.546   -122.71     59.28      1.00
   5.55793   0.53059   2.92297     9.204    -6.660    43.211   -122.70     55.12      1.00
   1.10576   1.37718   4.05705    10.753   -15.990     7.605   -122.69     35.83      1.00
   5.18780   2.35941   2.91922    -4.964    24.469    -4.648   -122.67     40.60      1.00
   3.42463   1.66466   5.86569    17.387     5.403   -11.811   -122.66     45.27      1.00
   1.09500   1.06042   0.53048    48.380    16.037    25.131   -122.65     66.08      1.00
   5.17014   1.54201   3.27581    10.578    24.042    33.848   -122.65     53.76      1.00
  -0.03427   1.49158   0.53972    16.058    -0.277    38.666   -122.50     47.62      1.00
   2.58993   0.67877   1.02625    18.944   -12.654    14.962   -122.48     46.74      1.00
   2.98061   1.11254   6.03387    13.994    -6.592    -6.596   -122.43     40.98      1.00
   2.24136   1.49231   3.84876    -4.123     6.305    -3.627   -122.41     25.82      1.00
   3.80363   1.07542   3.71349    11.889    27.067    35.015   -122.34     50.88      1.00
   5.55895   2.17685   4.09094    61.704    26.479    16.897   -122.32     76.33      1.00
   3.86888   1.85127  -0.06419     1.982    22.717     3.413   -122.31     44.00      1.00
   1.99382   0.72806   2.43161   -13.129     4.748     4.674   -122.26     29.60      1.00
   0.05381   0.26288   1.88907    38.195    -4.510    22.086   -122.24     55.49      1.00
   2.77135   1.76331   4.92642    27.403    34.052    -6.221   -122.23     58.51      1.00
   3.86777   0.62845   0.58756    -7.538    -0.992    -1.159   -122.22     27.51      1.00
   4.12618   1.30045   5.76950    16.451    -7.151    32.381   -122.22     50.39      1.00
   4.34434   1.51584   5.65259    19.370    26.179    37.894   -122.21     62.14      1.00
   5.13741   2.32922   0.33592     7.129    -0.169    32.510   -122.19     45.52      1.00
   5.41573   1.63355   2.22805    11.068    30.858    24.910   -122.13     54.19      1.00
   5.59924   0.30714   1.25019    51.998     4.057    22.410   -122.09     59.00      1.00
   0.41663   1.01993   0.78129    39.650    19.376    28.700   -122.06     60.78      1.00
   4.43933   2.05952   5.27377    15.602    20.322    -6.240   -122.04     41.78      1.00
   5.27688   1.89331   3.82105    39.121    15.997    26.459   -121.99     59.71      1.00
   1.72432   0.08577   5.96144     1.667    22.948     5.073   -121.98     35.48      1.00
   4.70393   0.46203   3.12696    40.473    20.815   -17.454   -121.95     56.44      1.00
   3.83088   1.57471   5.67369     0.132    27.020     9.756   -121.91     46.39      1.00
   5.13901   0.45785   5.00140     2.599   -11.170    28.509   -121.88     43.84      1.00
   4.07566   2.43314   0.40819    17.555     1.200    32.483   -121.82     53.53      1.00
   5.86775   0.84989   2.10535    37.079    28.471    29.495   -121.81     67.11      1.00
   0.23654   2.34703   5.40905    -2.398    26.590     7.030   -121.78     38.88      1.00
   2.69178   1.06439   1.93510    17.526     5.262    -3.072   -121.77     37.59      1.00
   0.59829   1.30399   0.23125    49.682    29.851    17.091   -121.77     66.55      1.00
   0.43205   1.58013   0.37621   -22.077    26.363    16.986   -121.76     46.99      1.00
   5.39603   0.68897   1.58125    37.047    32.683    -0.455   -121.62     55.37      1.00
   4.43486   0.56159   0.21851    -5.057    24.415    48.720   -121.61     60.39      1.00
   0.73044   2.61885   5.54243    15.646    -2.291    32.737   -121.61     46.27      1.00
   2.42104   2.09349   1.45017    -4.503    -1.667    -1.255   -121.60     35.01      1.00
   1.42799   0.93403   5.84078    32.120     6.166    -9.945   -121.59     43.29      1.00
   4.50345   3.03122   5.44041     4.006    31.177    -1.534   -121.59     47.84      1.00
   3.40958   2.22530   0.39325   -11.298     9.920    -0.243   -121.52     39.08      1.00
   5.27869   1.82560   3.72747    39.987    17.664    25.445   -121.51     60.78      1.00
   2.35215   2.57894   5.14483    -0.857   -11.564    16.101   -121.49     39.30      1.00
   2.18967   2.70326   1.75021    29.635    -9.318     3.207   -121.27     44.74      1.00
   4.84839   1.12107   5.73407    19.062    33.276    13.503   -121.25     51.50      1.00
   5.06809   1.57205   0.29199    28.111    41.442     8.825   -121.19     61.09      1.00
   1.18379   2.03425   4.32509    38.348    22.169   -12.456   -121.18     60.27      1.00
   3.32645   0.61284  -0.02184    60.396    11.048    -5.892   -121.11     77.26      1.00
   4.85564   1.35087   2.99663    -7.186    -9.085    16.276   -121.10     33.31      1.00
   0.02517   0.57965   0.43412    25.338    27.349    -5.879   -121.00     42.00      1.00
   2.68703   1.54338   3.31007    -0.858   -16.093    26.692   -120.95     34.99      1.00
   3.68103   0.82002   3.28628   -11.714    22.001    14.163   -120.94     32.25      1.00
   5.46873   0.88807   1.43022    40.248   -12.900     8.425   -120.94     49.02      1.00
   0.26335   1.34398   0.58773    15.265   -19.442    37.959   -120.94     48.51      1.00
   1.61404   2.31532   6.03799   -12.646    13.918    -3.130   -120.89     39.56      1.00
   3.78969   2.24350   2.36564    23.615   -16.504    28.934   -120.89     52.09      1.00
   2.25895   0.39715   4.70739    36.852    14.139   -10.976   -120.87     43.94      1.00
  -0.21594   2.28169   0.15053    28.104     8.477   -11.987   -120.86     43.45      1.00
   4.73369   2.04766   2.62832    22.846    22.396    34.981   -120.85     57.83      1.00
   5.79818   1.73247   3.56133    25.642   -19.485    18.159   -120.82     53.21      1.00
   5.37321   0.56074   2.28631    28.315   -16.506   -15.693   -120.82     42.86      1.00
   1.74518   1.59560   3.13005    42.014    36.510    30.795   -120.78     69.87      1.00
   5.19449   0.70366   4.90432    49.713     4.379    31.343   -120.77     70.21      1.00
   0.07168   0.49859   0.26412    19.778     6.137    38.005   -120.76     44.98      1.00
   0.28008   0.89763   0.43584    30.736     5.734   -14.362   -120.68     40.67      1.00
   0.42736   0.70676   5.82364    56.677     4.707    25.969   -120.64     62.71      1.00
   2.23275   2.14626   4.80652    -9.328   -15.006    26.378   -120.59     40.78      1.00
   3.70331   1.28778   2.46645    38.749    11.859    30.279   -120.58     54.94      1.00
   3.75274   0.88319   0.70958     2.169    16.775   -14.888   -120.49     37.44      1.00
   2.67130   1.52265   5.21520    40.916    30.652   -13.818   -120.49     66.79      1.00
   0.79881   2.36001   3.22814    48.735    30.958    -6.844   -120.48     74.56      1.00
   2.10927   2.67216   5.92334    -2.606    33.147    22.390   -120.38     52.07      1.00
   2.83612   1.53724   5.26501    22.377   -22.883     8.516   -120.32     44.41      1.00
   5.19137   1.83125   3.38157    37.770    -1.218   -10.760   -120.32     52.41      1.00
   0.78008   1.60084   3.10793    32.876    18.469   -14.779   -120.32     58.69      1.00
   6.02383   1.99607   5.07203    32.398     0.378    25.142   -120.31     48.10      1.00
  -0.13883   1.30977   0.19216    48.450     6.312    26.176   -120.31     59.19      1.00
   3.04706   0.26884   0.64073    44.416   -10.407    15.371   -120.28     63.87      1.00
   4.11407   2.67923   5.12819     7.233    33.169    -2.167   -120.23     49.59      1.00
   0.57949  -0.12651   3.98478    15.537    25.067    32.601   -120.20     51.57      1.00
   2.21638   0.37921   3.26691    46.474    18.831    28.116   -120.14     59.32      1.00
   2.83845   0.28612   0.46464     2.747    32.158    15.946   -120.14     51.15      1.00
   0.89537   1.03574   6.04177    51.082     4.094    34.577   -120.09     63.68      1.00
   3.26656   1.01390   5.98866   -16.929    15.549     5.473   -120.04     40.50      1.00
   4.39601   0.93761   0.01345    41.293    32.691     4.434   -120.02     64.29      1.00
   0.13640   1.47644   0.49493    14.385     1.264    41.798   -120.00     49.35      1.00
   2.84702   2.31400   4.75916    27.111     5.188   -10.864   -119.91     48.34      1.00
   4.76711   0.99700   2.81584    44.732    -9.914    13.243   -119.89     55.37      1.00
   3.27964   1.08960   0.24921     1.966    31.817    16.158   -119.82     51.56      1.00
   2.92305   1.44384   0.57816   -20.029    28.985    15.376   -119.76     50.03      1.00
   6.05308   1.73757   3.31193     0.400    32.834    29.544   -119.70     54.94      1.00
   5.51187   1.31031   3.11722    20.836    -7.224     3.205   -119.67     41.49      1.00
   1.98909   2.11872  -0.03968    35.043    36.514    -1.049   -119.65     65.39      1.00
   0.28129   0.93156   0.54203    12.791   -23.250    30.961   -119.57     42.84      1.00
   1.64809   0.52871   3.91649    37.311    -5.354    29.371   -119.54     50.12      1.00
   0.70358   1.75761   0.31127    15.233    31.441    22.429   -119.54     50.84      1.00
   1.01149   1.40517   0.57063    31.292   -14.079     0.713   -119.54     45.83      1.00
   2.52557   1.86383   5.48554    22.466     9.454    39.974   -119.52     56.91      1.00
   5.69182   1.84267   1.54566    32.021    23.884    33.128   -119.38     65.43      1.00
   3.93920   1.55617   0.17935   -12.019    16.519    -5.617   -119.37     38.48      1.00
   0.45218   0.56364   3.94170    -5.819   -10.650    12.734   -119.34     32.12      1.00
   5.00996   0.48655   1.15189    52.100    12.981    36.688   -119.27     67.74      1.00
   0.52174   1.66676   3.83200    26.316     7.798   -11.426   -119.25     47.81      1.00
   0.63963   0.56090   2.87244    22.333     2.785   -13.631   -119.13     47.01      1.00
   0.79597   1.65846   5.87900    -9.457    30.863    27.674   -119.05     48.25      1.00
   4.73342   0.60315   1.55268    27.038    30.950    22.592   -119.01     50.15      1.00
   0.37802   1.38983  -0.33064    28.578    27.357    28.801   -119.01     52.30      1.00
   5.46795   1.21774   1.02636    12.977    33.437    15.782   -118.98     48.17      1.00
   4.31953   1.30838   1.93052    48.911    21.912    24.709   -118.97     66.35      1.00
   3.29349   1.95052   5.27341    32.977    18.031   -12.221   -118.94     56.80      1.00
   1.72413   2.33098   0.04172    10.841    17.068   -12.843   -118.93     45.50      1.00
   4.17501   1.99640   3.50204    10.034     3.722    -4.660   -118.91     27.60      1.00
   6.14137   1.83969   5.78674   -16.923    -2.423    35.348   -118.82     44.62      1.00
   0.21449   1.85805   0.32388     1.863    14.710    -2.718   -118.80     31.92      1.00
   4.18616   1.63491   5.65525    33.447     0.659    29.734   -118.78     57.50      1.00
   3.83193   1.32019   5.57635     5.877    30.056    11.621   -118.76     49.54      1.00
   3.86689   0.76661   0.03899     5.353    -6.498    38.299   -118.76     51.48      1.00
   1.47066   0.68105  -0.05259    40.385    11.423   -13.732   -118.62     54.44      1.00
   0.17425   2.02363   4.25119    38.320    15.291    23.824   -118.61     58.18      1.00
  -0.23899   2.79770   4.26815     9.373    21.345    -1.029   -118.57     40.57      1.00
   3.63118   2.40274   4.32260    39.862   -13.449     0.865   -118.47     49.60      1.00
   4.53622   0.69630   3.36344    -5.751    29.473    22.924   -118.45     46.55      1.00
   5.74948   0.98413   4.09455    33.038    17.152    28.368   -118.42     59.09      1.00
   3.78040   1.75354   2.44400     2.904     0.884    41.654   -118.37     48.19      1.00
   0.40762   0.27897  -0.27407   -25.286     2.613    17.350   -118.30     31.42      1.00
   2.99683   2.53021   4.53681    32.652    -5.769    -5.670   -118.17     48.83      1.00
   4.98314   2.28436   2.73083    42.364    -8.450    22.238   -118.11     63.08      1.00
   5.56325   2.02003   2.31929    53.025   -11.482     2.479   -118.03     70.35      1.00
   0.96975   0.26739   3.79330    31.601     0.570   -11.830   -118.02     44.48      1.00
   1.63168   1.52985   4.74667     5.650    -6.068     9.723   -117.85     28.01      1.00
   0.88409   1.94846   3.06865     6.232    25.343    -0.422   -117.85     45.50      1.00
   3.17755   1.40779   0.73802    24.652    -6.672     6.947   -117.85     48.56      1.00
   4.13498   1.25158   2.13437    20.281    16.046    37.404   -117.84     51.56      1.00
   0.58447   0.52902  -0.01410    29.258    27.226    -7.672   -117.71     44.97      1.00
   4.29003   1.22620   3.37776    23.261    33.448    10.546   -117.70     48.68      1.00
   3.74724   0.14400   5.82364    31.436    31.837     0.187   -117.69     60.88      1.00
   3.50217   0.86625   0.11266     5.936   -10.143    32.766   -117.68     48.81      1.00
   4.03319   1.70941   5.05402    53.717     9.442    24.537   -117.68     69.16      1.00
   3.39816   0.33802   0.08810    61.310    -5.850     9.120   -117.66     76.95      1.00
   5.12867   0.48342   5.25114    -2.595   -11.207    28.765   -117.65     42.43      1.00
   2.67625   1.29509   3.54323     8.782    32.492    16.208   -117.64     40.06      1.00
   4.28260   1.68561   5.40028    23.820    39.885    12.449   -117.61     61.13      1.00
   3.64982   2.06001  -0.25038    -5.550    18.957     4.722   -117.58     41.95      1.00
   3.89137   2.40101   3.70892    12.976    27.526     3.037   -117.49     40.44      1.00
   1.06746   0.34292   6.08842    24.365    10.403    35.670   -117.48     47.54      1.00
   4.25744   0.83622   2.61671   -10.056    23.609    41.456   -117.44     52.03      1.00
   0.69798   1.76310   3.54011     7.131    33.997     8.003   -117.42     48.59      1.00
   5.65145   0.87031   4.02795    33.038    -5.033    35.087   -117.38     61.47      1.00
   5.20419   0.71466   4.55802    41.959    13.662    35.270   -117.34     68.50      1.00
   0.74309   2.00726   3.93925    37.779    16.203   -15.201   -117.24     59.83      1.00
   5.10584   2.95983   1.17202    12.369    33.136    24.480   -117.22     58.84      1.00
   0.88914   2.04028   4.27994    -0.461    20.332     1.853   -117.15     37.73      1.00
   1.70768   1.61891   3.09034    40.704    36.038    31.121   -116.97     69.30      1.00
   5.16823   0.81937   2.15784    22.208    34.529     4.519   -116.96     49.66      1.00
   0.62045   1.00157   0.07295    28.935    20.632    30.793   -116.93     51.47      1.00
   1.57263   2.53664   2.98841     7.099    22.417    41.644   -116.93     56.14      1.00
   3.40445   1.93160   2.92347     6.256    -7.378    34.983   -116.91     41.72      1.00
   2.26184   2.17792   0.91890    -1.524     0.962    -2.505   -116.81     36.79      1.00
  -0.10302   0.09872   3.19122     6.925    -8.866    30.488   -116.81     47.29      1.00
   0.60476   1.88544   3.41404    26.246     5.377    32.358   -116.69     55.96      1.00
   4.95753   0.81019   0.12675    39.977    16.490    37.263   -116.64     64.31      1.00
   3.47549   2.63911   3.55599    39.916    -5.115    21.672   -116.59     51.45      1.00
   4.07858   1.36022   3.23404     8.406    20.113    42.385   -116.55     52.40      1.00
   4.01585   1.76336   1.45738    23.084    30.693    17.978   -116.53     54.44      1.00
   2.91420   1.69875   2.33805    40.670    46.343    20.683   -116.51     69.33      1.00
  -0.10841   3.05505   4.36033    56.287    17.590    28.409   -116.48     74.74      1.00
   5.39927   0.44481   6.01039   -19.811    20.092    46.398   -116.42     56.56      1.00
   5.77016   0.72621   5.16930   -11.227     4.008    50.549   -116.41     56.95      1.00
   2.11435   0.97581   0.44932    -0.965    12.571     3.378   -116.33     38.64      1.00
   3.61442   1.65268   2.68152    31.779     1.936    31.226   -116.33     49.96      1.00
   1.09004   1.30952   3.85647    29.134    -2.903   -18.940   -116.31     49.38      1.00
   3.22048   2.09040   3.92795    29.940    25.350    28.277   -116.24     54.14      1.00
   5.44955   0.76867   3.12783    -0.115    23.184    12.253   -116.20     41.54      1.00
   1.54768   1.48580   5.89688    36.858    -4.444     6.660   -116.14     48.41      1.00
   1.90831   0.88317  -0.01333    17.933    31.113    38.010   -116.12     62.33      1.00
   3.91781   1.72778   4.86487    44.173    13.962    28.919   -116.12     63.67      1.00
   2.54632   1.27285   0.74890    21.176     0.764    -4.788   -116.11     47.06      1.00
   2.79800   0.68863   0.84162    59.547    -7.788     5.578   -115.97     76.11      1.00
   3.75687   2.23524   6.17833    20.534    20.058    -7.186   -115.95     51.76      1.00
   6.19387   1.88246   3.17849   -10.531    26.493    36.747   -115.92     55.86      1.00
   0.79070   2.50881   0.39812     5.663    30.748    11.392   -115.92     45.45      1.00
   2.94878   1.76987   5.39978     0.805    -7.159     3.950   -115.80     33.51      1.00
   5.38184   0.94473   1.62387    36.543   -14.253     5.730   -115.76     46.70      1.00
   0.49215   1.62283   6.04858    56.165    -6.170    25.860   -115.73     64.58      1.00
   3.01128   2.35494   3.06511    11.783    -7.090    28.970   -115.72     38.80      1.00
   4.02198   1.87074   2.85150    28.714    17.713   -15.676   -115.60     45.21      1.00
   3.10575   2.84496   2.30188    34.970   -11.275     8.363   -115.53     49.08      1.00
   1.38223   0.83423   5.98901    38.250    -7.074    -4.226   -115.52     45.90      1.00
   1.22656   0.60069   2.62837    -1.201    -5.704     5.128   -115.52     33.36      1.00
   3.79126   1.30265   2.87525    40.322     4.370   -15.269   -115.47     47.54      1.00
   1.01951   0.77130   2.47692    51.801    20.877    -6.536   -115.42     72.50      1.00
   3.84069   2.88192   2.92773    40.584   -10.913    11.626   -115.41     53.47      1.00
  -0.27805   2.88017   4.76355    20.371    13.392   -18.931   -115.25     45.74      1.00
  -0.04576   0.03443   3.27166     8.556   -10.869    11.669   -115.12     39.11      1.00
  -0.24166   0.35885   4.13693     6.209   -13.092    20.543   -115.02     40.88      1.00
   5.24793   0.82861   1.80035    36.377    -1.472    25.929   -114.90     51.78      1.00
   5.21587   0.13932   5.37831    36.932    19.904    28.693   -114.89     61.16      1.00
   4.58923   0.70149   0.60006     2.653    27.961    44.699   -114.88     57.74      1.00
   1.53930   1.35075   3.27427    27.131    -7.535    23.410   -114.88     47.34      1.00
   4.11884   0.76616   2.82023     9.291    32.889    28.272   -114.87     47.70      1.00
   4.39244   1.58948   5.67157    35.926    27.953    30.131   -114.86     66.85      1.00
  -0.36266   2.43119  -0.36465    11.816     0.584    -2.981   -114.79     29.36      1.00
   2.04188   1.11370   0.90247     6.732   -11.105    31.021   -114.78     46.98      1.00
   4.48891   1.56054  -0.09569    32.286    26.883    -5.493   -114.77     56.38      1.00
   5.19583   2.11425   0.30820    19.459    38.618    21.618   -114.70     61.00      1.00
   5.92803   2.42365   4.59695    44.466    35.823    28.466   -114.65     69.29      1.00
   0.79025   2.73428   2.53535     4.252    -6.394     6.399   -114.64     36.18      1.00
   0.50421   2.66697   5.57825    -7.896    23.839     7.050   -114.59     39.39      1.00
  -0.01093  -0.02003   5.44133    30.082    15.360    35.585   -114.48     51.52      1.00
   2.24442   0.19031  -0.25967    35.682    14.325    38.235   -114.46     64.42      1.00
   2.01110   0.51370   2.26939    35.566    40.168    20.966   -114.46     66.69      1.00
   3.65942   1.43910   5.93861    31.967    31.671    -0.145   -114.43     62.45      1.00
   4.16895   1.07399   2.62574    30.981    30.489    24.242   -114.41     53.74      1.00
   0.75774   1.34368   0.88039     2.329    34.398     7.899   -114.38     49.80      1.00
   1.39356   2.78039   3.22752    10.628    -4.752     2.387   -114.31     38.27      1.00
   0.15278   2.01679   3.73614    12.908    14.230    34.817   -114.25     51.98      1.00
   0.98650   1.74082   6.15006    34.760    -7.916    -0.555   -114.25     45.59      1.00
   2.39183   2.60798   3.84096    26.140    -7.653     2.455   -114.23     43.52      1.00
   3.26780   0.99267   0.30305    12.207    32.626    16.968   -114.22     54.93      1.00
   4.32844   1.20019  -0.20973    16.114    13.418   -25.015   -114.19     46.11      1.00
   5.85756   0.83727   0.41194    12.309    31.246     8.793   -114.16     39.27      1.00
   5.18331   1.39844   1.67379    49.299    13.711    33.217   -114.14     71.29      1.00
   5.19938   1.26626   5.54471    15.530    34.200    13.321   -114.11     48.75      1.00
   2.94789   1.68849   5.55024    38.739    16.238    31.343   -114.11     65.09      1.00
   4.71360   0.54859   1.58465    38.993    -1.662   -17.604   -114.04     44.83      1.00
   5.63954   0.58965   0.76386    -2.798    32.187    21.511   -114.02     42.12      1.00
   5.23766   1.26707   0.06133    10.541    17.273    -9.413   -114.01     31.90      1.00
   3.24048   1.79110   5.79392    16.311     1.111    -8.734   -113.91     43.56      1.00
   0.26732   1.74580   5.78853   -19.355     5.756    35.543   -113.71     45.57      1.00
   4.18457   0.74863   2.10060     6.818     8.367    -8.735   -113.58     18.88      1.00
   1.30059   2.34162   0.09774    17.206   -11.940    15.647   -113.57     40.52      1.00
   0.44842   0.58353   3.12920    23.178     6.084   -14.369   -113.48     47.42      1.00
  -0.72950   0.48698   3.92204    15.844   -11.469    22.121   -113.41     46.10      1.00
   5.20005   2.19171   3.78017    -3.622     8.565    42.310   -113.41     52.23      1.00
   5.08801   1.13462   1.36305     9.260    31.501    25.816   -113.21     49.57      1.00
   2.04645   1.81642   0.90606    11.188    34.868    21.643   -113.16     55.39      1.00
   3.90828   0.94904   3.54593     8.619    26.596    36.733   -113.14     51.08      1.00
   2.10730   0.29537   1.03747     7.475    -7.658    32.581   -113.10     48.71      1.00
   2.92495   2.35151   4.99840    29.516    39.996    -0.994   -113.02     65.47      1.00
   0.62089   2.15052   5.71733    55.228    10.144    35.413   -112.86     70.30      1.00
   1.04524   2.79842   2.38447     1.955    27.183    29.901   -112.80     52.50      1.00
   4.85696   0.29949   4.89984     4.920    18.819   -17.362   -112.79     41.90      1.00
   5.02216   1.55329   3.64259    49.193    23.428    20.824   -112.73     67.37      1.00
   4.48949   2.31044   5.24510    18.109    18.307   -12.796   -112.71     43.24      1.00
   3.00353   2.07220   5.27348    27.218   -24.104    11.924   -112.66     50.71      1.00
   0.34636   1.49725   3.29137    25.568    34.280    24.192   -112.59     61.65      1.00
   5.40562   2.87701   0.13263    23.396    16.148   -17.562   -112.58     49.93      1.00
   1.46753   1.56478  -0.02946    18.371    -3.906     0.776   -112.43     37.22      1.00
   4.82159   0.75100   2.66229     8.950    -8.627    32.970   -112.40     42.50      1.00
  -0.04577   0.42892   0.99456    11.389     7.360    41.681   -112.38     48.51      1.00
   1.80472   2.05613   3.61226    20.467    34.796    12.887   -112.21     53.59      1.00
  -0.25079   1.79501   0.79653    42.420   -24.895     1.723   -112.06     55.94      1.00
   1.90132   0.89086   2.28263    53.716     7.007    24.704   -111.96     71.31      1.00
  -0.18733   0.68904   3.91133    34.265   -11.184     4.665   -111.53     52.36      1.00
   3.52544   1.68234   2.93516   -19.995    -8.353    30.486   -111.49     42.20      1.00
   1.91741   1.01337   3.53751    -1.974     0.534    43.210   -111.43     44.18      1.00
   3.24212   0.72232   2.08717   -12.901    14.211    10.426   -111.39     26.33      1.00
   5.77246   2.05449   4.20037    24.491     5.815    31.900   -111.32     51.38      1.00
   1.04127   0.76940   5.93720    -9.195    17.622    43.260   -111.29     50.05      1.00
   2.74427   1.76173   3.44051     2.535   -14.861    17.434   -111.10     30.10      1.00
   0.49564   0.99279   3.11606    59.910    21.599     2.331   -111.07     78.04      1.00
   2.60700   1.41992   4.02974    -1.907    31.986    20.396   -110.89     42.72      1.00
   2.71418   2.55345   5.38581    16.343     4.898    -6.426   -110.81     45.06      1.00
   4.43747   2.62844   4.96151    48.157    13.217    23.530   -110.74     62.35      1.00
   4.45311   1.70310   3.02676     7.913    -4.741     5.333   -110.44     28.74      1.00
   1.71647   0.53923   0.15167    38.524    23.932    34.681   -110.38     67.25      1.00
  -0.17115   0.30511   4.06607    25.533    36.159    17.066   -110.38     58.79      1.00
   3.32547   0.72868   5.71161    50.876     8.749    26.807   -110.29     71.70      1.00
   4.18521   2.15243   0.04109    -4.131   -22.041    17.065   -110.27     41.07      1.00
   3.94055   2.00474   0.13195    25.898   -10.390    22.133   -110.15     52.76      1.00
   4.72304   1.01082   2.09104    34.699    -8.895    -6.882   -110.07     43.28      1.00
  -0.14488  -0.09149   2.16759    28.947    14.566    -5.265   -109.97     47.71      1.00
   0.86441   2.00170   6.45315    40.549     1.613   -14.607   -109.94     54.18      1.00
   4.66142   2.30822   3.08434    35.850    16.376    32.924   -109.81     60.33      1.00
   4.98272   1.53733   0.19028    -3.449    38.655    21.664   -109.50     53.79      1.00
   4.05769   2.47136   0.44460    27.066     1.723    29.575   -109.44     57.37      1.00
   0.44502   1.24103   3.14282    31.366    -3.392    -7.114   -109.44     52.50      1.00
   4.90912   2.51620   0.19579    26.437    -9.949   -10.153   -109.38     46.13      1.00
   4.00207   2.06659   3.41565   -27.182    13.637    37.545   -109.37     53.49      1.00
   0.51031   0.70697   2.29313    19.854   -11.572    24.864   -109.35     50.24      1.00
   4.54798   0.83709   2.40867     9.514    27.297    37.265   -109.33     52.13      1.00
   1.32974   1.10851  -0.05488    18.305    35.187    -2.141   -109.23     51.95      1.00
   5.54747   2.37021   3.98392    18.731     3.917    35.809   -109.17     51.25      1.00
   2.54947   0.07545   1.89452     4.576    -3.288     0.647   -108.98     28.74      1.00
   0.66534   1.93550   0.46986    19.041    32.046    19.555   -108.82     52.42      1.00
   2.96831   1.83031   1.42921    34.917    12.487    31.016   -108.65     60.20      1.00
   2.07095   2.59844   5.29040    17.005    33.673    -0.214   -108.38     55.70      1.00
   1.81760   1.76244   6.06457     6.610    -8.074    22.189   -108.05     38.62      1.00
   0.61474   1.49523   4.63957    16.670    27.394     3.191   -107.94     40.35      1.00
   4.35453   0.50716   5.65285    50.165    -0.676    33.016   -107.86     72.88      1.00
   3.50873   0.58306   5.63312     7.449     5.820   -14.929   -107.79     39.18      1.00
   1.41266   2.20217   0.17886    15.505   -10.589    13.032   -107.48     39.11      1.00
   4.39916   0.37311   0.49658    41.037    -8.784    24.948   -107.09     57.75      1.00
   1.36655   1.63438   6.04179    51.295    -5.720     1.670   -106.84     60.72      1.00
   0.13459   2.92559   4.40331    13.844    -8.743    -6.009   -106.61     42.32      1.00
   4.22669   1.08726   2.72191    -7.660    19.620    45.661   -106.39     54.23      1.00
   3.81790   1.43886   3.43627    23.895    22.047    36.711   -106.26     52.68      1.00
   0.86772   1.51650   3.56347    48.649    -8.933    -7.734   -106.19     65.19      1.00
   2.89670   2.21918   5.35132    26.524    34.098    20.432   -105.79     62.63      1.00
   2.26333   1.24095   3.64125    18.908   -10.263    25.122   -105.69     36.52      1.00
   3.65665   0.76133   5.98159    16.637     0.579    37.420   -105.33     55.08      1.00
   2.01482   0.71961   2.72057    38.393    13.344    29.499   -105.22     57.85      1.00
   3.27389   2.10480   5.77212    28.966    29.798    28.453   -105.18     65.43      1.00
   5.02251   2.82096   0.25327    25.128    18.490    29.746   -105.07     56.90      1.00
   3.41853   1.77430  -0.15302    -2.340    24.787     5.300   -105.07     45.83      1.00
   1.74310   2.12993   3.26189    37.782     0.392    45.873   -104.29     65.68      1.00
   5.79925   1.22463   0.59737    32.890    31.574    -1.229   -104.24     52.77      1.00
   4.27331   0.23578   2.52251     6.127    25.870    -6.755   -104.17     30.02      1.00
   1.71500   1.46307   2.71566    42.863    21.368   -11.445   -104.16     63.14      1.00
   3.56644   2.80034   3.59197    37.166    29.557    -1.333   -104.05     56.14      1.00
   5.22015   3.00703   3.62552    26.133    44.902     4.280   -103.99     61.03      1.00
   3.03544   1.23142   0.21152    -9.280    22.073     4.368   -103.90     43.43      1.00
   1.24800   1.58791   3.60179    10.014    21.073    54.425   -103.72     62.69      1.00
   1.45464   1.81348   0.19885    15.361    21.207   -12.074   -103.37     47.49      1.00
   2.65305   2.61896   3.33134    32.828    -6.231   -14.252   -103.20     48.94      1.00
   4.88349   0.58945   2.19495    11.002    29.889     0.501   -103.05     37.74      1.00
   2.69275   1.29155   3.25124     0.996   -14.831    33.435   -102.91     38.61      1.00
   4.08200   0.64964   3.69603    13.694    29.573    10.481   -102.27     43.21      1.00
   3.28072   0.31177  -0.02275     1.411    31.009    12.936   -101.86     49.33      1.00
   0.76209   1.48020   0.82316    -0.294    33.003     5.524   -101.82     48.16      1.00
   3.76373   1.88850   3.46213     0.931    14.567    -1.689   -101.78     27.41      1.00
   1.44595   1.63840   1.11138    73.398    19.267     1.786   -101.56     88.21      1.00
   4.71970   1.59670   3.20278    57.050    11.589    23.700   -101.51     70.74      1.00
   5.39978   0.76838   6.08959   -20.704    28.114    40.251   -100.92     56.32      1.00
   5.09264   0.09924   3.15114    -8.469    13.848     9.283   -100.90     34.29      1.00
   0.71774   2.10648   3.13636    52.757    24.109    11.384   -100.66     74.27      1.00
   5.81096   0.55846   1.63199    32.371    -4.010    25.440   -100.33     48.45      1.00
   5.46988   0.74946   0.82039    32.868    33.653     8.441    -99.79     51.94      1.00
   4.78743   0.55981   2.84633    29.638   -10.262   -21.508    -99.62     43.36      1.00
   0.38847   2.36375   0.91538    17.630    30.337    21.896    -99.25     53.50      1.00
   3.66663   2.28436   2.55428   -17.479     8.432    43.132    -98.56     52.54      1.00
   0.17882  -0.13732   0.61435    19.796    35.623    11.864    -97.84     46.50      1.00
   5.20431   2.86639   1.10495    42.714    17.845    25.463    -97.45     68.71      1.00
   4.91550   1.64589   3.49374    56.970    21.448    18.685    -97.37     71.84      1.00
  -0.06538   0.21546   1.65451    33.841     7.955   -20.151    -97.10     49.94      1.00
   1.78243   2.21498   4.54994    24.402    -5.865    -1.455    -97.10     45.14      1.00
   4.31556   0.32801   5.99802    18.553    24.695   -20.617    -94.58     49.63      1.00
   4.17900   2.88998   3.62986    16.505   -11.466    14.362    -94.41     36.89      1.00
   4.72858   2.89073   5.63822    43.005   -23.065    20.474    -93.05     59.49      1.00
   1.10714   0.16792   0.48609    -6.570    19.587     7.590    -90.18     35.38      1.00
   5.68821   0.74109   0.59036   -16.361    29.923    24.640    -77.95     45.29      1.00
